#ifndef _AP_BG_H_
#define _AP_BG_H_
const unsigned char ap_bg_data[96000] = {
    0x00, 0x00, 0x00, 0x00, 0x00, 0x00, 0x00, 0x00, 0x00, 0x00, 0x00, 0x00, 0x00, 0x00, 0x00, 0x00,
    0x00, 0x00, 0x00, 0x00, 0x00, 0x00, 0x00, 0x00, 0x00, 0x00, 0x00, 0x00, 0x00, 0x00, 0x00, 0x00,
    0x00, 0x00, 0x00, 0x00, 0x00, 0x00, 0x00, 0x00, 0x00, 0x00, 0x00, 0x00, 0x00, 0x00, 0x00, 0x00,
    0x00, 0x00, 0x00, 0x00, 0x00, 0x00, 0x00, 0x00, 0x00, 0x00, 0x00, 0x00, 0x00, 0x00, 0x00, 0x00,
    0x00, 0x00, 0x00, 0x00, 0x00, 0x00, 0x00, 0x00, 0x00, 0x00, 0x00, 0x00, 0x00, 0x00, 0x00, 0x00,
    0x00, 0x00, 0x00, 0x00, 0x00, 0x00, 0x00, 0x00, 0x00, 0x00, 0x00, 0x00, 0x00, 0x00, 0x00, 0x00,
    0x00, 0x00, 0x00, 0x00, 0x00, 0x00, 0x00, 0x00, 0x00, 0x00, 0x00, 0x00, 0x00, 0x00, 0x00, 0x00,
    0x00, 0x00, 0x00, 0x00, 0x00, 0x00, 0x00, 0x00, 0x00, 0x00, 0x00, 0x00, 0x00, 0x00, 0x00, 0x00,
    0x00, 0x00, 0x00, 0x00, 0x00, 0x00, 0x00, 0x00, 0x00, 0x00, 0x00, 0x00, 0x00, 0x00, 0x00, 0x00,
    0x00, 0x00, 0x00, 0x00, 0x00, 0x00, 0x00, 0x00, 0x00, 0x00, 0x00, 0x00, 0x00, 0x00, 0x00, 0x00,
    0x00, 0x00, 0x00, 0x00, 0x00, 0x00, 0x00, 0x00, 0x00, 0x00, 0x00, 0x00, 0x00, 0x00, 0x00, 0x00,
    0x00, 0x00, 0x00, 0x00, 0x00, 0x00, 0x00, 0x00, 0x00, 0x00, 0x00, 0x00, 0x00, 0x00, 0x00, 0x00,
    0x00, 0x00, 0x00, 0x00, 0x00, 0x00, 0x00, 0x00, 0x00, 0x00, 0x00, 0x00, 0x00, 0x00, 0x00, 0x00,
    0x00, 0x00, 0x00, 0x00, 0x00, 0x00, 0x00, 0x00, 0x00, 0x00, 0x00, 0x00, 0x00, 0x00, 0x00, 0x00,
    0x00, 0x00, 0x00, 0x00, 0x00, 0x00, 0x00, 0x00, 0x00, 0x00, 0x00, 0x00, 0x00, 0x00, 0x00, 0x00,
    0x00, 0x00, 0x00, 0x00, 0x00, 0x00, 0x00, 0x00, 0x00, 0x00, 0x00, 0x00, 0x00, 0x00, 0x00, 0x00,
    0x00, 0x00, 0x00, 0x00, 0x00, 0x00, 0x00, 0x00, 0x00, 0x00, 0x00, 0x00, 0x00, 0x00, 0x00, 0x00,
    0x00, 0x00, 0x00, 0x00, 0x00, 0x00, 0x00, 0x00, 0x00, 0x00, 0x00, 0x00, 0x00, 0x00, 0x00, 0x00,
    0x00, 0x00, 0x00, 0x00, 0x00, 0x00, 0x00, 0x00, 0x00, 0x04, 0x30, 0x00, 0x00, 0x00, 0x00, 0x00,
    0x00, 0x00, 0x00, 0x00, 0x00, 0x00, 0x00, 0x00, 0x00, 0x00, 0x00, 0x00, 0x00, 0x00, 0x00, 0x00,
    0x00, 0x00, 0x00, 0x00, 0x00, 0x00, 0x00, 0x00, 0x00, 0x00, 0x00, 0x00, 0x00, 0x00, 0x00, 0x00,
    0x00, 0x00, 0x00, 0x00, 0x00, 0x00, 0x00, 0x00, 0x00, 0x00, 0x00, 0x00, 0x00, 0x00, 0x00, 0x00,
    0x00, 0x00, 0x00, 0x00, 0x00, 0x00, 0x00, 0x00, 0x01, 0x30, 0x4c, 0x13, 0x04, 0x30, 0x43, 0x01,
    0x0c, 0x04, 0x30, 0x10, 0x30, 0x10, 0x30, 0x04, 0x01, 0x00, 0x40, 0x10, 0x04, 0x00, 0x40, 0x00,
    0x00, 0x00, 0x00, 0x00, 0x00, 0x00, 0x00, 0x00, 0x00, 0x00, 0x00, 0x00, 0x00, 0x00, 0x00, 0x00,
    0x00, 0x00, 0x00, 0x00, 0x00, 0x00, 0x00, 0x00, 0x00, 0x00, 0x00, 0x00, 0x00, 0x00, 0x00, 0x01,
    0x0c, 0x03, 0x00, 0xc1, 0x00, 0x00, 0x00, 0x00, 0x00, 0x00, 0x00, 0x00, 0x00, 0x00, 0x00, 0x00,
    0x00, 0x00, 0x00, 0x00, 0x00, 0x00, 0x00, 0x00, 0x00, 0x00, 0x00, 0x00, 0x00, 0x00, 0x00, 0x00,
    0x00, 0x00, 0x00, 0x00, 0x00, 0x00, 0x00, 0x00, 0x00, 0x00, 0x00, 0x00, 0x00, 0x00, 0x00, 0x00,
    0x00, 0x00, 0x00, 0x00, 0x00, 0x00, 0x00, 0x00, 0x00, 0x00, 0x00, 0x00, 0x00, 0x00, 0x00, 0x00,
    0x00, 0x00, 0x00, 0x00, 0x00, 0x00, 0x00, 0x00, 0x00, 0x00, 0x00, 0x03, 0x00, 0x03, 0x00, 0x00,
    0xc0, 0x30, 0x03, 0x00, 0xc0, 0x30, 0x03, 0x03, 0x04, 0x30, 0x30, 0x43, 0x01, 0x0c, 0x04, 0x0c,
    0x04, 0x0c, 0x01, 0x00, 0x01, 0x00, 0x10, 0x00, 0x00, 0x00, 0x00, 0x00, 0x00, 0x00, 0x00, 0x00,
    0x00, 0x01, 0x00, 0x01, 0x00, 0x40, 0xc0, 0xc0, 0x00, 0x30, 0x00, 0x00, 0x30, 0x30, 0x10, 0x00,
    0x00, 0x00, 0x00, 0x00, 0x00, 0x00, 0x00, 0x00, 0x00, 0x00, 0x00, 0x00, 0x00, 0x00, 0x00, 0x00,
    0x00, 0x00, 0x00, 0x00, 0x00, 0x00, 0x00, 0x00, 0x00, 0x00, 0x00, 0x00, 0x00, 0x00, 0x00, 0x00,
    0x00, 0x00, 0x00, 0x00, 0x00, 0x00, 0x00, 0x00, 0x00, 0x00, 0x00, 0x00, 0x00, 0x00, 0x00, 0x00,
    0x00, 0x00, 0x00, 0x00, 0x00, 0x00, 0x00, 0x00, 0x0c, 0x00, 0x00, 0x00, 0x03, 0x00, 0x30, 0x0c,
    0x00, 0x0c, 0x00, 0x30, 0x00, 0x00, 0x00, 0x30, 0x00, 0x00, 0x30, 0x00, 0x00, 0x00, 0x00, 0x00,
    0x00, 0x00, 0x00, 0x00, 0x00, 0x00, 0x00, 0xc0, 0x00, 0xc0, 0x00, 0x0c, 0x30, 0x0c, 0x00, 0xc0,
    0xc0, 0xc0, 0xc1, 0x30, 0x30, 0x30, 0x30, 0x30, 0x30, 0x30, 0x0c, 0x00, 0x0c, 0x00, 0x00, 0x00,
    0x00, 0x00, 0x00, 0x03, 0x00, 0x00, 0x00, 0x00, 0x00, 0x00, 0x00, 0x00, 0x00, 0x00, 0x00, 0x00,
    0x00, 0x00, 0x00, 0x00, 0x00, 0x00, 0x00, 0x00, 0x00, 0x00, 0x00, 0x00, 0x00, 0x00, 0x00, 0x00,
    0x00, 0x00, 0x00, 0x00, 0x00, 0x00, 0x00, 0x00, 0x00, 0x00, 0x00, 0x00, 0x00, 0x00, 0x00, 0x00,
    0x00, 0x00, 0x00, 0x00, 0x00, 0x00, 0x00, 0x00, 0x00, 0x00, 0x00, 0x00, 0x00, 0x00, 0x00, 0x00,
    0x00, 0x03, 0x03, 0x00, 0xc0, 0x00, 0x00, 0x00, 0x03, 0x00, 0x03, 0x00, 0x00, 0xc0, 0x00, 0x00,
    0x00, 0x00, 0x00, 0x00, 0x00, 0x00, 0x30, 0x00, 0x00, 0x00, 0x00, 0x00, 0x00, 0xc0, 0x00, 0x00,
    0x00, 0x00, 0x03, 0x00, 0x00, 0x00, 0x00, 0x00, 0x00, 0x00, 0x00, 0x00, 0x00, 0x00, 0x00, 0x00,
    0x00, 0x00, 0x00, 0x0c, 0x00, 0x00, 0x00, 0x00, 0xc0, 0x00, 0x30, 0xc0, 0x00, 0x00, 0x00, 0x00,
    0x00, 0x00, 0x00, 0x00, 0x00, 0x00, 0x00, 0x00, 0x00, 0x00, 0x00, 0x00, 0x00, 0x00, 0x00, 0x00,
    0x00, 0x00, 0x00, 0x00, 0x00, 0x00, 0x00, 0x00, 0x00, 0x00, 0x00, 0x00, 0x00, 0x00, 0x00, 0x00,
    0x00, 0x00, 0x00, 0x00, 0x00, 0x00, 0x00, 0x00, 0x00, 0x00, 0x00, 0x00, 0x00, 0x00, 0x00, 0x00,
    0x00, 0x00, 0x00, 0x00, 0x00, 0x00, 0x00, 0x00, 0x00, 0x00, 0x00, 0x0c, 0x00, 0x03, 0x00, 0x00,
    0x30, 0x00, 0x00, 0x00, 0x00, 0x00, 0x00, 0x00, 0x03, 0x00, 0x00, 0x00, 0x0c, 0x03, 0x00, 0x00,
    0x0c, 0x00, 0x00, 0x30, 0x0c, 0x00, 0x0c, 0x00, 0x00, 0x00, 0x00, 0x00, 0x00, 0x00, 0x00, 0x00,
    0x00, 0x00, 0x00, 0x00, 0x00, 0x00, 0x00, 0x00, 0x00, 0x00, 0x00, 0x00, 0x00, 0x0c, 0x00, 0x00,
    0x00, 0xc0, 0x00, 0x00, 0x00, 0x00, 0xc0, 0xc0, 0x00, 0x00, 0x00, 0x00, 0x00, 0x00, 0x00, 0x00,
    0x00, 0x00, 0x00, 0x00, 0x00, 0x00, 0x00, 0x00, 0x00, 0x00, 0x00, 0x00, 0x00, 0x00, 0x00, 0x00,
    0x00, 0x00, 0x00, 0x00, 0x00, 0x00, 0x00, 0x00, 0x00, 0x00, 0x00, 0x00, 0x00, 0x00, 0x00, 0x00,
    0x00, 0x00, 0x00, 0x00, 0x00, 0x00, 0x00, 0x00, 0x00, 0x00, 0x00, 0x00, 0x00, 0x00, 0x00, 0x00,
    0x00, 0xc0, 0x00, 0x00, 0x00, 0x00, 0x00, 0xc0, 0x00, 0x00, 0x30, 0x00, 0x00, 0x00, 0x30, 0x00,
    0xc0, 0x03, 0x00, 0x0c, 0x00, 0x00, 0x00, 0x0c, 0x00, 0x0c, 0x0c, 0x00, 0x00, 0x00, 0x00, 0x00,
    0x30, 0x00, 0x00, 0x00, 0x00, 0x00, 0x0c, 0x00, 0x00, 0x00, 0x00, 0x00, 0x00, 0x00, 0x00, 0x00,
    0x00, 0x00, 0x00, 0x00, 0x00, 0x00, 0x03, 0x00, 0x00, 0x03, 0x00, 0x00, 0x00, 0x30, 0x00, 0x00,
    0x00, 0x00, 0x00, 0x00, 0x00, 0x00, 0x00, 0x00, 0x00, 0x00, 0x00, 0x00, 0x00, 0x00, 0x00, 0x00,
    0x00, 0x00, 0x00, 0x00, 0x00, 0x00, 0x00, 0x00, 0x00, 0x00, 0x00, 0x00, 0x00, 0x00, 0x00, 0x00,
    0x00, 0x00, 0x00, 0x00, 0x00, 0x00, 0x00, 0x00, 0x00, 0x00, 0x00, 0x00, 0x00, 0x00, 0x00, 0x00,
    0x00, 0x00, 0x00, 0x00, 0x00, 0x00, 0x00, 0x00, 0x00, 0x00, 0xc0, 0x00, 0x00, 0xc0, 0x00, 0x00,
    0x00, 0x03, 0x00, 0x00, 0x30, 0x03, 0x00, 0x30, 0x00, 0x00, 0x00, 0xc0, 0x00, 0x00, 0x00, 0x00,
    0x00, 0x00, 0x00, 0x00, 0x00, 0x00, 0x00, 0x00, 0x00, 0x00, 0xc0, 0x00, 0x00, 0x30, 0x00, 0x00,
    0x30, 0x00, 0x03, 0x00, 0x03, 0x00, 0x04, 0x01, 0x00, 0x00, 0xc0, 0x00, 0x00, 0x00, 0x00, 0x03,
    0x00, 0x00, 0x0c, 0x00, 0x30, 0x00, 0x00, 0x00, 0x00, 0x00, 0x00, 0x00, 0x00, 0x00, 0x00, 0x00,
    0x00, 0x00, 0x00, 0x00, 0x00, 0x00, 0x00, 0x00, 0x00, 0x00, 0x00, 0x00, 0x00, 0x00, 0x00, 0x00,
    0x00, 0x00, 0x00, 0x00, 0x00, 0x00, 0x00, 0x00, 0x00, 0x00, 0x00, 0x00, 0x00, 0x00, 0x00, 0x00,
    0x00, 0x00, 0x00, 0x00, 0x00, 0x00, 0x00, 0x00, 0x00, 0x00, 0x00, 0x00, 0x00, 0x00, 0x00, 0x00,
    0x00, 0x00, 0x03, 0x00, 0x0c, 0x00, 0x0c, 0x00, 0xc0, 0x00, 0x00, 0x03, 0x00, 0x30, 0x00, 0x00,
    0x00, 0x00, 0x00, 0x00, 0x00, 0x30, 0x00, 0x00, 0x00, 0x00, 0x00, 0x00, 0x00, 0x00, 0xc0, 0x00,
    0x00, 0x0c, 0x00, 0x00, 0x30, 0x00, 0x00, 0x03, 0x00, 0x0c, 0x00, 0x00, 0xc0, 0x01, 0x00, 0x30,
    0x0c, 0x0c, 0x00, 0xc0, 0x30, 0x30, 0x00, 0x00, 0x03, 0x00, 0x00, 0x0c, 0x00, 0x00, 0x00, 0x00,
    0x03, 0x00, 0x00, 0x00, 0x00, 0x00, 0x00, 0x00, 0x00, 0x00, 0x00, 0x00, 0x00, 0x00, 0x00, 0x00,
    0x00, 0x00, 0x00, 0x00, 0x00, 0x00, 0x00, 0x00, 0x00, 0x00, 0x00, 0x00, 0x00, 0x00, 0x00, 0x00,
    0x00, 0x00, 0x00, 0x00, 0x00, 0x00, 0x00, 0x00, 0x00, 0x00, 0x00, 0x00, 0x00, 0x00, 0x00, 0x00,
    0x00, 0x00, 0x00, 0x00, 0x00, 0x00, 0x00, 0x00, 0x0c, 0x0c, 0x00, 0x03, 0x00, 0x00, 0xc0, 0x00,
    0x00, 0x30, 0x00, 0x30, 0x00, 0x00, 0x00, 0x00, 0x00, 0x30, 0x00, 0x00, 0x0c, 0x00, 0x03, 0x00,
    0x0c, 0x00, 0x00, 0x00, 0xc0, 0x0c, 0x00, 0x0c, 0x00, 0xc0, 0x00, 0x30, 0x00, 0x00, 0x00, 0x00,
    0x00, 0x00, 0x00, 0x00, 0x00, 0x00, 0x03, 0x00, 0x00, 0x00, 0x00, 0x00, 0x00, 0x00, 0x30, 0x00,
    0x00, 0x0c, 0x00, 0xc0, 0x00, 0x00, 0x00, 0x00, 0x00, 0x00, 0x00, 0x00, 0x00, 0x00, 0x00, 0x00,
    0x00, 0x00, 0x00, 0x00, 0x00, 0x00, 0x00, 0x00, 0x00, 0x00, 0x00, 0x00, 0x00, 0x00, 0x00, 0x00,
    0x00, 0x00, 0x00, 0x00, 0x00, 0x00, 0x00, 0x00, 0x00, 0x00, 0x00, 0x00, 0x00, 0x00, 0x00, 0x00,
    0x00, 0x00, 0x00, 0x00, 0x00, 0x00, 0x00, 0x00, 0x00, 0x00, 0x00, 0x00, 0x00, 0x00, 0x00, 0x00,
    0x00, 0x00, 0x00, 0x00, 0x00, 0x00, 0x00, 0x00, 0x00, 0x00, 0x00, 0x00, 0x00, 0x00, 0x00, 0x00,
    0x0c, 0x00, 0x30, 0x00, 0x00, 0x00, 0x00, 0x00, 0xc0, 0x03, 0x00, 0x30, 0x00, 0x00, 0x00, 0x00,
    0x00, 0x00, 0x00, 0x00, 0x00, 0x00, 0x30, 0x30, 0x00, 0x00, 0x00, 0x00, 0x00, 0x00, 0x30, 0x00,
    0x00, 0x00, 0x00, 0x00, 0x00, 0x00, 0x00, 0x0c, 0x00, 0x00, 0x30, 0x00, 0x00, 0x03, 0x00, 0x00,
    0x00, 0x00, 0x00, 0x00, 0x00, 0x00, 0x00, 0x00, 0x00, 0x00, 0x00, 0x00, 0x00, 0x00, 0x00, 0x00,
    0x00, 0x00, 0x00, 0x00, 0x00, 0x00, 0x00, 0x00, 0x00, 0x00, 0x00, 0x00, 0x00, 0x00, 0x00, 0x00,
    0x00, 0x00, 0x00, 0x00, 0x00, 0x00, 0x00, 0x00, 0x00, 0x00, 0x00, 0x00, 0x00, 0x00, 0x00, 0x00,
    0x00, 0x00, 0x00, 0x00, 0x00, 0x00, 0x00, 0x00, 0x00, 0x00, 0x00, 0x30, 0x00, 0x00, 0x00, 0x0c,
    0x03, 0x00, 0x03, 0x00, 0x00, 0x00, 0x04, 0xc0, 0xc0, 0x00, 0x00, 0x0c, 0x00, 0x00, 0x30, 0x00,
    0x00, 0x00, 0x03, 0x00, 0x00, 0x00, 0x00, 0x00, 0x00, 0x00, 0x00, 0x00, 0x00, 0x03, 0x00, 0x00,
    0x00, 0x00, 0x30, 0x0c, 0x00, 0x03, 0x00, 0x00, 0x00, 0x00, 0x00, 0x00, 0x00, 0x00, 0x00, 0x00,
    0x0c, 0x00, 0x00, 0x00, 0x03, 0x00, 0x00, 0x00, 0xc0, 0x00, 0x00, 0x00, 0x00, 0x00, 0x00, 0x00,
    0x00, 0x00, 0x00, 0x00, 0x00, 0x00, 0x00, 0x00, 0x00, 0x00, 0x00, 0x00, 0x00, 0x00, 0x00, 0x00,
    0x00, 0x00, 0x00, 0x00, 0x00, 0x00, 0x00, 0x00, 0x00, 0x00, 0x00, 0x00, 0x00, 0x00, 0x00, 0x00,
    0x00, 0x00, 0x00, 0x00, 0x04, 0x0c, 0x00, 0x20, 0x30, 0x00, 0x00, 0x00, 0x00, 0x00, 0x00, 0x00,
    0x00, 0xc0, 0x30, 0x00, 0x00, 0xc0, 0x00, 0xc0, 0x00, 0x00, 0x30, 0x00, 0x03, 0x01, 0x00, 0x00,
    0x00, 0x00, 0x00, 0x00, 0x00, 0x03, 0x00, 0x00, 0x00, 0x00, 0x00, 0x00, 0x00, 0xc0, 0x00, 0xc0,
    0x30, 0x00, 0x00, 0x00, 0x00, 0xc0, 0x00, 0x00, 0x00, 0x30, 0x00, 0x00, 0x00, 0x30, 0x00, 0x00,
    0x00, 0x00, 0x00, 0x0c, 0x0c, 0x00, 0x00, 0x00, 0x00, 0x0c, 0x00, 0x00, 0xc0, 0x00, 0x00, 0xc0,
    0x00, 0x00, 0x00, 0x00, 0x00, 0x00, 0x00, 0x00, 0x00, 0x00, 0x00, 0x00, 0x00, 0x00, 0x00, 0x00,
    0x00, 0x00, 0x00, 0x00, 0x00, 0x00, 0x00, 0x00, 0x00, 0x00, 0x00, 0x00, 0x00, 0x00, 0x00, 0x00,
    0x00, 0x00, 0x00, 0x00, 0x00, 0x00, 0x00, 0x00, 0x00, 0x00, 0x00, 0x00, 0x40, 0x00, 0x00, 0x00,
    0x00, 0x03, 0x00, 0x00, 0x00, 0x00, 0x00, 0x00, 0x00, 0x00, 0x00, 0x00, 0x30, 0x03, 0x00, 0x00,
    0x00, 0x00, 0x00, 0x00, 0x30, 0x00, 0x30, 0x00, 0x00, 0x00, 0x00, 0xc0, 0x0c, 0x00, 0x00, 0x0c,
    0x00, 0x30, 0x00, 0x00, 0x00, 0x00, 0x0c, 0x00, 0x00, 0x00, 0x0c, 0x0c, 0x0c, 0x00, 0x00, 0x00,
    0x00, 0x00, 0x00, 0x00, 0x00, 0x00, 0x00, 0x00, 0x30, 0x30, 0x0c, 0x00, 0x00, 0x0c, 0x0c, 0x00,
    0xc0, 0x00, 0x30, 0xc0, 0x00, 0x00, 0x0c, 0x00, 0x00, 0x00, 0x00, 0x00, 0x00, 0x00, 0x00, 0x00,
    0x00, 0x00, 0x00, 0x00, 0x00, 0x00, 0x00, 0x00, 0x00, 0x00, 0x00, 0x00, 0x00, 0x00, 0x00, 0x00,
    0x00, 0x00, 0x00, 0x00, 0x00, 0x00, 0x00, 0x00, 0x00, 0x00, 0x00, 0x00, 0x00, 0x00, 0x00, 0x00,
    0x00, 0x00, 0x00, 0x00, 0x00, 0x00, 0x00, 0x00, 0x00, 0x00, 0x00, 0x30, 0x00, 0x00, 0x00, 0x00,
    0x04, 0x03, 0x00, 0x03, 0x00, 0x00, 0x00, 0x00, 0x30, 0x0c, 0x00, 0x00, 0x00, 0x03, 0x00, 0x00,
    0x00, 0x0c, 0x0c, 0x00, 0x00, 0x00, 0x00, 0x00, 0x00, 0x00, 0x00, 0x00, 0x0c, 0x00, 0x00, 0x00,
    0x00, 0x03, 0x00, 0x00, 0x00, 0x00, 0x00, 0x00, 0x0c, 0x00, 0x00, 0x00, 0x03, 0x00, 0x00, 0x00,
    0x00, 0x00, 0x00, 0x00, 0x00, 0x00, 0x00, 0x0c, 0x00, 0x00, 0x00, 0x00, 0x00, 0x00, 0xc0, 0x00,
    0x00, 0x00, 0x00, 0x00, 0x00, 0x00, 0x00, 0x00, 0x00, 0x00, 0x00, 0x00, 0x00, 0x00, 0x00, 0x00,
    0x00, 0x00, 0x00, 0x00, 0x00, 0x00, 0x00, 0x00, 0x00, 0x00, 0x00, 0x00, 0x00, 0x00, 0x00, 0x00,
    0x00, 0x00, 0x00, 0x00, 0x00, 0x00, 0x00, 0x00, 0x00, 0x00, 0x00, 0x00, 0x00, 0x00, 0x00, 0x00,
    0x00, 0x00, 0x00, 0x00, 0x00, 0x00, 0x00, 0x00, 0x00, 0x00, 0x00, 0xc0, 0x00, 0x00, 0x0c, 0x00,
    0x00, 0x00, 0x00, 0x0c, 0x00, 0x00, 0x00, 0x30, 0x30, 0x00, 0x00, 0x00, 0x00, 0x00, 0x00, 0x00,
    0x0c, 0x00, 0x0c, 0x00, 0xc0, 0x00, 0x00, 0x00, 0x00, 0x30, 0x00, 0x00, 0x00, 0x00, 0x00, 0x00,
    0xc0, 0x00, 0x00, 0x30, 0x00, 0x00, 0x00, 0x03, 0x00, 0x00, 0x00, 0x00, 0x00, 0x00, 0x00, 0x00,
    0x00, 0xc3, 0x00, 0x00, 0x00, 0x0c, 0x00, 0x00, 0x00, 0x00, 0x00, 0x00, 0x00, 0x00, 0x00, 0x00,
    0x00, 0x00, 0x00, 0x00, 0x00, 0x00, 0x00, 0x00, 0x00, 0x00, 0x00, 0x00, 0x00, 0x00, 0x00, 0x00,
    0x00, 0x00, 0x00, 0x00, 0x00, 0x00, 0x00, 0x00, 0x00, 0x00, 0x00, 0x00, 0x00, 0x00, 0x00, 0x00,
    0x00, 0x00, 0x00, 0x0c, 0x00, 0x00, 0x00, 0x00, 0x00, 0x00, 0x00, 0x00, 0x00, 0x00, 0x00, 0x00,
    0x03, 0x00, 0x00, 0x00, 0x00, 0x00, 0x00, 0x04, 0x00, 0x00, 0x00, 0xc0, 0x00, 0x00, 0x00, 0x00,
    0x00, 0x00, 0x00, 0x00, 0x00, 0xc0, 0x0c, 0x00, 0x00, 0x00, 0x00, 0x00, 0x00, 0x00, 0xc0, 0x00,
    0x30, 0x00, 0x00, 0x00, 0x00, 0x00, 0x00, 0xc0, 0x00, 0x00, 0x0c, 0x00, 0x00, 0x00, 0x00, 0x30,
    0x00, 0x00, 0x00, 0x00, 0x00, 0x00, 0x00, 0x00, 0x00, 0x00, 0x03, 0x03, 0x00, 0xc0, 0x00, 0x00,
    0x00, 0x00, 0x03, 0x00, 0x00, 0x00, 0x00, 0x00, 0x00, 0x00, 0x00, 0x00, 0x00, 0x00, 0x00, 0x00,
    0x00, 0x00, 0x00, 0x00, 0x00, 0x0c, 0x00, 0x00, 0x00, 0x00, 0x00, 0x00, 0x00, 0x00, 0x00, 0x00,
    0x00, 0x00, 0x00, 0x00, 0x00, 0x00, 0x00, 0x00, 0x00, 0x00, 0x00, 0x00, 0x00, 0x00, 0x00, 0x00,
    0x00, 0x00, 0x00, 0x00, 0x00, 0x00, 0x00, 0x00, 0x00, 0x00, 0x30, 0x00, 0x00, 0xc3, 0x00, 0x00,
    0x0c, 0x00, 0xc0, 0x00, 0x01, 0x30, 0x00, 0x00, 0x00, 0x30, 0x00, 0x03, 0x00, 0x00, 0xc0, 0x03,
    0x00, 0x00, 0xc0, 0x00, 0x00, 0x00, 0x00, 0x03, 0x00, 0x00, 0x00, 0x00, 0x00, 0x00, 0x0c, 0x00,
    0x00, 0x00, 0xc0, 0x00, 0x00, 0x00, 0x03, 0x00, 0x00, 0x00, 0xc0, 0x30, 0x30, 0x30, 0x30, 0x00,
    0x0c, 0x00, 0x30, 0x00, 0x00, 0x00, 0x00, 0x00, 0x00, 0x00, 0x00, 0x00, 0x00, 0x00, 0x00, 0x00,
    0x00, 0x00, 0x00, 0x00, 0x00, 0x00, 0x00, 0x00, 0x00, 0x00, 0x00, 0x00, 0x00, 0xc0, 0x00, 0x00,
    0x00, 0x00, 0x00, 0x00, 0x00, 0x00, 0x00, 0x00, 0x00, 0x00, 0x00, 0x00, 0x00, 0x00, 0x00, 0x03,
    0x00, 0xc0, 0x00, 0x00, 0x00, 0x00, 0x00, 0x30, 0x00, 0x00, 0x00, 0x00, 0x00, 0x00, 0x00, 0x00,
    0x00, 0x0c, 0x00, 0x00, 0x30, 0x00, 0x00, 0xc0, 0xc0, 0x0c, 0x00, 0x00, 0x00, 0x00, 0x0c, 0x00,
    0x03, 0x00, 0x30, 0x00, 0x00, 0x00, 0x00, 0x00, 0x00, 0x0c, 0x00, 0x0c, 0x00, 0x00, 0x00, 0x30,
    0x00, 0x00, 0x00, 0x30, 0x30, 0x03, 0x00, 0x00, 0x00, 0x00, 0x00, 0x00, 0x30, 0x00, 0x30, 0x00,
    0x00, 0x0c, 0x00, 0x00, 0x00, 0x00, 0x00, 0x30, 0x00, 0x03, 0x00, 0x00, 0x00, 0x00, 0x00, 0x00,
    0x00, 0x00, 0x00, 0x00, 0x00, 0x00, 0x00, 0x00, 0x00, 0x00, 0x00, 0x00, 0x00, 0x00, 0x00, 0x00,
    0x00, 0x00, 0x00, 0x00, 0x00, 0x00, 0x00, 0x00, 0x00, 0x00, 0x00, 0x00, 0x00, 0x00, 0x00, 0x00,
    0x00, 0x00, 0x00, 0x00, 0x00, 0x00, 0x00, 0x30, 0x00, 0x00, 0x00, 0x00, 0x00, 0x30, 0x00, 0x00,
    0x00, 0x00, 0x00, 0x00, 0x00, 0x00, 0x00, 0x00, 0x00, 0xc0, 0x00, 0x30, 0x00, 0x00, 0x00, 0x00,
    0x00, 0x00, 0x00, 0x00, 0x4c, 0x00, 0x00, 0x0c, 0x00, 0x00, 0x00, 0x00, 0x03, 0x00, 0x00, 0x00,
    0x00, 0x00, 0x00, 0x00, 0x00, 0x30, 0x00, 0x00, 0x00, 0x00, 0x03, 0x00, 0x00, 0x30, 0x00, 0x00,
    0x00, 0x0c, 0x00, 0x00, 0x00, 0x03, 0x00, 0x00, 0x00, 0xc0, 0x00, 0x00, 0x00, 0x00, 0x00, 0x00,
    0x00, 0x30, 0x00, 0x00, 0x30, 0x00, 0x00, 0x00, 0x00, 0x00, 0xc0, 0x00, 0x00, 0x0c, 0x00, 0x00,
    0x00, 0x00, 0x00, 0x00, 0x00, 0x00, 0x00, 0x00, 0x00, 0x00, 0x00, 0x00, 0x00, 0x00, 0x00, 0x0c,
    0x00, 0x00, 0x00, 0x00, 0x00, 0x00, 0x00, 0x00, 0x00, 0x00, 0x00, 0x00, 0x00, 0x00, 0x00, 0x00,
    0x00, 0x00, 0x00, 0x00, 0x00, 0x00, 0x00, 0x00, 0x00, 0x00, 0x00, 0x00, 0x00, 0x00, 0x00, 0x00,
    0x0c, 0x00, 0x03, 0x00, 0x00, 0x00, 0x10, 0x00, 0x00, 0x00, 0x00, 0xc0, 0x00, 0x00, 0xc0, 0x00,
    0x00, 0x00, 0x00, 0x30, 0x00, 0x00, 0x00, 0x30, 0x03, 0x00, 0x00, 0x00, 0x03, 0x00, 0x0c, 0x00,
    0x00, 0x03, 0x00, 0x00, 0x00, 0x00, 0x00, 0x00, 0x00, 0xc0, 0x00, 0x00, 0x00, 0x00, 0x00, 0x00,
    0x00, 0x00, 0x00, 0x00, 0x00, 0x00, 0x00, 0x00, 0xc0, 0x00, 0x00, 0xc3, 0x00, 0x00, 0x00, 0x00,
    0x00, 0x0c, 0x00, 0x00, 0x00, 0x00, 0x00, 0x00, 0x00, 0x00, 0x00, 0x00, 0x00, 0x00, 0x00, 0x00,
    0x00, 0x00, 0x00, 0x00, 0x00, 0x00, 0x00, 0x00, 0x00, 0x00, 0x00, 0x00, 0x00, 0x00, 0x00, 0x00,
    0x00, 0x00, 0x00, 0x00, 0x00, 0x00, 0x00, 0x00, 0x00, 0x00, 0x00, 0xc0, 0x00, 0x00, 0x00, 0x00,
    0x00, 0x00, 0x00, 0x00, 0x00, 0x00, 0x0c, 0x00, 0x00, 0x00, 0x00, 0x00, 0x00, 0x43, 0x00, 0x0c,
    0x00, 0xc0, 0x04, 0x00, 0x00, 0x00, 0x00, 0x00, 0x0c, 0x00, 0x00, 0x00, 0x00, 0x00, 0xc0, 0x00,
    0x00, 0x00, 0x00, 0x00, 0x00, 0x00, 0x00, 0x00, 0x00, 0x30, 0x00, 0x00, 0x00, 0x00, 0x00, 0x00,
    0xc0, 0x00, 0x00, 0x00, 0x00, 0x30, 0x00, 0x00, 0x00, 0x00, 0x00, 0x00, 0x0c, 0x00, 0xc0, 0x00,
    0x00, 0x00, 0x30, 0x00, 0x00, 0x0c, 0x00, 0x00, 0x00, 0xc0, 0x00, 0x00, 0x00, 0x00, 0x00, 0x0c,
    0x00, 0x00, 0x00, 0x00, 0x00, 0x00, 0x00, 0x00, 0x00, 0x00, 0x00, 0x00, 0x00, 0x00, 0x00, 0x00,
    0x00, 0x00, 0x00, 0x00, 0x00, 0x00, 0x00, 0x00, 0x00, 0x00, 0x0c, 0x00, 0x00, 0x00, 0x0c, 0x00,
    0x00, 0x00, 0x00, 0x00, 0x00, 0x00, 0x00, 0x00, 0x00, 0x30, 0x00, 0x00, 0x00, 0x00, 0x00, 0x00,
    0x00, 0x00, 0x30, 0x00, 0xc0, 0x00, 0x03, 0x00, 0x00, 0x00, 0x00, 0x00, 0xc0, 0x30, 0x00, 0x00,
    0xc0, 0x00, 0xc0, 0x00, 0x30, 0x0c, 0x00, 0x00, 0x00, 0x00, 0x03, 0x03, 0x00, 0x00, 0x00, 0x00,
    0x03, 0x00, 0x00, 0x00, 0x00, 0x00, 0x00, 0x00, 0x00, 0x00, 0x00, 0x0c, 0x00, 0x00, 0x00, 0x00,
    0x30, 0x00, 0x00, 0xc0, 0xc0, 0x0c, 0x00, 0xc0, 0x03, 0x03, 0x00, 0x00, 0x00, 0x00, 0x0c, 0x00,
    0x0c, 0x00, 0x00, 0x00, 0x00, 0x00, 0x00, 0x00, 0x00, 0x00, 0x00, 0x00, 0x00, 0x00, 0x00, 0x00,
    0x00, 0x00, 0x00, 0x00, 0x0c, 0x00, 0x00, 0x00, 0x00, 0x00, 0x00, 0x00, 0x00, 0x00, 0x00, 0x00,
    0x00, 0x00, 0xc0, 0x00, 0x30, 0x00, 0x00, 0x00, 0x00, 0x00, 0x00, 0x00, 0x00, 0x00, 0x00, 0x00,
    0x00, 0x00, 0x03, 0x00, 0x00, 0x00, 0x00, 0x00, 0x00, 0x03, 0x00, 0x00, 0x00, 0xc0, 0x00, 0x00,
    0x0c, 0x00, 0xc0, 0x00, 0x00, 0x00, 0x00, 0xc0, 0x00, 0x00, 0x00, 0x00, 0x00, 0x00, 0x00, 0x00,
    0xc0, 0x00, 0x30, 0x00, 0x00, 0x00, 0x00, 0x00, 0x30, 0x00, 0x00, 0x00, 0x30, 0x00, 0x00, 0x30,
    0x00, 0x00, 0x00, 0xc0, 0x0c, 0x00, 0x00, 0x00, 0x00, 0x00, 0x00, 0x00, 0x00, 0x00, 0x00, 0x00,
    0x00, 0x00, 0x00, 0x00, 0x00, 0x00, 0x00, 0x00, 0xc0, 0x00, 0x00, 0x00, 0x00, 0x00, 0x00, 0x00,
    0x00, 0x00, 0x00, 0x00, 0x00, 0x00, 0x00, 0x00, 0x00, 0x00, 0x00, 0x00, 0x00, 0x00, 0x00, 0x00,
    0x00, 0x00, 0x00, 0x00, 0x30, 0x03, 0x00, 0x00, 0x00, 0x00, 0x00, 0x00, 0x00, 0x00, 0x00, 0x00,
    0x00, 0x00, 0x00, 0x00, 0x00, 0x00, 0x00, 0xc0, 0x00, 0x00, 0x00, 0x00, 0x00, 0x00, 0x00, 0x00,
    0x00, 0x40, 0x00, 0x00, 0x00, 0x00, 0x00, 0x00, 0x00, 0x00, 0x00, 0xc0, 0x00, 0x00, 0x0c, 0x00,
    0x00, 0x0c, 0x00, 0xc0, 0x00, 0x00, 0x00, 0xc0, 0x00, 0x0c, 0x00, 0x00, 0x00, 0x03, 0x00, 0x30,
    0x00, 0x00, 0x00, 0x0c, 0x00, 0x00, 0x0c, 0x00, 0x00, 0x00, 0x00, 0x00, 0x00, 0x00, 0x00, 0x0c,
    0x00, 0x00, 0x30, 0x00, 0x00, 0x00, 0x00, 0x00, 0xc0, 0x00, 0x00, 0xc0, 0x0c, 0x00, 0x00, 0x00,
    0x00, 0x00, 0x00, 0x00, 0x00, 0x00, 0x00, 0x00, 0x00, 0x00, 0x00, 0x00, 0x00, 0x00, 0x00, 0x00,
    0x00, 0x00, 0x00, 0x00, 0x00, 0x00, 0x00, 0x00, 0x00, 0x00, 0x00, 0x03, 0x00, 0x00, 0x00, 0x00,
    0x00, 0x00, 0x00, 0x00, 0x00, 0x00, 0x00, 0x00, 0x00, 0x00, 0x00, 0x00, 0x03, 0x00, 0x00, 0x00,
    0x00, 0x00, 0x00, 0x00, 0x00, 0x00, 0x00, 0x00, 0x00, 0x00, 0x00, 0x30, 0x0c, 0x00, 0xc0, 0x03,
    0x00, 0x00, 0x00, 0x00, 0x0c, 0x00, 0xc0, 0x00, 0x00, 0x00, 0x00, 0x00, 0xc0, 0x00, 0x00, 0x00,
    0x00, 0xc0, 0x00, 0x00, 0x03, 0x00, 0x03, 0x00, 0x00, 0x00, 0x03, 0x00, 0x00, 0x0c, 0x00, 0x00,
    0x00, 0x00, 0x30, 0x00, 0x00, 0x00, 0x00, 0xc0, 0x00, 0x0c, 0x00, 0x00, 0x00, 0x00, 0x00, 0x00,
    0x00, 0xc3, 0x0c, 0x00, 0xc0, 0x0c, 0x00, 0x00, 0x00, 0x00, 0x00, 0x00, 0x00, 0x00, 0x00, 0x00,
    0x00, 0x00, 0x00, 0x00, 0x00, 0x00, 0x00, 0x00, 0x00, 0x00, 0x00, 0x00, 0x00, 0x00, 0x00, 0x00,
    0x00, 0x00, 0x00, 0x00, 0x00, 0x00, 0x00, 0x00, 0x00, 0x30, 0x00, 0x00, 0x00, 0x00, 0x00, 0x00,
    0x00, 0x00, 0x00, 0x00, 0x00, 0x00, 0x00, 0x00, 0x00, 0x00, 0x00, 0x00, 0x00, 0x00, 0x00, 0x00,
    0x0c, 0x30, 0x00, 0x00, 0x00, 0x00, 0x00, 0xc0, 0x00, 0x30, 0x00, 0x00, 0xc0, 0x0c, 0x00, 0x00,
    0x03, 0x00, 0x00, 0x00, 0x00, 0xc0, 0x0c, 0x00, 0x00, 0x00, 0x00, 0x00, 0x30, 0x00, 0x00, 0x00,
    0x00, 0x00, 0x00, 0x00, 0x00, 0x00, 0x00, 0x00, 0x03, 0x03, 0x00, 0x00, 0x00, 0x00, 0x30, 0x00,
    0x00, 0x00, 0x00, 0x00, 0x00, 0x00, 0x00, 0xc0, 0x00, 0x00, 0x00, 0x00, 0x00, 0x00, 0x00, 0x00,
    0x00, 0x00, 0x00, 0x00, 0x00, 0x00, 0x00, 0x00, 0x00, 0x00, 0x0c, 0x00, 0xc0, 0x00, 0x00, 0x00,
    0x00, 0x00, 0x00, 0x00, 0x00, 0x00, 0x00, 0x00, 0x00, 0x00, 0x00, 0x00, 0x00, 0x00, 0x00, 0x00,
    0x00, 0x00, 0x00, 0x00, 0x00, 0x00, 0x00, 0x00, 0x00, 0x00, 0x00, 0x00, 0x00, 0x00, 0x00, 0x00,
    0x03, 0x00, 0x00, 0x00, 0x00, 0x00, 0xc0, 0x00, 0x00, 0x00, 0x0c, 0x00, 0xc0, 0x0c, 0x00, 0x00,
    0x00, 0x00, 0x30, 0x0c, 0x00, 0x00, 0x00, 0x03, 0x00, 0x00, 0x0c, 0x00, 0x00, 0x00, 0xc0, 0x00,
    0x00, 0x00, 0x00, 0x0c, 0x00, 0x00, 0x00, 0x00, 0x00, 0x00, 0xc0, 0x00, 0x00, 0x00, 0x00, 0x00,
    0x00, 0x00, 0x00, 0x00, 0x00, 0x03, 0x00, 0x00, 0x00, 0x00, 0x00, 0x03, 0x00, 0xc0, 0xc0, 0x00,
    0x0c, 0x00, 0x00, 0x00, 0x00, 0x00, 0x00, 0x00, 0x00, 0x00, 0x00, 0x00, 0x00, 0x30, 0x00, 0x00,
    0x00, 0x00, 0x00, 0x00, 0x00, 0x00, 0x00, 0x00, 0x00, 0x00, 0x00, 0x00, 0xc0, 0x00, 0x00, 0x00,
    0x00, 0x00, 0x00, 0x00, 0x00, 0x00, 0x00, 0x00, 0x00, 0x00, 0x00, 0x00, 0x00, 0x00, 0x00, 0x00,
    0x00, 0x00, 0x00, 0x00, 0x00, 0x00, 0x00, 0x00, 0x00, 0x00, 0x00, 0x00, 0x00, 0x00, 0x00, 0x00,
    0x00, 0x00, 0xc0, 0x00, 0x00, 0x00, 0x00, 0x00, 0x0c, 0x00, 0x00, 0x00, 0x00, 0x00, 0x00, 0x00,
    0x00, 0x00, 0x00, 0x00, 0x00, 0x00, 0x00, 0x00, 0xc0, 0x00, 0x00, 0xc0, 0x00, 0x00, 0x00, 0x00,
    0x00, 0x30, 0x00, 0x00, 0x00, 0xc0, 0x00, 0x00, 0xc0, 0x00, 0x00, 0x00, 0x0c, 0x00, 0x00, 0x00,
    0x03, 0x00, 0x00, 0x30, 0x00, 0x00, 0x00, 0x00, 0xc0, 0x0c, 0x0c, 0x00, 0x00, 0x00, 0x03, 0x00,
    0x00, 0x00, 0x00, 0x00, 0x00, 0x00, 0x00, 0x00, 0x00, 0x00, 0x00, 0x00, 0x00, 0x00, 0x00, 0x00,
    0x00, 0x00, 0x00, 0x00, 0x00, 0x00, 0x00, 0x00, 0x00, 0x00, 0x00, 0xc0, 0x00, 0x00, 0x00, 0x00,
    0x00, 0x00, 0x00, 0x00, 0x00, 0x00, 0x00, 0x00, 0x00, 0x00, 0x00, 0x08, 0x00, 0x00, 0x00, 0x00,
    0x00, 0x00, 0x00, 0x00, 0x00, 0x00, 0x00, 0x00, 0x00, 0x00, 0x00, 0x0c, 0x00, 0x00, 0x0c, 0x00,
    0xc0, 0x00, 0x00, 0x00, 0x00, 0x00, 0x00, 0x30, 0x00, 0x03, 0x00, 0x0c, 0x0c, 0x00, 0x00, 0x00,
    0x00, 0x00, 0x0c, 0x00, 0x00, 0x00, 0xc0, 0x00, 0xc0, 0x00, 0x00, 0x00, 0x0c, 0x00, 0x03, 0x00,
    0x00, 0x00, 0x00, 0x03, 0x00, 0x00, 0x00, 0x00, 0x00, 0x00, 0x00, 0x00, 0x00, 0x00, 0x00, 0x00,
    0x00, 0x00, 0x00, 0x0c, 0x00, 0xc0, 0xc0, 0x00, 0x00, 0x00, 0x00, 0x00, 0x00, 0x00, 0x00, 0x00,
    0x00, 0x00, 0x00, 0x00, 0x00, 0x00, 0x00, 0x00, 0x00, 0x00, 0x03, 0x00, 0x00, 0x00, 0x00, 0x00,
    0x00, 0x00, 0x00, 0x00, 0x00, 0x00, 0x00, 0x00, 0x00, 0x00, 0x00, 0x00, 0x00, 0x00, 0x00, 0x00,
    0x00, 0x00, 0x00, 0x00, 0x00, 0x00, 0x03, 0x00, 0x00, 0x00, 0x00, 0x00, 0x00, 0x00, 0x00, 0x00,
    0x00, 0xc0, 0x00, 0x00, 0x00, 0xc0, 0x00, 0x0c, 0x00, 0x03, 0x03, 0x00, 0x00, 0xc0, 0x0c, 0x00,
    0x00, 0xc0, 0x00, 0x00, 0x00, 0x00, 0x00, 0x00, 0x00, 0xc0, 0xc0, 0x00, 0x00, 0x0c, 0x00, 0x30,
    0x00, 0x00, 0x00, 0x03, 0x00, 0x00, 0x30, 0x00, 0x00, 0x00, 0x00, 0x30, 0x00, 0x00, 0x00, 0x00,
    0x00, 0x00, 0x30, 0x00, 0x00, 0x00, 0x00, 0x30, 0x00, 0x00, 0xc0, 0x00, 0x0c, 0x00, 0x00, 0x00,
    0x00, 0x00, 0x00, 0x00, 0x00, 0x00, 0x00, 0x00, 0x00, 0x00, 0x00, 0x00, 0x00, 0x00, 0x00, 0x00,
    0x00, 0x03, 0x00, 0x00, 0x00, 0x00, 0x00, 0x00, 0x00, 0x00, 0x00, 0x00, 0x00, 0x00, 0x00, 0x00,
    0x00, 0x00, 0x00, 0x00, 0x00, 0x00, 0x00, 0x00, 0x00, 0x00, 0x00, 0x00, 0x00, 0x00, 0x00, 0x00,
    0x00, 0x00, 0x00, 0x00, 0x00, 0x00, 0x00, 0x00, 0x00, 0x00, 0x00, 0x00, 0x00, 0x00, 0x00, 0x00,
    0x00, 0x00, 0x00, 0x00, 0xc0, 0x00, 0xc0, 0x00, 0x0c, 0x00, 0x00, 0x00, 0x00, 0x03, 0x00, 0x30,
    0x00, 0x00, 0x00, 0x00, 0x00, 0x00, 0x00, 0x00, 0x00, 0x00, 0x00, 0x30, 0x00, 0x00, 0x00, 0x00,
    0x00, 0x0c, 0x00, 0x00, 0x00, 0x00, 0x00, 0x00, 0xc0, 0x03, 0x00, 0x00, 0x00, 0xc0, 0x0c, 0x00,
    0x00, 0xc0, 0x00, 0x00, 0x00, 0x00, 0x00, 0x00, 0x00, 0x00, 0x00, 0x00, 0x00, 0x00, 0x00, 0x00,
    0x00, 0x00, 0x00, 0x00, 0x00, 0x00, 0x00, 0x00, 0x00, 0x30, 0x00, 0x00, 0x00, 0x00, 0x00, 0x00,
    0x00, 0x00, 0x00, 0x00, 0x00, 0x00, 0x00, 0x00, 0x00, 0x00, 0x00, 0x00, 0x00, 0x00, 0x0c, 0x00,
    0x00, 0x00, 0x00, 0xc0, 0x00, 0x00, 0x00, 0x00, 0x00, 0x00, 0x00, 0x00, 0x00, 0x00, 0x00, 0x00,
    0x00, 0x03, 0x03, 0x00, 0x30, 0x03, 0x00, 0x00, 0x00, 0x30, 0x00, 0x00, 0x00, 0x00, 0x00, 0x00,
    0x00, 0x00, 0x03, 0x00, 0x00, 0x00, 0x00, 0x00, 0x0c, 0x00, 0x00, 0x00, 0x03, 0x00, 0x00, 0x00,
    0x00, 0x00, 0x03, 0x00, 0x00, 0x00, 0x00, 0x00, 0x00, 0xc0, 0x00, 0x00, 0x00, 0x03, 0x00, 0x30,
    0x00, 0x00, 0x00, 0x00, 0x0c, 0x00, 0xc0, 0x00, 0x0c, 0x00, 0x03, 0x00, 0x00, 0x00, 0x00, 0x00,
    0x00, 0x00, 0x00, 0x00, 0x00, 0x00, 0x00, 0x00, 0x00, 0x00, 0x00, 0x00, 0x00, 0x00, 0x00, 0x00,
    0x03, 0x00, 0x00, 0x00, 0x00, 0x00, 0x00, 0x00, 0x00, 0x00, 0x00, 0x00, 0x00, 0x00, 0x00, 0x00,
    0x00, 0x00, 0x00, 0x00, 0x00, 0x00, 0x00, 0x00, 0x00, 0x00, 0x00, 0x00, 0x00, 0x0c, 0x00, 0x00,
    0x00, 0x00, 0x00, 0x30, 0x00, 0x00, 0x00, 0x00, 0x0c, 0x00, 0x00, 0x03, 0x00, 0x00, 0x03, 0x00,
    0x00, 0x00, 0x00, 0x30, 0x00, 0x00, 0x00, 0x00, 0x00, 0x00, 0x00, 0x03, 0x00, 0xc0, 0x00, 0x00,
    0x00, 0x00, 0x00, 0x00, 0x30, 0x00, 0x00, 0x00, 0x03, 0x03, 0x00, 0x00, 0x00, 0x00, 0x00, 0x00,
    0xc0, 0x00, 0x03, 0x00, 0x00, 0x30, 0x00, 0x00, 0x00, 0x00, 0x00, 0x00, 0xc0, 0x00, 0x00, 0x00,
    0xc0, 0x03, 0x00, 0x03, 0x00, 0x00, 0x00, 0x00, 0x30, 0x00, 0x00, 0x00, 0x00, 0x00, 0x00, 0x00,
    0x00, 0x00, 0x00, 0x00, 0x00, 0x00, 0x00, 0x00, 0x30, 0x00, 0x00, 0x00, 0x00, 0x00, 0x00, 0x00,
    0x00, 0x00, 0x00, 0x00, 0x00, 0x00, 0x00, 0x00, 0x00, 0x00, 0x00, 0x00, 0x00, 0x00, 0x00, 0x00,
    0x00, 0x00, 0x00, 0x00, 0x00, 0xc0, 0x00, 0x00, 0x0c, 0x00, 0x0c, 0x00, 0x00, 0x00, 0x00, 0x00,
    0x00, 0x00, 0x00, 0x00, 0x00, 0x00, 0x00, 0x00, 0xc0, 0x00, 0x0c, 0x00, 0x00, 0xc0, 0x00, 0x0c,
    0x00, 0x00, 0xc0, 0x00, 0x00, 0x00, 0x03, 0x00, 0x00, 0x00, 0x00, 0x03, 0x00, 0x00, 0x03, 0x00,
    0x00, 0x00, 0x00, 0x00, 0x00, 0x00, 0x00, 0x0c, 0x00, 0x00, 0x00, 0x00, 0x00, 0x00, 0x00, 0x00,
    0x00, 0x30, 0x00, 0x0c, 0x00, 0x00, 0x00, 0x00, 0x00, 0x00, 0x00, 0x00, 0x00, 0x0c, 0x00, 0x00,
    0x00, 0x00, 0x00, 0x00, 0x00, 0x00, 0x00, 0x00, 0x00, 0x00, 0x00, 0x00, 0x00, 0x00, 0x00, 0x00,
    0x00, 0x00, 0x00, 0x00, 0x00, 0x00, 0x00, 0x0c, 0x00, 0x00, 0x00, 0x00, 0x00, 0x00, 0x00, 0x00,
    0x00, 0xc0, 0x00, 0x00, 0x00, 0x00, 0x00, 0x00, 0x00, 0x00, 0x00, 0x00, 0x00, 0x00, 0x00, 0x00,
    0x00, 0x00, 0x00, 0x00, 0x00, 0x0c, 0x00, 0x00, 0x00, 0x30, 0x0c, 0x00, 0x00, 0xc0, 0x30, 0x00,
    0x00, 0xc0, 0x00, 0x00, 0x0c, 0x00, 0x30, 0x00, 0x00, 0x0c, 0x00, 0x00, 0x00, 0x00, 0x30, 0x00,
    0xc0, 0x03, 0x00, 0xc0, 0x00, 0x00, 0x30, 0x00, 0xc0, 0x00, 0x00, 0x00, 0x00, 0x0c, 0x00, 0x00,
    0x00, 0x00, 0x00, 0x00, 0x00, 0x00, 0x00, 0x00, 0x00, 0x00, 0x00, 0x00, 0x00, 0x00, 0x00, 0x00,
    0x00, 0x30, 0x30, 0x30, 0x03, 0x00, 0x00, 0x00, 0x00, 0x00, 0x00, 0x00, 0x00, 0x00, 0x00, 0x00,
    0x00, 0x00, 0x00, 0x00, 0x00, 0x00, 0x00, 0x00, 0x00, 0x00, 0x00, 0x00, 0x00, 0x00, 0x00, 0xc0,
    0x00, 0x00, 0x00, 0x00, 0x00, 0x00, 0x00, 0x00, 0x00, 0x00, 0x00, 0x00, 0x00, 0x00, 0x00, 0x00,
    0x00, 0x00, 0x00, 0x00, 0x00, 0x00, 0x00, 0x00, 0x00, 0x00, 0x00, 0x00, 0x00, 0x00, 0x00, 0x00,
    0x00, 0x00, 0x00, 0x00, 0x00, 0x00, 0x00, 0x0c, 0x00, 0x00, 0xc0, 0x00, 0x00, 0x00, 0x00, 0x00,
    0x0c, 0x00, 0x00, 0x00, 0x0c, 0x00, 0x00, 0x00, 0x00, 0x10, 0x00, 0x00, 0x00, 0x00, 0x00, 0x00,
    0x00, 0x00, 0x00, 0x00, 0x00, 0xc0, 0x0c, 0x00, 0x00, 0x00, 0x00, 0x00, 0x30, 0x00, 0x00, 0xc0,
    0x00, 0x00, 0x03, 0x00, 0x00, 0x00, 0x00, 0x30, 0x00, 0x00, 0x00, 0x00, 0x00, 0x00, 0x00, 0x30,
    0x00, 0x00, 0x00, 0x00, 0x00, 0x00, 0x00, 0x0c, 0x00, 0x00, 0x30, 0x00, 0x00, 0x00, 0x00, 0x00,
    0x00, 0x00, 0x00, 0x00, 0x00, 0x00, 0x0c, 0x00, 0x00, 0x00, 0x00, 0x00, 0x00, 0x00, 0x00, 0x00,
    0x00, 0x00, 0x00, 0x00, 0x00, 0x00, 0x00, 0x00, 0x0c, 0x00, 0x00, 0x00, 0x00, 0x00, 0x00, 0x00,
    0x00, 0x00, 0x00, 0x00, 0x00, 0x00, 0x00, 0x00, 0x00, 0x00, 0xc0, 0x30, 0xc0, 0x00, 0x00, 0x00,
    0x00, 0x00, 0x00, 0x03, 0x00, 0x00, 0x00, 0x00, 0xc0, 0x00, 0x00, 0xc0, 0xc0, 0x00, 0x00, 0x00,
    0x00, 0x00, 0x00, 0x00, 0x00, 0x00, 0x00, 0x00, 0x00, 0x00, 0x00, 0x00, 0x30, 0x00, 0x00, 0x00,
    0x00, 0x00, 0x30, 0x00, 0x00, 0x00, 0x00, 0x00, 0x0c, 0x00, 0x00, 0x00, 0x00, 0x03, 0x03, 0x00,
    0x30, 0x00, 0x00, 0x00, 0x00, 0x00, 0x0c, 0x00, 0x00, 0x00, 0x00, 0x00, 0x00, 0x00, 0x00, 0x00,
    0x00, 0x00, 0x00, 0x00, 0x00, 0x00, 0x00, 0x00, 0x00, 0x00, 0x00, 0x00, 0x00, 0x00, 0x80, 0x00,
    0x00, 0x00, 0x03, 0x00, 0x00, 0x00, 0x00, 0x00, 0x00, 0x00, 0x00, 0x00, 0x00, 0x00, 0x00, 0x00,
    0x00, 0x00, 0x0c, 0x00, 0x00, 0x00, 0x00, 0x0c, 0x00, 0x00, 0x00, 0x00, 0x00, 0x00, 0x00, 0x00,
    0x03, 0x00, 0x00, 0x00, 0x00, 0x0c, 0x00, 0x00, 0x03, 0x00, 0x00, 0x30, 0x00, 0x03, 0x00, 0xc0,
    0x00, 0x00, 0x00, 0x00, 0x00, 0x0c, 0x00, 0x00, 0x00, 0xc0, 0x00, 0x00, 0x00, 0x0c, 0x00, 0x00,
    0x00, 0x30, 0x30, 0x30, 0x00, 0x00, 0x00, 0x00, 0x00, 0x30, 0x00, 0x0c, 0x00, 0x00, 0x30, 0x00,
    0x00, 0x00, 0x00, 0x00, 0x00, 0x00, 0x00, 0x00, 0x00, 0x30, 0xc0, 0x00, 0x30, 0x00, 0x00, 0x00,
    0x00, 0x00, 0x00, 0x00, 0x00, 0x03, 0x00, 0x00, 0x00, 0x00, 0x00, 0x00, 0x00, 0x00, 0x00, 0x00,
    0x00, 0x00, 0x00, 0x00, 0x00, 0x00, 0x00, 0x00, 0x00, 0x00, 0x00, 0x00, 0x00, 0x00, 0x00, 0x00,
    0x00, 0x00, 0x00, 0x00, 0x00, 0x00, 0x00, 0x00, 0x00, 0x00, 0x00, 0x00, 0x00, 0x00, 0x00, 0x00,
    0x00, 0x00, 0x00, 0x00, 0x00, 0x00, 0x00, 0x00, 0x00, 0x00, 0x00, 0x00, 0x00, 0xc0, 0x0c, 0x00,
    0x30, 0x00, 0x00, 0x00, 0x00, 0x30, 0x00, 0x00, 0x00, 0x00, 0x30, 0x00, 0x00, 0x00, 0x00, 0x30,
    0x30, 0x00, 0x0c, 0x00, 0x00, 0xc0, 0x00, 0x0c, 0x00, 0x00, 0x00, 0x00, 0x00, 0x00, 0x00, 0x00,
    0x0c, 0x00, 0x00, 0x00, 0x00, 0x0c, 0x00, 0x00, 0x00, 0x00, 0xc0, 0x00, 0x00, 0xc0, 0x00, 0x00,
    0x00, 0x00, 0x03, 0x03, 0x00, 0x03, 0x00, 0x00, 0x00, 0x00, 0x00, 0x00, 0x00, 0x00, 0x00, 0x00,
    0x00, 0x00, 0x00, 0x00, 0x00, 0x00, 0x00, 0x00, 0x00, 0x00, 0x00, 0x00, 0x00, 0x00, 0x00, 0x00,
    0x00, 0x00, 0x00, 0x00, 0x00, 0x00, 0x00, 0x00, 0x00, 0x00, 0x00, 0x00, 0x00, 0x00, 0x20, 0x00,
    0x00, 0x00, 0x00, 0x00, 0x00, 0x00, 0x00, 0x00, 0x00, 0x00, 0x00, 0x00, 0x00, 0x00, 0x00, 0x00,
    0x00, 0x04, 0x03, 0x00, 0x0c, 0x00, 0x00, 0x0c, 0x00, 0x03, 0x03, 0x00, 0x03, 0x00, 0x00, 0x00,
    0x00, 0x30, 0x00, 0x00, 0x00, 0x00, 0x03, 0x00, 0x00, 0x00, 0x00, 0x03, 0x00, 0x00, 0x00, 0xc0,
    0x03, 0x00, 0x00, 0x00, 0x00, 0x00, 0x00, 0x0c, 0x00, 0x00, 0x00, 0x00, 0x00, 0x00, 0x00, 0x00,
    0x00, 0x00, 0x00, 0x00, 0xc0, 0x00, 0x00, 0x00, 0x0c, 0x00, 0x00, 0x00, 0x00, 0x00, 0x00, 0x00,
    0x00, 0x00, 0x0c, 0x00, 0x00, 0x00, 0x00, 0x00, 0x00, 0x00, 0x00, 0x00, 0x00, 0x00, 0x00, 0x00,
    0x00, 0x00, 0x00, 0x00, 0x00, 0x30, 0x00, 0x00, 0x00, 0x00, 0x00, 0x00, 0x00, 0x00, 0x00, 0x00,
    0x00, 0x00, 0x00, 0x00, 0x00, 0x00, 0x00, 0x00, 0x00, 0x00, 0x00, 0x00, 0x30, 0x00, 0x00, 0x00,
    0x00, 0x00, 0x00, 0x00, 0x00, 0x00, 0x00, 0x00, 0x00, 0x40, 0xc0, 0x00, 0xc0, 0x00, 0x00, 0x00,
    0x00, 0x00, 0x00, 0x00, 0x00, 0x00, 0x00, 0x03, 0x00, 0x00, 0x00, 0x03, 0x00, 0x00, 0x30, 0x00,
    0x00, 0x00, 0x00, 0x00, 0x00, 0x00, 0x00, 0x00, 0x00, 0x00, 0x00, 0x00, 0x00, 0x00, 0x00, 0xc0,
    0x00, 0x00, 0x00, 0x00, 0x00, 0xc0, 0x00, 0x03, 0x00, 0x30, 0x00, 0x0c, 0x00, 0x00, 0x00, 0x0c,
    0x00, 0x0c, 0x00, 0x00, 0x00, 0x00, 0x00, 0x00, 0x00, 0x00, 0xc0, 0x00, 0x00, 0x00, 0x00, 0x00,
    0x00, 0x00, 0x00, 0x00, 0x00, 0x00, 0x00, 0x00, 0x00, 0x00, 0x00, 0x00, 0x00, 0x00, 0x00, 0x00,
    0x00, 0x00, 0x00, 0x00, 0x00, 0x00, 0x00, 0x00, 0x00, 0x00, 0x00, 0x00, 0x00, 0x00, 0x00, 0x00,
    0x00, 0x00, 0x00, 0x00, 0x00, 0x00, 0x00, 0x00, 0x00, 0x00, 0xc0, 0x00, 0x00, 0x00, 0x00, 0x00,
    0x04, 0x00, 0x00, 0x00, 0x00, 0x00, 0x00, 0xc0, 0x00, 0x00, 0x00, 0x00, 0x10, 0x00, 0x0c, 0x30,
    0x00, 0x00, 0x00, 0x30, 0x00, 0xc0, 0x00, 0x00, 0x00, 0x03, 0x00, 0x00, 0x00, 0x00, 0x0c, 0x00,
    0x00, 0x00, 0x00, 0x00, 0x00, 0x01, 0x0c, 0x00, 0x00, 0x00, 0x03, 0x00, 0x00, 0x00, 0x00, 0x00,
    0x00, 0x00, 0x00, 0x00, 0x00, 0x00, 0x30, 0x00, 0x00, 0x00, 0x30, 0x30, 0x00, 0xc0, 0x00, 0x00,
    0x00, 0x00, 0x00, 0x00, 0x00, 0xc0, 0x00, 0x00, 0x00, 0x00, 0x00, 0x00, 0x00, 0x00, 0x00, 0x00,
    0xc0, 0x00, 0x00, 0x00, 0x00, 0x00, 0x00, 0x00, 0x00, 0x00, 0x00, 0x00, 0x00, 0x00, 0x00, 0x00,
    0x00, 0x00, 0x00, 0x00, 0x00, 0x00, 0x00, 0x00, 0x00, 0x00, 0x00, 0x00, 0x00, 0x00, 0x00, 0x00,
    0x00, 0x00, 0x00, 0x00, 0x00, 0x00, 0x00, 0x00, 0x00, 0x30, 0x00, 0x0c, 0x00, 0x00, 0xc0, 0x00,
    0x00, 0xc0, 0x00, 0x03, 0x00, 0x00, 0x00, 0x00, 0x03, 0x00, 0x0c, 0x00, 0x00, 0x00, 0x00, 0x00,
    0x00, 0x30, 0x00, 0xc0, 0x0c, 0x00, 0xc0, 0x00, 0x00, 0x00, 0x0c, 0x0c, 0x0c, 0x00, 0x00, 0x00,
    0x00, 0x00, 0x30, 0x00, 0x30, 0x00, 0x00, 0x00, 0x00, 0x00, 0x00, 0xc0, 0x00, 0x03, 0x00, 0x00,
    0x04, 0xc0, 0x00, 0x00, 0x00, 0x00, 0x00, 0x00, 0x00, 0x00, 0x00, 0x00, 0x00, 0x00, 0x00, 0x00,
    0x00, 0x00, 0x00, 0x00, 0x00, 0x00, 0x00, 0x00, 0x00, 0x00, 0x00, 0x00, 0x00, 0x00, 0x00, 0x00,
    0x00, 0x00, 0x00, 0x00, 0x00, 0x00, 0x00, 0x00, 0x00, 0x00, 0x00, 0x00, 0x00, 0x00, 0x00, 0x03,
    0x00, 0x00, 0x00, 0x00, 0x00, 0x00, 0x03, 0x00, 0x00, 0x00, 0x00, 0x00, 0x00, 0x00, 0x00, 0x00,
    0x03, 0x00, 0x00, 0xc0, 0x00, 0x0c, 0x00, 0x00, 0x30, 0x00, 0xc1, 0x00, 0x00, 0x03, 0x00, 0x00,
    0x00, 0x01, 0x00, 0x00, 0x00, 0x00, 0x00, 0x00, 0xc0, 0x00, 0x00, 0x00, 0x00, 0x00, 0x00, 0x00,
    0x00, 0x00, 0xc0, 0x00, 0x00, 0x03, 0x00, 0x00, 0x00, 0x03, 0x00, 0x00, 0x00, 0x00, 0x00, 0xc0,
    0x03, 0x00, 0x00, 0x00, 0x00, 0x00, 0x00, 0x00, 0xc0, 0x00, 0x00, 0x00, 0x0c, 0x00, 0x00, 0x00,
    0x00, 0x30, 0x00, 0x00, 0x00, 0x00, 0x00, 0x00, 0x00, 0x00, 0x00, 0x00, 0x00, 0x00, 0x00, 0x00,
    0x00, 0x00, 0x00, 0x00, 0x00, 0x00, 0x00, 0x00, 0x00, 0x00, 0x00, 0x00, 0x00, 0x00, 0x00, 0x00,
    0x00, 0x20, 0x00, 0x00, 0x80, 0x0c, 0x00, 0x00, 0x00, 0x00, 0x00, 0x00, 0x00, 0x00, 0x00, 0x00,
    0x00, 0x00, 0x00, 0x00, 0x00, 0x00, 0x00, 0x00, 0x00, 0x00, 0x30, 0x00, 0x00, 0xc0, 0x00, 0x03,
    0x00, 0x00, 0x00, 0x30, 0x00, 0xc0, 0x00, 0x00, 0x00, 0x00, 0x00, 0x00, 0x00, 0x03, 0x00, 0x04,
    0x00, 0x00, 0x00, 0x00, 0x00, 0x00, 0x00, 0x00, 0x30, 0x30, 0x00, 0x00, 0x00, 0x00, 0x00, 0x00,
    0x00, 0xc0, 0x00, 0x00, 0x00, 0x00, 0x0c, 0x00, 0x00, 0x00, 0x0c, 0x00, 0x00, 0xc0, 0x00, 0x30,
    0x00, 0x03, 0x03, 0x00, 0xc0, 0x00, 0xc0, 0x00, 0x03, 0x00, 0x00, 0x00, 0x00, 0x00, 0x00, 0x00,
    0x00, 0x00, 0x00, 0x00, 0x00, 0xc0, 0x00, 0x00, 0x00, 0x00, 0x00, 0x00, 0x00, 0x00, 0x00, 0x00,
    0x00, 0x00, 0x00, 0x00, 0x00, 0x00, 0x00, 0x00, 0x00, 0x00, 0x00, 0x0c, 0x00, 0x00, 0x00, 0x00,
    0x00, 0x00, 0x01, 0x03, 0x00, 0x00, 0x00, 0x00, 0x00, 0xc0, 0x00, 0x00, 0x00, 0x00, 0x00, 0x00,
    0x00, 0x00, 0x00, 0x00, 0x0c, 0x00, 0x01, 0x00, 0x00, 0x00, 0x00, 0x00, 0x00, 0x00, 0x00, 0x00,
    0x00, 0x03, 0x00, 0x00, 0x30, 0x30, 0x00, 0xc0, 0x00, 0x00, 0x00, 0x03, 0x00, 0x0c, 0x00, 0x00,
    0x00, 0x00, 0x00, 0x00, 0x00, 0x00, 0x00, 0x00, 0x0c, 0x00, 0x00, 0x00, 0x00, 0x00, 0x00, 0x00,
    0x00, 0x00, 0x00, 0x00, 0x00, 0x00, 0x00, 0x00, 0x00, 0x30, 0x00, 0x00, 0x00, 0x00, 0x00, 0x00,
    0xc0, 0x00, 0x00, 0x00, 0x00, 0x00, 0x00, 0x00, 0x00, 0x00, 0x00, 0x00, 0x00, 0x00, 0x00, 0x00,
    0x00, 0x00, 0x00, 0x00, 0x00, 0x00, 0x00, 0x00, 0x00, 0x00, 0x00, 0x00, 0x00, 0x00, 0x00, 0x00,
    0x00, 0x00, 0x00, 0xc0, 0x00, 0x00, 0x00, 0x00, 0x00, 0x00, 0x00, 0x00, 0x00, 0x00, 0xc0, 0x00,
    0x00, 0x00, 0x00, 0x00, 0x00, 0x00, 0x00, 0x00, 0x00, 0x0c, 0x00, 0x00, 0x00, 0x00, 0x00, 0x30,
    0x00, 0x0c, 0x03, 0x00, 0x0c, 0x00, 0x03, 0x03, 0x04, 0x30, 0x00, 0x0c, 0x00, 0x00, 0x00, 0x00,
    0x00, 0xc0, 0x0c, 0x00, 0x00, 0xc0, 0x00, 0x03, 0x00, 0x00, 0x00, 0x00, 0x00, 0x00, 0x00, 0x00,
    0x00, 0x00, 0x00, 0x03, 0x00, 0x0c, 0x00, 0x00, 0x30, 0x00, 0x00, 0x00, 0x00, 0x00, 0x00, 0x00,
    0x03, 0x00, 0x00, 0x00, 0x00, 0x00, 0x00, 0x0c, 0x00, 0x00, 0x00, 0x00, 0x00, 0x00, 0x00, 0x00,
    0x00, 0x00, 0x0c, 0x00, 0x00, 0x00, 0x00, 0x00, 0x00, 0x00, 0x00, 0x00, 0x00, 0x00, 0x00, 0x00,
    0x00, 0x00, 0x00, 0x00, 0x00, 0x00, 0x00, 0x00, 0x00, 0x00, 0x00, 0x00, 0x00, 0x00, 0x00, 0x00,
    0x00, 0x00, 0x00, 0x00, 0x00, 0x00, 0x00, 0x00, 0x00, 0x00, 0x00, 0x00, 0x00, 0x00, 0x30, 0x00,
    0x03, 0x00, 0x00, 0x0c, 0x00, 0x00, 0x0c, 0x00, 0x00, 0xc0, 0x00, 0x00, 0x00, 0x00, 0x30, 0x00,
    0x00, 0x00, 0x03, 0x00, 0x00, 0x00, 0x00, 0x00, 0x0c, 0x00, 0x00, 0x00, 0x00, 0x00, 0x00, 0x30,
    0x00, 0x00, 0x00, 0x00, 0xc0, 0xc0, 0x00, 0x0c, 0x00, 0x00, 0x00, 0x00, 0x00, 0xc0, 0x00, 0x00,
    0x00, 0x03, 0x00, 0x00, 0x30, 0x00, 0x0c, 0x00, 0x30, 0x00, 0x30, 0x30, 0x00, 0x00, 0x00, 0x00,
    0x00, 0x00, 0x00, 0x00, 0x00, 0x00, 0x00, 0x00, 0x00, 0x00, 0x00, 0x00, 0x00, 0x00, 0x00, 0x00,
    0x00, 0x00, 0x00, 0x00, 0x00, 0x00, 0x00, 0x00, 0x00, 0x00, 0x00, 0x30, 0x00, 0x00, 0x00, 0x00,
    0x03, 0x00, 0x00, 0x00, 0x00, 0x00, 0x00, 0x00, 0x00, 0x00, 0x00, 0x00, 0x00, 0x00, 0x00, 0x00,
    0x00, 0x00, 0x00, 0x00, 0x00, 0x00, 0x00, 0x00, 0x00, 0x00, 0x0c, 0x00, 0x00, 0x00, 0xc0, 0x00,
    0x00, 0x00, 0x00, 0x00, 0xc0, 0x03, 0x00, 0x00, 0x00, 0x00, 0x00, 0x00, 0x00, 0x00, 0x00, 0x00,
    0x00, 0x00, 0x00, 0x00, 0x00, 0x00, 0x03, 0x00, 0x00, 0x00, 0x00, 0x30, 0x00, 0x00, 0x30, 0x00,
    0x00, 0x00, 0x00, 0x00, 0x00, 0x00, 0x00, 0x00, 0x00, 0x00, 0x00, 0x00, 0x00, 0x00, 0xc0, 0x03,
    0x00, 0x03, 0x00, 0x00, 0x00, 0x30, 0x00, 0x00, 0x00, 0x00, 0x00, 0x00, 0x00, 0x00, 0x00, 0x00,
    0x00, 0x00, 0x00, 0x00, 0x00, 0x00, 0x00, 0x00, 0x00, 0x00, 0x00, 0x00, 0x00, 0x00, 0x00, 0x00,
    0x00, 0x00, 0x00, 0x00, 0x00, 0xc0, 0x00, 0x00, 0x00, 0x00, 0x00, 0x00, 0x00, 0x00, 0x00, 0x00,
    0x00, 0x00, 0x0c, 0x00, 0x00, 0x00, 0x00, 0x00, 0x00, 0x00, 0x00, 0x00, 0x00, 0x00, 0x00, 0x00,
    0x00, 0x00, 0x00, 0x00, 0x0c, 0x0c, 0x00, 0x00, 0x30, 0x00, 0x00, 0x0c, 0x00, 0x00, 0x00, 0x00,
    0x0c, 0x00, 0x00, 0x00, 0x00, 0x00, 0x43, 0x03, 0x00, 0x00, 0xc0, 0x0c, 0x00, 0x00, 0x00, 0x00,
    0x00, 0x03, 0x00, 0x00, 0x00, 0x00, 0x00, 0x00, 0x00, 0x00, 0x00, 0xc0, 0x00, 0x00, 0x00, 0x03,
    0x00, 0x00, 0x00, 0x0c, 0x00, 0x0c, 0x00, 0x00, 0x00, 0x00, 0x00, 0x00, 0x30, 0x00, 0x03, 0x00,
    0x00, 0x00, 0x00, 0x00, 0x00, 0x00, 0x00, 0x00, 0x00, 0x00, 0x00, 0x00, 0x00, 0x00, 0x00, 0x00,
    0x00, 0x00, 0x00, 0x00, 0x00, 0xc0, 0x00, 0x00, 0x00, 0x00, 0x00, 0x00, 0x00, 0x00, 0x00, 0x00,
    0x00, 0x00, 0x00, 0x00, 0x00, 0x00, 0x00, 0x00, 0x00, 0x00, 0x00, 0x00, 0x00, 0x00, 0x00, 0x00,
    0x0c, 0x00, 0x00, 0x00, 0x00, 0x00, 0x00, 0x00, 0x00, 0x03, 0x00, 0x00, 0xc0, 0x00, 0x00, 0x03,
    0x00, 0x00, 0x30, 0xc0, 0x00, 0x30, 0x00, 0x03, 0x00, 0x00, 0xc0, 0x00, 0x0c, 0x30, 0x00, 0x00,
    0x00, 0x00, 0x00, 0x00, 0x0c, 0x00, 0x00, 0x00, 0x00, 0x30, 0x00, 0x00, 0x00, 0x00, 0x00, 0x00,
    0x00, 0x00, 0x30, 0x00, 0x00, 0x00, 0x00, 0xc0, 0x00, 0x00, 0x00, 0xc0, 0x00, 0x00, 0x00, 0x00,
    0x00, 0x30, 0x00, 0x00, 0x00, 0x00, 0x30, 0x00, 0x00, 0x00, 0x00, 0x00, 0x00, 0x00, 0x00, 0x00,
    0x00, 0x00, 0x00, 0x00, 0x00, 0x00, 0x00, 0x00, 0x00, 0x00, 0x00, 0x00, 0x00, 0x00, 0x00, 0x00,
    0x00, 0x00, 0x00, 0x00, 0x00, 0x00, 0x00, 0x00, 0x00, 0x00, 0x00, 0x00, 0x00, 0x00, 0x00, 0x00,
    0x00, 0x00, 0x00, 0x00, 0x00, 0x00, 0x00, 0x00, 0x00, 0x00, 0x00, 0x00, 0x00, 0x00, 0x00, 0x00,
    0x03, 0x00, 0x00, 0xc0, 0x00, 0x00, 0x00, 0x30, 0x00, 0x03, 0x00, 0x00, 0x00, 0x00, 0x00, 0x30,
    0x00, 0x0c, 0x00, 0x0c, 0x00, 0x00, 0x00, 0x00, 0x00, 0x00, 0x00, 0x00, 0x00, 0x03, 0x00, 0x00,
    0x03, 0x00, 0x00, 0x00, 0x00, 0x00, 0x00, 0x00, 0x30, 0x0c, 0x00, 0x00, 0x0c, 0x00, 0x0c, 0x00,
    0x00, 0x30, 0x00, 0x00, 0x00, 0x00, 0x00, 0x00, 0x03, 0x00, 0x0c, 0x0c, 0x00, 0x00, 0x00, 0x00,
    0x00, 0x00, 0x00, 0x00, 0x00, 0x00, 0x00, 0x00, 0x00, 0x00, 0x00, 0x00, 0x00, 0x00, 0x00, 0x00,
    0x00, 0x00, 0x00, 0x00, 0x00, 0x00, 0x00, 0x00, 0x00, 0x00, 0x00, 0x00, 0x00, 0x00, 0x00, 0x00,
    0x00, 0x00, 0x00, 0x00, 0x00, 0x00, 0x00, 0x00, 0x00, 0x00, 0x00, 0x00, 0x00, 0x00, 0x00, 0x00,
    0x00, 0x00, 0x00, 0x00, 0x00, 0x00, 0x00, 0x00, 0x00, 0x00, 0x00, 0x00, 0x00, 0x00, 0x00, 0x00,
    0x00, 0x30, 0x00, 0x00, 0x03, 0x00, 0x00, 0x00, 0x00, 0x00, 0x00, 0xc0, 0x00, 0x00, 0x30, 0x00,
    0x00, 0xc0, 0x03, 0x00, 0x00, 0x00, 0x00, 0x00, 0x00, 0x00, 0x00, 0xc0, 0x00, 0x0c, 0x00, 0xc0,
    0x00, 0x00, 0x00, 0x00, 0x00, 0x00, 0x00, 0x00, 0x00, 0x00, 0x00, 0x00, 0x00, 0xc0, 0x00, 0x30,
    0x30, 0x00, 0xc0, 0x00, 0x00, 0x00, 0x00, 0x00, 0x00, 0x00, 0x00, 0x00, 0x00, 0x00, 0x00, 0x00,
    0x00, 0x00, 0x00, 0x00, 0x00, 0x00, 0x00, 0x00, 0x00, 0x00, 0x00, 0x00, 0x00, 0x00, 0x00, 0x00,
    0x00, 0x00, 0x00, 0x00, 0x00, 0x00, 0x00, 0x00, 0x00, 0x00, 0x00, 0x00, 0x00, 0x00, 0x00, 0x0c,
    0x00, 0x00, 0x00, 0x00, 0x00, 0x00, 0x00, 0x00, 0x00, 0x00, 0x00, 0xc0, 0x00, 0x03, 0x00, 0x00,
    0x00, 0x00, 0x30, 0x00, 0x00, 0xc0, 0x43, 0x00, 0x00, 0x00, 0x00, 0x00, 0x00, 0x00, 0x0c, 0x00,
    0x00, 0x00, 0x00, 0x00, 0x00, 0x00, 0x00, 0x0c, 0x0c, 0x00, 0x30, 0x00, 0x00, 0x00, 0x03, 0x00,
    0xc0, 0x00, 0x00, 0x00, 0x0c, 0x00, 0x00, 0x00, 0x00, 0x00, 0x00, 0x00, 0x00, 0x00, 0x00, 0x00,
    0x00, 0x00, 0x0c, 0x00, 0x00, 0x00, 0x00, 0x00, 0x00, 0x00, 0x00, 0x00, 0x00, 0xc0, 0x00, 0x00,
    0x00, 0x00, 0x00, 0x00, 0x00, 0x00, 0x00, 0x00, 0x00, 0x00, 0x00, 0x00, 0x00, 0x00, 0x00, 0x00,
    0x00, 0x00, 0x00, 0x00, 0x00, 0x00, 0x00, 0x00, 0x00, 0x00, 0x00, 0x00, 0x00, 0x00, 0x00, 0x00,
    0x00, 0x00, 0x00, 0x00, 0x00, 0x00, 0x00, 0x00, 0x00, 0x00, 0x00, 0x00, 0x00, 0xc0, 0x00, 0x03,
    0x00, 0x00, 0x00, 0x00, 0x00, 0xc0, 0x00, 0x00, 0x00, 0x30, 0x00, 0x0c, 0x0c, 0x00, 0x00, 0x00,
    0x0c, 0x00, 0x00, 0x01, 0x00, 0x00, 0xc0, 0x00, 0x03, 0x00, 0x00, 0x00, 0x00, 0x00, 0x00, 0x00,
    0x00, 0x00, 0x00, 0x00, 0xc0, 0x30, 0x00, 0x00, 0x00, 0x00, 0x00, 0x00, 0x00, 0x00, 0x00, 0x00,
    0x00, 0x00, 0x00, 0x00, 0x00, 0x03, 0x00, 0x00, 0x00, 0x00, 0x00, 0x00, 0x0c, 0x00, 0x0c, 0x00,
    0x00, 0x0c, 0x00, 0x00, 0x0c, 0x00, 0x00, 0x00, 0x00, 0x00, 0x00, 0x00, 0x00, 0x00, 0x00, 0x00,
    0x00, 0x00, 0x00, 0x00, 0x00, 0x00, 0x00, 0x00, 0x0c, 0x00, 0x00, 0x00, 0x30, 0x00, 0x00, 0x00,
    0x00, 0x00, 0x00, 0x00, 0x00, 0x00, 0x00, 0x00, 0x0c, 0x00, 0x00, 0x00, 0x00, 0x00, 0x00, 0x00,
    0x00, 0x00, 0x00, 0x00, 0x30, 0x00, 0x03, 0x00, 0x00, 0x00, 0x00, 0x00, 0x00, 0x00, 0x00, 0x00,
    0x04, 0x00, 0x00, 0x00, 0x00, 0x00, 0xc0, 0x00, 0x00, 0x00, 0x03, 0x00, 0x30, 0x00, 0x00, 0x00,
    0xc0, 0x00, 0x30, 0x00, 0x30, 0xc3, 0x00, 0x00, 0x00, 0x00, 0x00, 0x00, 0x00, 0x00, 0x00, 0x00,
    0x00, 0x00, 0x04, 0x00, 0x00, 0x00, 0x0c, 0x00, 0x00, 0x00, 0x00, 0x03, 0x00, 0x00, 0x00, 0x00,
    0x0c, 0x00, 0x00, 0x00, 0x00, 0x00, 0x00, 0x00, 0x00, 0xc0, 0x00, 0xc0, 0xc0, 0x00, 0xc0, 0x00,
    0x00, 0x00, 0x00, 0x00, 0x00, 0x03, 0x00, 0x00, 0x00, 0x00, 0x00, 0x00, 0x00, 0x00, 0x00, 0x00,
    0x00, 0x00, 0x00, 0x00, 0x00, 0x00, 0x00, 0x00, 0x00, 0x00, 0x00, 0x00, 0x00, 0x00, 0x00, 0x00,
    0x00, 0x00, 0x00, 0x00, 0x00, 0x00, 0x00, 0x00, 0x00, 0x00, 0x30, 0x00, 0x00, 0x00, 0x00, 0x00,
    0x00, 0x00, 0x00, 0x00, 0x00, 0x00, 0x00, 0x00, 0x00, 0x00, 0x03, 0x00, 0x00, 0x00, 0x00, 0x0c,
    0x00, 0x00, 0xc0, 0x03, 0x00, 0x30, 0x00, 0x0c, 0x00, 0x03, 0x00, 0x03, 0x00, 0x00, 0x00, 0xc0,
    0x00, 0x00, 0x00, 0x00, 0x00, 0x00, 0x00, 0x00, 0x00, 0x00, 0xc0, 0x03, 0x00, 0x00, 0x00, 0x00,
    0xc0, 0xc0, 0x00, 0x00, 0x00, 0x30, 0x00, 0x00, 0xc0, 0x03, 0x00, 0x00, 0xc0, 0x00, 0x00, 0x03,
    0x0c, 0x00, 0x0c, 0x00, 0x00, 0x00, 0x00, 0x00, 0x00, 0x00, 0x00, 0x00, 0x00, 0x00, 0x00, 0x00,
    0x00, 0x00, 0xc0, 0x00, 0x00, 0x00, 0x00, 0x00, 0x00, 0x00, 0x00, 0x00, 0x00, 0x00, 0x00, 0x00,
    0x00, 0x00, 0x00, 0x00, 0x00, 0x00, 0x00, 0x00, 0x00, 0x00, 0x00, 0x00, 0x00, 0x00, 0x00, 0x00,
    0x00, 0x00, 0x00, 0x00, 0x00, 0x00, 0x00, 0x00, 0x00, 0x00, 0x00, 0x00, 0x00, 0x00, 0x00, 0x00,
    0x03, 0x03, 0x00, 0x00, 0x00, 0x0c, 0x00, 0xc0, 0x00, 0xc0, 0x00, 0x00, 0x00, 0x00, 0x00, 0x00,
    0x00, 0x00, 0x00, 0x30, 0x00, 0x00, 0x00, 0x00, 0x00, 0x0c, 0x00, 0x30, 0x00, 0x00, 0x30, 0x0c,
    0x00, 0x10, 0x00, 0x00, 0x00, 0x03, 0x00, 0x00, 0x00, 0x00, 0x30, 0x00, 0x00, 0x00, 0x00, 0x0c,
    0x00, 0x00, 0x00, 0x00, 0x00, 0x00, 0xc0, 0x00, 0x00, 0x00, 0x00, 0x00, 0x00, 0x00, 0x00, 0x00,
    0x00, 0x00, 0x00, 0x00, 0x00, 0x00, 0x00, 0x00, 0x00, 0x00, 0x00, 0x00, 0x00, 0x00, 0x00, 0x00,
    0x00, 0x00, 0x00, 0x00, 0x00, 0x00, 0x00, 0x00, 0x00, 0x00, 0x00, 0x00, 0x00, 0x00, 0x00, 0x00,
    0x00, 0x00, 0x00, 0x00, 0x00, 0x00, 0x00, 0x00, 0x00, 0x00, 0x00, 0x00, 0x00, 0x00, 0x00, 0x00,
    0x00, 0x00, 0x00, 0x00, 0x00, 0x00, 0x00, 0x00, 0x00, 0x00, 0x00, 0x03, 0x0c, 0x00, 0x00, 0x00,
    0x0c, 0x00, 0x00, 0x00, 0x00, 0x00, 0x0c, 0x00, 0x00, 0x30, 0x00, 0x00, 0x00, 0x00, 0x00, 0x00,
    0xc0, 0xc0, 0x0c, 0x00, 0x0c, 0x03, 0x00, 0x00, 0x03, 0x00, 0x00, 0x30, 0x00, 0x30, 0x00, 0x00,
    0x00, 0x00, 0x00, 0x00, 0x00, 0x00, 0x00, 0xc0, 0x00, 0x00, 0x00, 0x30, 0x00, 0x00, 0x00, 0x10,
    0x00, 0x03, 0x00, 0x00, 0x00, 0x00, 0x00, 0x00, 0x00, 0x00, 0x00, 0x00, 0x00, 0x00, 0x00, 0x00,
    0x00, 0x00, 0x00, 0x00, 0x00, 0x00, 0x00, 0x00, 0x00, 0x00, 0x00, 0x00, 0x00, 0x00, 0x00, 0x00,
    0x00, 0x00, 0x00, 0x00, 0x00, 0x00, 0x00, 0x00, 0x00, 0x00, 0x00, 0x00, 0x00, 0x00, 0x00, 0x00,
    0x00, 0x00, 0x00, 0x00, 0x00, 0x00, 0x00, 0x00, 0x00, 0x00, 0x00, 0x00, 0x00, 0x00, 0x00, 0x00,
    0x00, 0x00, 0x00, 0x30, 0x00, 0x00, 0x0c, 0x00, 0x00, 0x00, 0x03, 0x00, 0x03, 0x00, 0xc0, 0x00,
    0x03, 0x00, 0x00, 0x00, 0x00, 0x00, 0x30, 0x00, 0x00, 0x00, 0x00, 0x00, 0x00, 0x00, 0x00, 0x00,
    0x00, 0x00, 0x00, 0x00, 0x00, 0x00, 0x00, 0x00, 0x00, 0x00, 0x00, 0x30, 0x03, 0x00, 0x00, 0x00,
    0x00, 0x00, 0x00, 0x00, 0x00, 0x00, 0x00, 0x00, 0x00, 0x30, 0x00, 0x00, 0x00, 0x0c, 0x00, 0x00,
    0x00, 0x00, 0x00, 0x00, 0x00, 0x00, 0x00, 0x00, 0x00, 0x00, 0x00, 0x00, 0x00, 0x00, 0x00, 0x00,
    0x00, 0x00, 0x00, 0x03, 0x00, 0x00, 0x00, 0x03, 0x00, 0x00, 0x00, 0x0c, 0x00, 0x00, 0x00, 0x00,
    0x00, 0x00, 0x00, 0x00, 0x00, 0x00, 0x03, 0x00, 0x00, 0x00, 0x00, 0x00, 0x00, 0x00, 0x00, 0x00,
    0x00, 0x00, 0x30, 0x00, 0x00, 0x00, 0x00, 0x00, 0x00, 0x30, 0x30, 0x00, 0x00, 0x00, 0x00, 0x00,
    0xc0, 0x03, 0x00, 0x0c, 0x30, 0x00, 0x00, 0x0c, 0x00, 0x00, 0x03, 0x00, 0x00, 0xc0, 0x00, 0x30,
    0x00, 0x00, 0x00, 0x00, 0x00, 0x00, 0x00, 0x00, 0x00, 0x00, 0x00, 0x00, 0x00, 0x00, 0x00, 0x0c,
    0x00, 0x00, 0x00, 0x00, 0x00, 0x00, 0x00, 0x00, 0x00, 0x00, 0x0c, 0x00, 0x00, 0x30, 0x00, 0xc0,
    0xc3, 0x00, 0x00, 0xc0, 0xc0, 0xc0, 0x00, 0x00, 0xc0, 0x00, 0x00, 0x00, 0x00, 0x00, 0x00, 0x00,
    0x00, 0x00, 0x00, 0x00, 0x00, 0x30, 0x00, 0x00, 0x00, 0x00, 0x00, 0x00, 0x00, 0x00, 0x00, 0x30,
    0x00, 0x00, 0x00, 0x00, 0x00, 0x00, 0x00, 0x00, 0x00, 0x00, 0x00, 0x00, 0x00, 0x00, 0x00, 0x00,
    0x00, 0x00, 0x00, 0x00, 0x00, 0x00, 0x00, 0x00, 0x00, 0x00, 0x00, 0x00, 0x00, 0x00, 0x00, 0x00,
    0x03, 0x00, 0x00, 0x00, 0x00, 0x30, 0x00, 0x00, 0x00, 0x00, 0x00, 0x00, 0x00, 0x00, 0x00, 0x00,
    0x00, 0x00, 0x30, 0x00, 0x30, 0x00, 0x00, 0x00, 0x00, 0x00, 0x00, 0x00, 0xc0, 0x30, 0x00, 0x30,
    0x30, 0x00, 0xc0, 0x00, 0x03, 0x00, 0x00, 0x00, 0x00, 0x0c, 0x00, 0x00, 0x00, 0x00, 0x00, 0x00,
    0x00, 0x0c, 0x00, 0x00, 0x00, 0x00, 0x00, 0x00, 0x00, 0x00, 0x0c, 0x00, 0x00, 0x00, 0x00, 0x0c,
    0x00, 0x00, 0x00, 0x00, 0x00, 0x00, 0x00, 0x00, 0x00, 0x00, 0x00, 0x00, 0x00, 0x00, 0x00, 0x00,
    0x00, 0x00, 0x00, 0x00, 0x00, 0x00, 0x00, 0x00, 0x00, 0x00, 0x00, 0x00, 0x00, 0x00, 0x00, 0x00,
    0x00, 0x00, 0x00, 0x00, 0x00, 0x00, 0x00, 0x00, 0x00, 0x00, 0x00, 0x03, 0x00, 0x00, 0x00, 0x00,
    0x00, 0x00, 0x00, 0x00, 0x00, 0x00, 0x00, 0x00, 0x00, 0x00, 0x00, 0x00, 0x0c, 0x00, 0xc0, 0x30,
    0x00, 0x30, 0x01, 0x00, 0x00, 0x0c, 0x00, 0xc0, 0x30, 0x00, 0x00, 0x03, 0x00, 0x00, 0xc0, 0x00,
    0x0c, 0x00, 0xc0, 0x30, 0x00, 0x00, 0x03, 0x00, 0x00, 0x00, 0x00, 0x00, 0x30, 0x00, 0x00, 0x00,
    0x03, 0x00, 0x00, 0x00, 0x00, 0x00, 0x30, 0x00, 0x00, 0x00, 0x00, 0x00, 0x0c, 0x00, 0x0c, 0x00,
    0x00, 0x00, 0xc0, 0x00, 0x00, 0x00, 0x00, 0x00, 0x00, 0x00, 0x00, 0x00, 0x00, 0x00, 0x00, 0x00,
    0x00, 0x00, 0x00, 0x00, 0x00, 0x00, 0x00, 0x00, 0x00, 0x00, 0x00, 0x00, 0x00, 0x00, 0x00, 0x00,
    0x00, 0x00, 0x00, 0x00, 0x00, 0x00, 0x00, 0x00, 0x00, 0x00, 0x00, 0x00, 0x00, 0x00, 0x00, 0x00,
    0x00, 0x00, 0x00, 0x30, 0x00, 0x00, 0x00, 0x00, 0x00, 0x00, 0x00, 0x00, 0x00, 0x00, 0x00, 0x00,
    0x00, 0x00, 0x03, 0x03, 0x00, 0x00, 0x00, 0x00, 0x03, 0x00, 0x10, 0x00, 0x00, 0x00, 0x0c, 0x00,
    0x00, 0x0c, 0x00, 0x00, 0x00, 0x00, 0x00, 0x00, 0xc0, 0x0c, 0x00, 0x00, 0x00, 0x00, 0x00, 0x00,
    0x00, 0x0c, 0x00, 0xc0, 0x00, 0x00, 0x03, 0x00, 0x00, 0x00, 0x00, 0x00, 0x30, 0x00, 0x00, 0x00,
    0x00, 0x00, 0x00, 0x00, 0x00, 0x00, 0x00, 0x00, 0x00, 0x0c, 0x00, 0x00, 0x00, 0x00, 0x00, 0x00,
    0x00, 0x00, 0x00, 0x00, 0x00, 0x00, 0x00, 0x00, 0x00, 0x00, 0x00, 0x00, 0x00, 0x00, 0x00, 0x00,
    0x00, 0x00, 0x00, 0x00, 0x00, 0x00, 0x00, 0x00, 0x00, 0x00, 0x00, 0x00, 0x00, 0x00, 0x00, 0x00,
    0x03, 0x00, 0x00, 0x00, 0x00, 0x00, 0x00, 0x00, 0x00, 0x00, 0x30, 0x00, 0x00, 0x00, 0x00, 0xc0,
    0x00, 0x30, 0x00, 0x00, 0x00, 0x00, 0x00, 0x00, 0x00, 0x03, 0x00, 0x00, 0x00, 0x00, 0x03, 0x00,
    0x30, 0x00, 0x03, 0x0c, 0x30, 0xc0, 0x00, 0x00, 0x00, 0x40, 0x00, 0x00, 0x00, 0x0c, 0x00, 0xc0,
    0x00, 0x00, 0x00, 0x00, 0x00, 0x00, 0x30, 0x00, 0x00, 0x00, 0x00, 0x00, 0x00, 0x00, 0x30, 0x00,
    0x00, 0x00, 0x03, 0x03, 0x00, 0x00, 0x00, 0x00, 0x30, 0x00, 0x00, 0x03, 0x00, 0x00, 0x00, 0x03,
    0x0c, 0x00, 0x00, 0x00, 0x30, 0x00, 0x03, 0x00, 0x00, 0x00, 0x30, 0x00, 0x00, 0x0c, 0x00, 0x00,
    0x00, 0x00, 0x00, 0x00, 0x00, 0x00, 0x00, 0x00, 0x00, 0x00, 0x00, 0x00, 0x00, 0x00, 0x00, 0x00,
    0x00, 0x00, 0x00, 0x00, 0x00, 0x00, 0x00, 0x00, 0x00, 0x00, 0x00, 0x00, 0x00, 0x00, 0x00, 0x00,
    0x00, 0x00, 0x00, 0x00, 0x00, 0x00, 0x0c, 0x00, 0x00, 0x00, 0x00, 0x00, 0x00, 0x00, 0x00, 0x00,
    0x03, 0x00, 0x00, 0x00, 0x00, 0x10, 0x00, 0x01, 0x00, 0x00, 0xc0, 0x00, 0x00, 0x00, 0x00, 0x01,
    0x00, 0x00, 0x03, 0x00, 0x00, 0xc0, 0x00, 0x00, 0x00, 0x00, 0x00, 0x00, 0x03, 0x03, 0x00, 0x00,
    0x00, 0xc0, 0x00, 0x00, 0x00, 0x00, 0x00, 0x00, 0x00, 0x00, 0x00, 0x00, 0x00, 0x0c, 0x00, 0x0c,
    0x00, 0x00, 0x00, 0x30, 0x00, 0x03, 0x00, 0x00, 0x00, 0x00, 0x00, 0x0c, 0x00, 0x0c, 0x00, 0x00,
    0x00, 0x00, 0x00, 0x00, 0x00, 0x00, 0x00, 0x00, 0x00, 0x03, 0x00, 0x00, 0x00, 0x00, 0x00, 0x00,
    0x00, 0x00, 0x00, 0x00, 0x00, 0x00, 0x00, 0x00, 0x00, 0x00, 0x00, 0x00, 0x00, 0x00, 0x00, 0x00,
    0x00, 0x00, 0x00, 0x00, 0xc0, 0x00, 0xc0, 0x00, 0x00, 0x00, 0x00, 0x00, 0x00, 0x00, 0x00, 0x00,
    0x00, 0x00, 0x00, 0x00, 0x00, 0x00, 0x00, 0x00, 0x00, 0x00, 0x00, 0x40, 0x0c, 0x03, 0x00, 0x00,
    0x00, 0x00, 0x00, 0x00, 0x00, 0x03, 0x00, 0x30, 0x30, 0x30, 0x30, 0x04, 0xc0, 0x00, 0x00, 0x00,
    0x00, 0x00, 0x03, 0x03, 0x00, 0x00, 0x00, 0x00, 0x30, 0x00, 0x00, 0x00, 0x00, 0x00, 0x00, 0x00,
    0x30, 0x00, 0x00, 0x00, 0x00, 0x00, 0x00, 0x00, 0x00, 0x0c, 0x0c, 0x00, 0x00, 0x00, 0x00, 0x30,
    0x00, 0x30, 0x03, 0x00, 0x00, 0x00, 0x00, 0x00, 0x00, 0x00, 0x00, 0x00, 0x00, 0x00, 0x00, 0x00,
    0x00, 0x00, 0x00, 0x00, 0x00, 0x00, 0x00, 0x00, 0x00, 0x00, 0x00, 0x00, 0x00, 0x00, 0x00, 0x00,
    0x00, 0x00, 0x00, 0xc0, 0x00, 0x00, 0x00, 0x00, 0x00, 0x00, 0x00, 0x30, 0x00, 0x00, 0x00, 0x00,
    0x00, 0x00, 0x00, 0x00, 0x00, 0x00, 0x00, 0x00, 0x00, 0x00, 0x00, 0x00, 0x00, 0x00, 0x00, 0x00,
    0x00, 0x00, 0x4c, 0x0c, 0x00, 0x00, 0x00, 0xc0, 0xc0, 0x30, 0x03, 0x03, 0x00, 0x30, 0x0c, 0x00,
    0x00, 0x00, 0x00, 0x00, 0x00, 0x00, 0x0c, 0x0c, 0x0c, 0x30, 0x30, 0x00, 0x00, 0x00, 0x00, 0x03,
    0x00, 0x00, 0x00, 0x30, 0x30, 0x0c, 0x00, 0x00, 0x00, 0x00, 0x00, 0x00, 0x00, 0x00, 0x00, 0x00,
    0x00, 0x00, 0x00, 0x00, 0x00, 0x00, 0x00, 0x00, 0x00, 0x00, 0xc0, 0x00, 0x00, 0x00, 0x00, 0x00,
    0x00, 0x00, 0x00, 0x00, 0x00, 0x00, 0x00, 0x00, 0x00, 0x00, 0x00, 0x00, 0x00, 0x00, 0x00, 0x00,
    0x03, 0x00, 0x00, 0x0c, 0x00, 0x00, 0x00, 0x00, 0x00, 0x00, 0x00, 0x00, 0x00, 0x00, 0x00, 0x00,
    0x00, 0x00, 0x00, 0x00, 0x00, 0x00, 0x00, 0x00, 0x00, 0x30, 0x00, 0x00, 0x00, 0x00, 0x00, 0x00,
    0x00, 0x00, 0x00, 0x00, 0x00, 0x00, 0x00, 0x00, 0x01, 0x0c, 0x00, 0x00, 0x00, 0x00, 0x0c, 0x00,
    0x00, 0x00, 0x30, 0x00, 0x0c, 0x00, 0x00, 0x00, 0x00, 0x00, 0x00, 0x00, 0x00, 0x00, 0xc0, 0x00,
    0x00, 0x00, 0x00, 0x00, 0x00, 0x00, 0x00, 0x30, 0x00, 0x00, 0x0c, 0x00, 0x00, 0x00, 0x00, 0x00,
    0x00, 0x03, 0x00, 0x00, 0x00, 0x00, 0x03, 0x00, 0x00, 0x00, 0x00, 0x00, 0x00, 0x40, 0x03, 0x00,
    0x0c, 0x00, 0x00, 0x00, 0x00, 0x00, 0x00, 0x00, 0x00, 0x00, 0x00, 0x00, 0x00, 0x00, 0x00, 0x00,
    0x00, 0x00, 0x00, 0x00, 0x00, 0x00, 0x00, 0x00, 0x00, 0x00, 0x00, 0x00, 0x00, 0x00, 0x03, 0x00,
    0x00, 0x00, 0x00, 0x00, 0x00, 0x00, 0x00, 0x00, 0x00, 0x00, 0x00, 0x00, 0x00, 0x00, 0x00, 0x00,
    0x00, 0x00, 0x00, 0x00, 0x00, 0x00, 0x00, 0x00, 0x00, 0x00, 0x00, 0x00, 0x00, 0x03, 0x00, 0x00,
    0x00, 0x00, 0x00, 0x00, 0x03, 0x0c, 0x00, 0x00, 0x03, 0x03, 0x00, 0x00, 0x00, 0x00, 0x00, 0x0c,
    0x0c, 0x30, 0xc0, 0xc3, 0x03, 0x0c, 0x00, 0x00, 0x00, 0x00, 0x00, 0x00, 0x10, 0xc0, 0x10, 0x00,
    0x00, 0x00, 0xc0, 0x00, 0x00, 0x00, 0x00, 0x0c, 0x00, 0x00, 0x00, 0xc0, 0x00, 0x00, 0x00, 0x00,
    0x00, 0x00, 0x00, 0x00, 0x00, 0x00, 0x30, 0x00, 0x00, 0x0c, 0x00, 0x00, 0x03, 0x00, 0x00, 0x00,
    0x00, 0x00, 0x00, 0x00, 0x00, 0x00, 0x00, 0x00, 0x00, 0x00, 0x00, 0x00, 0x00, 0x00, 0x00, 0x00,
    0x00, 0x00, 0x00, 0x00, 0x00, 0x00, 0x30, 0x00, 0x00, 0x00, 0x00, 0x00, 0x00, 0x00, 0x00, 0x00,
    0x00, 0x00, 0x00, 0x00, 0x00, 0x00, 0x00, 0x00, 0x00, 0x00, 0x00, 0x00, 0x00, 0x00, 0x00, 0x00,
    0x00, 0x00, 0x00, 0x00, 0x00, 0x00, 0x00, 0x00, 0x03, 0x00, 0x00, 0x03, 0x00, 0x00, 0x00, 0x0c,
    0x30, 0x00, 0x00, 0x30, 0xc0, 0x03, 0x04, 0xc0, 0x00, 0x00, 0x00, 0x00, 0x00, 0x00, 0x00, 0x03,
    0x00, 0x00, 0x00, 0x30, 0x00, 0x03, 0x00, 0x00, 0x00, 0x00, 0x00, 0x00, 0x00, 0x00, 0x00, 0x00,
    0x00, 0x00, 0x00, 0x00, 0x03, 0x00, 0xc0, 0x00, 0x03, 0x00, 0x00, 0x00, 0x00, 0xc0, 0x00, 0x00,
    0xc0, 0x00, 0x00, 0x03, 0x00, 0x03, 0x00, 0x00, 0x00, 0x00, 0x00, 0x00, 0x00, 0x00, 0x00, 0x00,
    0x00, 0x00, 0x00, 0x00, 0x03, 0x00, 0x00, 0x00, 0x00, 0x00, 0x00, 0x00, 0x00, 0x00, 0x00, 0x00,
    0x00, 0x00, 0x00, 0x00, 0x00, 0x00, 0x00, 0x00, 0x30, 0x00, 0x00, 0x00, 0x00, 0x00, 0x00, 0x00,
    0x00, 0x00, 0x00, 0x00, 0x00, 0x00, 0x00, 0x00, 0x00, 0x00, 0x00, 0x00, 0x00, 0x00, 0x00, 0x00,
    0x00, 0x00, 0x30, 0xc0, 0x00, 0x00, 0x0c, 0x00, 0x00, 0x00, 0x03, 0x00, 0x00, 0xc0, 0x00, 0x00,
    0x00, 0x00, 0x00, 0x00, 0x00, 0x00, 0x01, 0x30, 0x03, 0x0c, 0x30, 0x00, 0xc0, 0x00, 0x03, 0x00,
    0x00, 0xc0, 0x00, 0x00, 0x00, 0x00, 0x0c, 0x00, 0x00, 0xc0, 0x00, 0x00, 0x30, 0x00, 0x00, 0x00,
    0x30, 0x00, 0x00, 0x00, 0x30, 0x00, 0x00, 0x00, 0x00, 0xc0, 0x0c, 0x30, 0x00, 0x00, 0x00, 0x00,
    0x00, 0x00, 0x00, 0x00, 0x00, 0x00, 0x00, 0x00, 0x00, 0x00, 0x00, 0x00, 0x00, 0x00, 0x00, 0x00,
    0x00, 0x00, 0x00, 0x00, 0x00, 0x00, 0x00, 0x00, 0x00, 0x00, 0x00, 0x00, 0x00, 0x00, 0x00, 0x00,
    0x00, 0x00, 0x00, 0x00, 0x00, 0x00, 0x00, 0x00, 0x00, 0x00, 0x00, 0x00, 0x00, 0x00, 0xc0, 0x00,
    0x00, 0xc0, 0x00, 0x00, 0x00, 0x00, 0x00, 0x00, 0x00, 0x0c, 0x00, 0x00, 0x00, 0x03, 0x00, 0x00,
    0x00, 0x30, 0xc0, 0x00, 0x0c, 0x00, 0x30, 0x03, 0x0c, 0x30, 0x30, 0xc0, 0xc3, 0x00, 0x10, 0x00,
    0x00, 0x00, 0x00, 0x00, 0x00, 0xc0, 0x00, 0x00, 0x30, 0x00, 0x00, 0x00, 0x30, 0x30, 0x00, 0x00,
    0x00, 0x00, 0x00, 0x00, 0x00, 0x00, 0x00, 0x00, 0x00, 0x00, 0xc0, 0xc0, 0x00, 0x00, 0x00, 0x00,
    0x00, 0x00, 0xc0, 0x00, 0x00, 0x00, 0x00, 0x00, 0x00, 0x00, 0x00, 0x00, 0x00, 0xc0, 0x00, 0x00,
    0x00, 0x00, 0x00, 0x00, 0x00, 0x00, 0x00, 0x00, 0x00, 0x00, 0x00, 0x00, 0x00, 0x00, 0x00, 0x00,
    0x00, 0x00, 0x00, 0x00, 0x00, 0x00, 0x00, 0x00, 0x00, 0x00, 0x00, 0x00, 0x00, 0x00, 0x00, 0x00,
    0x00, 0x00, 0x00, 0x00, 0x00, 0x00, 0x00, 0x00, 0x00, 0x00, 0x00, 0x00, 0x00, 0x00, 0x00, 0x00,
    0x00, 0xc0, 0x00, 0x00, 0x30, 0xc0, 0x00, 0x30, 0x30, 0x00, 0x00, 0x0c, 0x00, 0x0c, 0x00, 0xc0,
    0x00, 0x00, 0x00, 0x00, 0x00, 0x0c, 0x03, 0x00, 0x30, 0x00, 0x00, 0x40, 0x00, 0x00, 0x00, 0x0c,
    0x00, 0x00, 0x00, 0x30, 0x00, 0x00, 0x00, 0x00, 0x00, 0x00, 0x0c, 0x00, 0x00, 0x00, 0x00, 0x00,
    0x00, 0x00, 0x00, 0x00, 0x00, 0x00, 0x00, 0x30, 0x00, 0x00, 0x00, 0x00, 0x00, 0x00, 0x00, 0x30,
    0x00, 0x00, 0x00, 0x00, 0x00, 0x00, 0x00, 0x00, 0x00, 0x00, 0x00, 0x00, 0x00, 0x00, 0x00, 0x00,
    0x00, 0x00, 0x00, 0x00, 0x00, 0x00, 0x00, 0x00, 0x00, 0x00, 0x00, 0x00, 0x00, 0x00, 0x00, 0x00,
    0x00, 0x00, 0x00, 0x00, 0x00, 0x00, 0x00, 0x00, 0x00, 0x00, 0x00, 0x00, 0x00, 0x00, 0x00, 0x00,
    0x00, 0x00, 0x00, 0xc0, 0x03, 0x00, 0x00, 0x00, 0x0c, 0x00, 0x00, 0x03, 0x00, 0x00, 0x03, 0x00,
    0x00, 0xc0, 0x30, 0xc0, 0x30, 0x00, 0x00, 0x00, 0x00, 0x03, 0x00, 0x0c, 0x00, 0x00, 0x30, 0x03,
    0x00, 0x10, 0xc0, 0x30, 0x30, 0x00, 0xc0, 0xc0, 0x00, 0x03, 0x0c, 0x00, 0x00, 0x00, 0x00, 0x00,
    0x30, 0x00, 0x00, 0x00, 0x00, 0x00, 0x00, 0x0c, 0x00, 0x00, 0x00, 0x00, 0x00, 0x03, 0x03, 0x00,
    0x30, 0xc0, 0x00, 0x00, 0x03, 0x00, 0x00, 0x00, 0x00, 0x00, 0x00, 0x00, 0x00, 0x00, 0x00, 0x00,
    0x00, 0x00, 0x00, 0x00, 0x00, 0x00, 0x00, 0x00, 0x00, 0x00, 0x00, 0x00, 0x00, 0x00, 0x00, 0x00,
    0x00, 0x00, 0x00, 0x00, 0x00, 0x00, 0x00, 0x00, 0x00, 0x00, 0x00, 0x00, 0x00, 0x00, 0x00, 0x00,
    0x00, 0x00, 0x00, 0x0c, 0x00, 0xc0, 0x00, 0x00, 0x30, 0x00, 0x00, 0x00, 0x00, 0x00, 0x00, 0x00,
    0x00, 0x00, 0x0c, 0x30, 0x00, 0x00, 0x30, 0x03, 0x00, 0x0c, 0x0c, 0x03, 0x03, 0x0c, 0x30, 0x30,
    0xcc, 0x30, 0x0c, 0x00, 0x30, 0xc0, 0x00, 0x00, 0x00, 0x0c, 0x03, 0x00, 0x00, 0x30, 0x00, 0x00,
    0x00, 0x30, 0x00, 0x00, 0x00, 0x00, 0x00, 0x0c, 0x00, 0x00, 0x00, 0x03, 0x00, 0x00, 0x03, 0x00,
    0x00, 0x00, 0x00, 0x00, 0x00, 0x00, 0x00, 0x00, 0x00, 0x03, 0x00, 0x00, 0x00, 0x03, 0x00, 0x00,
    0x00, 0xc0, 0x00, 0x00, 0x00, 0x00, 0x00, 0x00, 0x00, 0x00, 0x00, 0x00, 0x00, 0x00, 0x00, 0x00,
    0x00, 0x00, 0x00, 0x00, 0x00, 0x00, 0x00, 0x00, 0x00, 0x00, 0x00, 0x00, 0x00, 0x00, 0x00, 0x00,
    0x00, 0x00, 0x00, 0x00, 0x00, 0x00, 0x00, 0x00, 0x0c, 0x00, 0x03, 0x00, 0x00, 0x00, 0x00, 0x00,
    0x00, 0x00, 0x00, 0x00, 0x00, 0x00, 0x00, 0x00, 0x00, 0x00, 0xc0, 0x00, 0x00, 0x0c, 0x00, 0x00,
    0x0c, 0x03, 0xcc, 0xf3, 0x30, 0xc3, 0x0c, 0x03, 0x00, 0x00, 0x00, 0xc0, 0x00, 0x03, 0x00, 0xc0,
    0x03, 0x00, 0x00, 0x00, 0x03, 0x00, 0x00, 0x00, 0x30, 0x00, 0x00, 0x00, 0x00, 0x00, 0x30, 0x00,
    0x00, 0x03, 0x00, 0x00, 0x00, 0x0c, 0x00, 0x00, 0x00, 0x00, 0x00, 0x03, 0x00, 0xc0, 0x00, 0x00,
    0x00, 0x00, 0x00, 0xc0, 0xc0, 0x00, 0x00, 0x00, 0x00, 0x00, 0x00, 0x00, 0x00, 0x00, 0x00, 0x00,
    0x00, 0x00, 0x00, 0x00, 0x00, 0x00, 0x00, 0x00, 0x00, 0x00, 0x00, 0x03, 0x00, 0x30, 0x00, 0x00,
    0x00, 0x00, 0x00, 0x00, 0x00, 0x00, 0x00, 0x00, 0x00, 0x00, 0x00, 0x00, 0x00, 0x00, 0x00, 0x00,
    0x00, 0x00, 0x00, 0x00, 0x00, 0x00, 0x00, 0x00, 0x00, 0x00, 0x00, 0x00, 0x00, 0x00, 0x00, 0x00,
    0x00, 0x04, 0x00, 0x00, 0x03, 0x00, 0x00, 0x30, 0x00, 0xcc, 0xcf, 0x3c, 0xcc, 0xcc, 0xcf, 0xcc,
    0xcc, 0xcc, 0xcc, 0x0c, 0x30, 0x30, 0x0c, 0x03, 0x00, 0x00, 0x00, 0x0c, 0x30, 0x00, 0x30, 0x30,
    0x00, 0x00, 0x00, 0x00, 0xc0, 0x30, 0x00, 0x00, 0x00, 0x00, 0x00, 0x00, 0x00, 0x00, 0x00, 0x00,
    0x00, 0x30, 0x0c, 0x00, 0x00, 0x00, 0x00, 0x00, 0x0c, 0x00, 0x0c, 0x00, 0x00, 0x00, 0x00, 0x00,
    0x00, 0x00, 0x00, 0x00, 0x00, 0x00, 0x00, 0x00, 0x00, 0x03, 0x00, 0x00, 0x00, 0x00, 0x00, 0x00,
    0x00, 0x00, 0x00, 0x00, 0x00, 0x00, 0x00, 0x00, 0x00, 0x00, 0x00, 0x00, 0x00, 0x00, 0x00, 0xc0,
    0x00, 0x00, 0x00, 0x00, 0x00, 0x00, 0x00, 0x03, 0x00, 0x00, 0x00, 0x00, 0x00, 0x00, 0x00, 0x00,
    0x00, 0x00, 0x00, 0x00, 0x00, 0x00, 0x00, 0x00, 0x01, 0x00, 0x00, 0x00, 0x30, 0x00, 0x0c, 0x00,
    0xc0, 0x0c, 0xf1, 0xc0, 0x00, 0x73, 0x30, 0xcc, 0xcc, 0xcc, 0x30, 0xc3, 0x0c, 0xc0, 0xc0, 0x30,
    0x30, 0xc3, 0x0c, 0x00, 0x00, 0x03, 0x00, 0x00, 0x00, 0xc0, 0x30, 0x30, 0x00, 0x00, 0x00, 0x00,
    0x00, 0x00, 0x00, 0x00, 0x00, 0x00, 0x00, 0x00, 0x03, 0x00, 0x00, 0x00, 0x00, 0x00, 0x00, 0x0c,
    0x00, 0x30, 0x00, 0x00, 0x00, 0x00, 0x00, 0x00, 0x00, 0x00, 0x00, 0x00, 0x00, 0x00, 0x00, 0x00,
    0x00, 0x00, 0x00, 0x00, 0x00, 0x00, 0x00, 0x00, 0x00, 0x00, 0x00, 0x00, 0x00, 0x00, 0x00, 0x00,
    0x00, 0x00, 0x00, 0x00, 0x00, 0x00, 0x00, 0x00, 0x00, 0x00, 0x00, 0x00, 0x00, 0x00, 0x00, 0x30,
    0x00, 0x00, 0x00, 0x00, 0x00, 0x00, 0x00, 0x00, 0x00, 0x00, 0x00, 0x00, 0x00, 0x00, 0x00, 0x00,
    0x00, 0x30, 0x00, 0xc0, 0x00, 0x03, 0x00, 0x0c, 0x0c, 0xc3, 0x30, 0x0c, 0x4c, 0x31, 0xcc, 0x73,
    0x13, 0x00, 0x03, 0x0c, 0x30, 0x33, 0x0c, 0xc3, 0x0c, 0x30, 0x30, 0xc3, 0x00, 0xc0, 0x03, 0x03,
    0x0c, 0x01, 0x00, 0x00, 0x00, 0x00, 0x00, 0x00, 0x00, 0x00, 0x00, 0xc0, 0x03, 0x00, 0x00, 0x00,
    0x00, 0x00, 0x00, 0x00, 0x00, 0x00, 0x0c, 0x00, 0x00, 0x00, 0x00, 0x00, 0x00, 0x30, 0x00, 0x00,
    0x00, 0x00, 0x00, 0x00, 0x00, 0x00, 0x00, 0x00, 0x00, 0x00, 0x00, 0x00, 0x00, 0x00, 0x00, 0x00,
    0x00, 0x00, 0x00, 0x00, 0x00, 0x00, 0x00, 0x00, 0x00, 0x00, 0x00, 0x00, 0x00, 0x00, 0x00, 0x00,
    0x00, 0x00, 0x00, 0x00, 0x00, 0x00, 0x00, 0x00, 0x00, 0x00, 0x00, 0x00, 0x00, 0x00, 0x00, 0x0c,
    0x00, 0x00, 0x00, 0x00, 0x00, 0x00, 0x00, 0x00, 0x0c, 0x00, 0x30, 0x00, 0x00, 0x30, 0x00, 0xc0,
    0x00, 0x33, 0x33, 0x00, 0xc3, 0x0c, 0x33, 0x00, 0xc0, 0x04, 0xc0, 0x00, 0x00, 0x00, 0x00, 0x0c,
    0x33, 0x33, 0x0c, 0x30, 0xcc, 0x0c, 0x30, 0x00, 0x00, 0x00, 0x00, 0x00, 0x00, 0x00, 0x00, 0x30,
    0x03, 0x00, 0x00, 0x00, 0x00, 0x00, 0x0c, 0x00, 0x00, 0x00, 0x00, 0x00, 0x0c, 0x00, 0xc0, 0x00,
    0x0c, 0x00, 0xc0, 0x00, 0x03, 0x00, 0x00, 0x30, 0x00, 0x00, 0x00, 0x00, 0x00, 0x00, 0x00, 0x00,
    0x00, 0x00, 0x00, 0x00, 0x00, 0x00, 0x00, 0x00, 0x00, 0x00, 0x00, 0x00, 0x00, 0x00, 0x00, 0x00,
    0x00, 0x00, 0x00, 0x00, 0x00, 0x00, 0x00, 0x00, 0x00, 0x00, 0x00, 0x00, 0x00, 0x00, 0x00, 0x00,
    0x00, 0x00, 0x00, 0x00, 0x00, 0x00, 0x00, 0x00, 0x00, 0x00, 0x00, 0x00, 0x00, 0x00, 0x00, 0x00,
    0x00, 0x00, 0x00, 0x03, 0x03, 0x00, 0x0c, 0x03, 0x33, 0x0c, 0xc4, 0xcc, 0xcc, 0xc3, 0x00, 0x30,
    0x00, 0x00, 0x00, 0x00, 0x01, 0x00, 0x4c, 0x00, 0x0c, 0xcc, 0xcc, 0xcf, 0x33, 0xcc, 0xcc, 0xcc,
    0xcc, 0xcc, 0xcc, 0xc3, 0x03, 0x00, 0x0c, 0x00, 0x00, 0x00, 0xc0, 0x00, 0x30, 0x00, 0x00, 0x03,
    0x00, 0x00, 0x00, 0x0c, 0x00, 0x00, 0x00, 0x00, 0xc0, 0x0c, 0x00, 0x30, 0x30, 0x00, 0x03, 0x00,
    0x00, 0x00, 0x00, 0x00, 0x00, 0x00, 0x00, 0x00, 0x00, 0x00, 0x00, 0x00, 0x00, 0x00, 0x00, 0x00,
    0x00, 0x00, 0x00, 0x00, 0x00, 0x00, 0x00, 0x00, 0x00, 0x00, 0x00, 0x00, 0x00, 0x00, 0x00, 0x00,
    0x00, 0x00, 0x03, 0x00, 0x00, 0x00, 0x00, 0x00, 0x00, 0x00, 0x00, 0x00, 0x00, 0x00, 0x00, 0x00,
    0x00, 0x00, 0x00, 0x00, 0x00, 0x00, 0x00, 0x00, 0x00, 0x03, 0x00, 0x00, 0x00, 0x00, 0x00, 0x00,
    0x00, 0x33, 0xcc, 0x30, 0x10, 0x30, 0x30, 0x00, 0x0c, 0x30, 0x00, 0x04, 0x30, 0x0c, 0x00, 0x30,
    0xc0, 0x10, 0x0c, 0xc4, 0xcc, 0xcc, 0xcc, 0xcc, 0x00, 0x00, 0x00, 0x30, 0x30, 0x00, 0xc0, 0x00,
    0x00, 0x00, 0x00, 0x00, 0x00, 0x00, 0x00, 0x00, 0x00, 0x00, 0x03, 0x00, 0x00, 0x00, 0x00, 0x00,
    0x00, 0x00, 0x00, 0x00, 0x00, 0x00, 0x00, 0x00, 0x00, 0x00, 0x00, 0x00, 0xc0, 0x00, 0x00, 0x00,
    0x00, 0x00, 0x00, 0x00, 0x30, 0x00, 0x00, 0x00, 0x00, 0x00, 0x00, 0x00, 0x00, 0x00, 0x00, 0x00,
    0x00, 0x00, 0x00, 0x00, 0x00, 0x00, 0x00, 0x00, 0x00, 0x0c, 0x00, 0x00, 0x00, 0x00, 0x0c, 0x00,
    0x00, 0x00, 0x00, 0x00, 0x00, 0x00, 0x00, 0x00, 0x00, 0x00, 0x00, 0x00, 0x00, 0x00, 0x00, 0x00,
    0x00, 0x30, 0x00, 0xc0, 0x00, 0x03, 0x00, 0xc3, 0x0c, 0x33, 0x33, 0x0c, 0xcc, 0x03, 0x03, 0x0c,
    0x00, 0x00, 0x30, 0xc0, 0x00, 0x00, 0x03, 0x0c, 0x33, 0x33, 0x30, 0xcc, 0xcc, 0x30, 0x33, 0x03,
    0x13, 0x0c, 0xcc, 0x03, 0x03, 0x00, 0x00, 0x00, 0x00, 0x00, 0x00, 0x00, 0x00, 0x00, 0xc0, 0x00,
    0x00, 0x00, 0xc0, 0x00, 0x00, 0x00, 0x00, 0x30, 0x00, 0x00, 0x00, 0x00, 0x00, 0x00, 0x00, 0x00,
    0x00, 0x00, 0x00, 0x00, 0x00, 0x00, 0x00, 0x00, 0x00, 0x00, 0x00, 0x00, 0x00, 0x00, 0x00, 0x00,
    0x00, 0x00, 0x00, 0x30, 0x00, 0x00, 0x00, 0x00, 0x00, 0x00, 0x00, 0x03, 0x00, 0x00, 0x00, 0x00,
    0x00, 0x00, 0x00, 0x00, 0x00, 0x00, 0x00, 0x00, 0x00, 0x00, 0x00, 0x00, 0x00, 0x00, 0x00, 0x00,
    0x00, 0x00, 0x0c, 0x00, 0x00, 0x00, 0x00, 0x00, 0x03, 0x00, 0x00, 0x00, 0xc1, 0x00, 0x0c, 0x00,
    0x30, 0xcc, 0xdc, 0xc4, 0x03, 0x30, 0xc0, 0xc3, 0x33, 0x0c, 0x00, 0x00, 0x00, 0xc0, 0xc0, 0xc3,
    0x04, 0x00, 0x0c, 0x4c, 0x33, 0x0c, 0xc0, 0xcc, 0x30, 0x00, 0x00, 0x00, 0x01, 0x0c, 0x00, 0x00,
    0x00, 0x00, 0x00, 0x03, 0x00, 0x00, 0x00, 0x00, 0x00, 0xc0, 0x00, 0x00, 0x00, 0x0c, 0x00, 0x00,
    0x03, 0x0c, 0x0c, 0x00, 0x00, 0x00, 0x00, 0x00, 0x00, 0x00, 0x00, 0x00, 0x00, 0x00, 0x00, 0x00,
    0x00, 0x00, 0x00, 0x00, 0x00, 0x00, 0x00, 0x00, 0x00, 0x30, 0x00, 0x00, 0x00, 0x00, 0x00, 0x00,
    0x00, 0x00, 0x00, 0x00, 0x00, 0x03, 0x00, 0x00, 0x00, 0x00, 0x00, 0x00, 0x00, 0x00, 0x00, 0x00,
    0x00, 0x00, 0x03, 0x00, 0x00, 0x00, 0x0c, 0x00, 0x00, 0x00, 0x00, 0x00, 0x00, 0x00, 0x00, 0x00,
    0x00, 0x00, 0x0c, 0x00, 0x00, 0xc0, 0xc0, 0x33, 0x03, 0x0f, 0x31, 0x33, 0xcc, 0xcc, 0x73, 0x30,
    0xc0, 0xc3, 0x33, 0x0c, 0xc0, 0x0c, 0x33, 0x30, 0xc3, 0x0c, 0xc7, 0x33, 0x0c, 0xc4, 0xcc, 0x33,
    0x00, 0x00, 0x00, 0x10, 0x13, 0x00, 0x00, 0x00, 0x30, 0x30, 0x00, 0x30, 0x00, 0x00, 0x00, 0x00,
    0x00, 0x00, 0x00, 0x00, 0x00, 0xc0, 0x03, 0x00, 0x30, 0x00, 0x00, 0x03, 0x00, 0x03, 0x00, 0x00,
    0x00, 0x00, 0x00, 0x00, 0x00, 0x00, 0x00, 0x00, 0x00, 0x00, 0x00, 0x00, 0x00, 0x00, 0x00, 0x00,
    0x00, 0x00, 0x00, 0x00, 0x00, 0x00, 0x00, 0x00, 0x00, 0x00, 0x00, 0x00, 0x00, 0x00, 0x00, 0x00,
    0x00, 0x00, 0x00, 0x00, 0x00, 0x03, 0x00, 0x00, 0x00, 0x00, 0x00, 0x00, 0x00, 0x00, 0x00, 0x00,
    0x00, 0x03, 0x00, 0x00, 0x00, 0x00, 0x00, 0x00, 0x00, 0x00, 0x00, 0x00, 0x00, 0x00, 0x00, 0x00,
    0x30, 0x33, 0xcc, 0xcc, 0x4c, 0x4c, 0x31, 0x0c, 0x73, 0x30, 0x40, 0xc0, 0x33, 0x03, 0x0c, 0x00,
    0x00, 0xc3, 0x30, 0xc0, 0xc3, 0x33, 0x03, 0x00, 0xcc, 0xc0, 0x00, 0x00, 0x00, 0xc0, 0x00, 0x00,
    0x00, 0x00, 0x03, 0x00, 0x00, 0x00, 0x00, 0x0c, 0x00, 0x00, 0x00, 0x00, 0x0c, 0x00, 0x00, 0x00,
    0x00, 0x00, 0x00, 0x00, 0x00, 0x30, 0x00, 0x00, 0x00, 0x00, 0x00, 0x00, 0x00, 0x00, 0x00, 0x00,
    0x00, 0x00, 0x00, 0x00, 0x00, 0x00, 0x00, 0x00, 0x00, 0x00, 0x00, 0x00, 0x00, 0x00, 0x00, 0x00,
    0x00, 0x00, 0x00, 0x00, 0x00, 0x00, 0x00, 0x00, 0x00, 0x00, 0x00, 0x00, 0x00, 0x00, 0x00, 0x00,
    0x00, 0x00, 0x00, 0x00, 0x00, 0x00, 0x00, 0x00, 0x00, 0x00, 0x00, 0x00, 0x00, 0x00, 0x00, 0x00,
    0x00, 0x04, 0x00, 0x30, 0xc0, 0x0c, 0x03, 0x0c, 0x03, 0x0c, 0xcc, 0x33, 0x33, 0x33, 0x0c, 0xc7,
    0x0c, 0x1c, 0xcc, 0x73, 0x00, 0xcc, 0xc3, 0x0c, 0x30, 0x30, 0x0c, 0x33, 0x30, 0xc3, 0x30, 0xc0,
    0x03, 0x0c, 0x30, 0x30, 0x30, 0x00, 0x00, 0x0c, 0x00, 0x00, 0x00, 0x00, 0x00, 0x0c, 0x00, 0x00,
    0x00, 0x00, 0x00, 0x00, 0x00, 0x00, 0x00, 0x00, 0x00, 0x03, 0x00, 0x30, 0x00, 0x00, 0x00, 0x00,
    0x00, 0x00, 0x00, 0x00, 0x00, 0x00, 0x0c, 0x00, 0x00, 0x0c, 0x00, 0x00, 0x00, 0x00, 0x00, 0x00,
    0x00, 0x00, 0x00, 0x00, 0x00, 0x00, 0x00, 0x00, 0x00, 0x00, 0x00, 0x00, 0x00, 0x00, 0x00, 0x00,
    0x00, 0x00, 0x00, 0x00, 0x00, 0x00, 0x00, 0x00, 0x00, 0x00, 0x00, 0x00, 0x03, 0x00, 0x00, 0x00,
    0x00, 0xc0, 0x00, 0x00, 0x00, 0x00, 0x00, 0x00, 0x0c, 0x00, 0xc0, 0x00, 0x03, 0x00, 0x30, 0x00,
    0xc0, 0xcf, 0x33, 0x10, 0xc4, 0xcc, 0xc4, 0xc0, 0xc3, 0x00, 0x04, 0x0c, 0xcc, 0xc0, 0x30, 0x00,
    0x0c, 0xc3, 0x33, 0x0c, 0x33, 0x30, 0xcc, 0x33, 0x30, 0xc3, 0x00, 0x00, 0x03, 0x00, 0x00, 0xc0,
    0x00, 0x00, 0x00, 0x00, 0x00, 0x00, 0x00, 0xc0, 0x03, 0x00, 0x00, 0x03, 0x00, 0x00, 0x00, 0x03,
    0x00, 0xc0, 0x03, 0x00, 0x00, 0x00, 0x00, 0x00, 0x00, 0x03, 0x00, 0x00, 0x00, 0x00, 0x00, 0x00,
    0x00, 0x00, 0x00, 0x00, 0x00, 0x00, 0x00, 0x00, 0x00, 0x00, 0x00, 0x00, 0x00, 0x00, 0x00, 0x00,
    0x00, 0x00, 0x00, 0x00, 0x00, 0x00, 0x00, 0x00, 0x00, 0x00, 0x00, 0x00, 0x00, 0x00, 0x00, 0x00,
    0x00, 0x00, 0x00, 0x00, 0x00, 0x00, 0x00, 0x00, 0x00, 0x00, 0x00, 0x00, 0x00, 0x03, 0x00, 0x00,
    0x00, 0x30, 0x00, 0x00, 0x00, 0x00, 0x00, 0xc0, 0x30, 0x33, 0xcc, 0xcc, 0x33, 0x04, 0xcc, 0x33,
    0x30, 0xcc, 0xc3, 0x30, 0xc3, 0x0c, 0x00, 0x33, 0x30, 0x30, 0xc0, 0xc3, 0x0c, 0x33, 0x03, 0x00,
    0x00, 0x30, 0x30, 0xc0, 0xc0, 0x00, 0x30, 0x00, 0x00, 0x00, 0x30, 0x00, 0x00, 0x00, 0x00, 0x00,
    0x00, 0x00, 0x0c, 0x00, 0x00, 0x00, 0x00, 0xc0, 0x00, 0x00, 0x00, 0x00, 0x03, 0x00, 0x00, 0x00,
    0x00, 0x00, 0x00, 0x00, 0x00, 0x00, 0x00, 0x00, 0x00, 0x00, 0x00, 0x00, 0x00, 0x00, 0x00, 0x00,
    0x00, 0x00, 0x00, 0x00, 0x00, 0x00, 0x00, 0x00, 0x00, 0x00, 0x00, 0x00, 0x00, 0x00, 0x00, 0x00,
    0x00, 0x00, 0x00, 0x00, 0x00, 0x00, 0x00, 0x00, 0x00, 0x00, 0x00, 0x00, 0x00, 0x00, 0x00, 0x00,
    0x00, 0x00, 0x00, 0x00, 0x00, 0x00, 0x00, 0x00, 0x00, 0x00, 0x03, 0x01, 0x00, 0x0c, 0x00, 0x0c,
    0x0c, 0xcc, 0xcd, 0x33, 0x00, 0xcc, 0x33, 0x30, 0x4c, 0x40, 0x30, 0x0c, 0x30, 0x00, 0x03, 0x00,
    0xc3, 0x0c, 0x33, 0x30, 0xc3, 0x0c, 0xcc, 0xcc, 0xc3, 0x03, 0x0c, 0x0c, 0x0c, 0xc3, 0x00, 0x00,
    0x00, 0x03, 0x00, 0x00, 0x00, 0xc0, 0x00, 0x00, 0x00, 0x00, 0xc0, 0x00, 0x00, 0x00, 0x30, 0x00,
    0x0c, 0x00, 0x00, 0x00, 0x00, 0x00, 0x00, 0x00, 0x00, 0x00, 0x00, 0x00, 0x00, 0x00, 0x00, 0x00,
    0x00, 0x00, 0x00, 0x00, 0x00, 0x00, 0x00, 0x00, 0x00, 0x00, 0x00, 0x00, 0x00, 0x00, 0x00, 0x00,
    0x00, 0x00, 0x00, 0x00, 0x00, 0x00, 0x00, 0x00, 0x00, 0x00, 0x00, 0x00, 0x00, 0x00, 0x00, 0x00,
    0x00, 0x00, 0x00, 0x00, 0x00, 0x00, 0x00, 0x00, 0x30, 0x00, 0x00, 0x00, 0x00, 0x00, 0x00, 0x00,
    0x00, 0x00, 0x30, 0x00, 0xc3, 0x00, 0x30, 0xc0, 0xc0, 0x33, 0xcc, 0xcc, 0xdc, 0x03, 0x00, 0x4c,
    0xc3, 0x33, 0x0c, 0xc3, 0x03, 0x03, 0x00, 0x33, 0x0c, 0x33, 0x0c, 0x33, 0x33, 0x30, 0x30, 0x30,
    0x30, 0x30, 0x00, 0xc0, 0x03, 0x00, 0x00, 0x00, 0x00, 0xc0, 0x00, 0x00, 0x00, 0x00, 0x00, 0x00,
    0x00, 0x00, 0x00, 0x00, 0x00, 0x00, 0x00, 0x00, 0x00, 0x0c, 0x0c, 0x00, 0x00, 0x00, 0x00, 0x00,
    0x00, 0x00, 0x00, 0x00, 0x00, 0x00, 0x00, 0x00, 0x00, 0x00, 0x00, 0x00, 0x00, 0x00, 0x00, 0x00,
    0x00, 0x00, 0x00, 0x00, 0x00, 0x00, 0x00, 0x00, 0x00, 0x00, 0x00, 0x00, 0x00, 0x00, 0x00, 0x00,
    0x00, 0x00, 0x00, 0x00, 0x00, 0x00, 0x00, 0x00, 0x00, 0x00, 0x00, 0x00, 0x00, 0x00, 0x00, 0x00,
    0x00, 0x00, 0x00, 0x00, 0x00, 0x00, 0x00, 0x00, 0x04, 0x0c, 0x00, 0x0c, 0x00, 0x00, 0x00, 0x03,
    0x0c, 0xcc, 0xc4, 0xc7, 0x0c, 0xcc, 0x30, 0xc1, 0x30, 0xc3, 0x30, 0xcc, 0x00, 0x00, 0x33, 0x0c,
    0x03, 0x0c, 0xc3, 0x0c, 0x30, 0xcc, 0xcc, 0xcc, 0xcc, 0x00, 0xcc, 0x0c, 0xc0, 0x00, 0x00, 0x00,
    0x00, 0x00, 0x00, 0x00, 0x30, 0x00, 0x00, 0x00, 0x00, 0x00, 0x00, 0x00, 0x00, 0x30, 0x00, 0x00,
    0x00, 0x00, 0x00, 0x00, 0xc0, 0x00, 0x00, 0x0c, 0x00, 0xc0, 0x00, 0x00, 0x00, 0x00, 0x00, 0x00,
    0x00, 0x00, 0x00, 0x00, 0x00, 0x00, 0x00, 0x00, 0x00, 0x00, 0x00, 0x00, 0x00, 0x0c, 0x00, 0x00,
    0x00, 0x00, 0x00, 0x00, 0x00, 0x00, 0x00, 0x00, 0x00, 0xc0, 0x00, 0x00, 0x00, 0x00, 0x00, 0x00,
    0x00, 0x00, 0x00, 0x00, 0x00, 0x00, 0x0c, 0x00, 0x00, 0x00, 0x00, 0x00, 0x00, 0x00, 0x00, 0x00,
    0x00, 0xc0, 0x00, 0x00, 0x00, 0x0c, 0x0c, 0x30, 0x00, 0x33, 0xcc, 0x30, 0xcc, 0xc3, 0x00, 0x0c,
    0x0c, 0x30, 0x0c, 0x03, 0x0c, 0x00, 0x00, 0xc3, 0x30, 0xc0, 0x30, 0xc3, 0x0c, 0x30, 0xc3, 0x03,
    0x03, 0x30, 0x00, 0xc0, 0x0c, 0xc0, 0x00, 0x00, 0x30, 0x00, 0x00, 0x00, 0x00, 0x00, 0x0c, 0x00,
    0xc0, 0x30, 0x00, 0x00, 0x30, 0x00, 0x00, 0x03, 0x03, 0x00, 0x00, 0x00, 0x00, 0x0c, 0x03, 0x00,
    0x00, 0x00, 0x00, 0x00, 0x00, 0x00, 0x00, 0x00, 0x00, 0x00, 0x00, 0x00, 0x00, 0x00, 0x00, 0x00,
    0x00, 0x00, 0x00, 0x00, 0x00, 0xc0, 0x00, 0x00, 0x00, 0x00, 0x00, 0x30, 0x00, 0x00, 0x00, 0x00,
    0x00, 0x00, 0x00, 0x00, 0x00, 0x00, 0x00, 0x00, 0x00, 0x00, 0x03, 0x00, 0xc0, 0x00, 0x00, 0x00,
    0x00, 0x00, 0x00, 0x00, 0x00, 0x00, 0x00, 0x00, 0x00, 0x00, 0x00, 0x00, 0x03, 0x00, 0x00, 0x00,
    0xcc, 0xcc, 0xf3, 0x33, 0x31, 0x31, 0xcc, 0xc0, 0x00, 0x03, 0x00, 0xc4, 0xc0, 0x33, 0x33, 0x30,
    0x0c, 0x33, 0x0c, 0x30, 0xcc, 0xcc, 0x30, 0xcc, 0xcc, 0x0c, 0x30, 0x03, 0x03, 0x00, 0x00, 0x00,
    0x00, 0x00, 0x00, 0x03, 0x00, 0x00, 0x00, 0x00, 0x00, 0x00, 0x00, 0x03, 0x00, 0x00, 0x00, 0x30,
    0x00, 0x03, 0x00, 0x0c, 0x00, 0x00, 0x00, 0x00, 0x00, 0x00, 0x00, 0x00, 0x00, 0x00, 0x00, 0x00,
    0x00, 0x00, 0x00, 0x00, 0x00, 0x00, 0x00, 0x00, 0x00, 0x00, 0x00, 0x00, 0xc0, 0x00, 0x00, 0x00,
    0x00, 0x00, 0x00, 0x00, 0x00, 0x00, 0x00, 0x00, 0x00, 0x00, 0x00, 0x00, 0x00, 0x00, 0x00, 0x00,
    0x00, 0x00, 0x00, 0x00, 0x00, 0x00, 0x00, 0x00, 0x00, 0x00, 0x00, 0x00, 0x00, 0x00, 0x00, 0x00,
    0x0c, 0x00, 0x0c, 0x30, 0x30, 0x00, 0xc3, 0x0c, 0x00, 0x33, 0x33, 0x13, 0x1c, 0xcc, 0x31, 0x0c,
    0xc3, 0x00, 0x30, 0x00, 0x04, 0x00, 0x30, 0x00, 0xc3, 0x0c, 0xc3, 0x33, 0x0c, 0x33, 0x0c, 0x30,
    0x03, 0x30, 0xc0, 0xc0, 0x30, 0x00, 0x0c, 0x0c, 0x00, 0x00, 0x00, 0x00, 0x00, 0x00, 0x00, 0x00,
    0x00, 0x00, 0x00, 0x30, 0x00, 0x00, 0x30, 0x00, 0x00, 0x30, 0x00, 0xc0, 0x00, 0x00, 0x00, 0x00,
    0x00, 0x00, 0x00, 0x00, 0x00, 0x30, 0x00, 0x00, 0x00, 0x00, 0x00, 0x00, 0x00, 0x00, 0x00, 0x00,
    0x00, 0x00, 0x00, 0x00, 0x00, 0x00, 0x00, 0x00, 0xc0, 0x00, 0x00, 0x00, 0x00, 0x00, 0x00, 0x00,
    0x00, 0x00, 0x00, 0x00, 0x00, 0x00, 0x00, 0x00, 0x00, 0x00, 0x00, 0x00, 0x00, 0x00, 0x00, 0x00,
    0x00, 0x00, 0x00, 0x00, 0x00, 0x00, 0x00, 0x00, 0x00, 0x00, 0xc0, 0x00, 0x00, 0x0c, 0x00, 0x00,
    0xcc, 0xcf, 0x34, 0xcc, 0xc3, 0x33, 0x1c, 0xc0, 0x00, 0x0c, 0x00, 0x30, 0xc3, 0x33, 0x0c, 0xc0,
    0x30, 0xc0, 0x30, 0xc3, 0x33, 0x03, 0x33, 0x0c, 0xcc, 0x0c, 0x0c, 0x0c, 0x0c, 0xc0, 0xc0, 0x00,
    0x00, 0x00, 0x00, 0xc0, 0x00, 0x00, 0x00, 0x00, 0x00, 0x00, 0x00, 0x00, 0x00, 0x00, 0x00, 0x00,
    0x0c, 0x00, 0x00, 0x00, 0x00, 0xc0, 0x00, 0x00, 0x00, 0x00, 0x00, 0x00, 0x03, 0x00, 0x00, 0x00,
    0x00, 0x00, 0x00, 0x00, 0x00, 0x00, 0x00, 0x00, 0x00, 0x00, 0x00, 0x00, 0x00, 0x00, 0x00, 0x00,
    0x00, 0x00, 0x00, 0x00, 0x00, 0x00, 0x00, 0x00, 0x00, 0x00, 0x00, 0x00, 0x00, 0x03, 0x00, 0x00,
    0x00, 0x00, 0x00, 0x00, 0x00, 0x00, 0x00, 0x00, 0x00, 0x00, 0x00, 0x00, 0x00, 0x00, 0x00, 0x00,
    0x00, 0x0c, 0x00, 0x00, 0x00, 0x00, 0x00, 0xc3, 0x00, 0x33, 0xcc, 0xcc, 0x70, 0xc4, 0xc0, 0xcd,
    0xcc, 0xc0, 0x04, 0x00, 0x00, 0x0c, 0xc0, 0x0c, 0xcc, 0x33, 0x0c, 0x30, 0xc0, 0xcc, 0x0c, 0xc3,
    0x03, 0x03, 0x30, 0xc0, 0x00, 0x00, 0x00, 0x00, 0x00, 0x00, 0x0c, 0x00, 0x00, 0x03, 0x00, 0x0c,
    0x00, 0x00, 0x0c, 0x00, 0x00, 0x00, 0x00, 0x00, 0x00, 0x00, 0x0c, 0x00, 0x00, 0x00, 0x00, 0x00,
    0x00, 0x00, 0x00, 0x00, 0x00, 0x00, 0x00, 0x00, 0x00, 0x00, 0x00, 0x00, 0x00, 0x00, 0x00, 0x00,
    0x00, 0x00, 0x00, 0x00, 0x00, 0x00, 0x00, 0x00, 0x00, 0x00, 0x00, 0x00, 0x00, 0x00, 0x00, 0x00,
    0x00, 0x00, 0x00, 0x00, 0x00, 0x00, 0x00, 0x00, 0x00, 0x00, 0x00, 0x00, 0x00, 0x00, 0x00, 0x00,
    0x00, 0x00, 0x00, 0x00, 0x00, 0x00, 0x00, 0x00, 0x00, 0x00, 0x00, 0x04, 0xc0, 0xc0, 0x30, 0x00,
    0x33, 0x33, 0x33, 0x33, 0x0c, 0x4c, 0x33, 0x10, 0x30, 0x01, 0x03, 0x03, 0x33, 0x30, 0x33, 0x00,
    0x33, 0x30, 0xc3, 0x0c, 0x33, 0x33, 0x30, 0x30, 0xc0, 0xc0, 0x0c, 0x00, 0xcc, 0x00, 0x00, 0x00,
    0x00, 0x0c, 0x00, 0x00, 0x00, 0x00, 0x00, 0x00, 0x00, 0xc0, 0x00, 0x00, 0x00, 0x0c, 0x00, 0x0c,
    0x00, 0x00, 0xc0, 0x00, 0x00, 0x00, 0x00, 0x00, 0x00, 0x00, 0x00, 0x00, 0x00, 0x00, 0x00, 0x00,
    0x00, 0x00, 0x00, 0x00, 0x00, 0x00, 0x00, 0x00, 0x00, 0x30, 0x00, 0x00, 0x00, 0x00, 0x00, 0x00,
    0x00, 0x00, 0x00, 0x00, 0x00, 0x00, 0x00, 0x00, 0x00, 0x00, 0x00, 0x00, 0x00, 0x00, 0x00, 0x00,
    0x00, 0x00, 0xc0, 0x00, 0x00, 0x00, 0x00, 0x00, 0x00, 0x00, 0x00, 0x00, 0x00, 0x03, 0x00, 0x00,
    0x03, 0x00, 0x00, 0xc0, 0x00, 0x03, 0x00, 0xcc, 0x00, 0x33, 0xcc, 0x4c, 0xcc, 0xcc, 0xcc, 0xcc,
    0xcc, 0xcc, 0x30, 0x00, 0x03, 0x0c, 0xc0, 0x33, 0x03, 0x0c, 0x30, 0xcc, 0xcc, 0x03, 0x0c, 0xcc,
    0x33, 0x0c, 0xc0, 0xc0, 0x03, 0x00, 0x00, 0x00, 0x00, 0xc0, 0x00, 0x00, 0x00, 0x00, 0x00, 0x00,
    0x00, 0x00, 0x00, 0x00, 0x00, 0x00, 0x03, 0x00, 0x0c, 0x30, 0x00, 0x00, 0x0c, 0x00, 0x00, 0x00,
    0x00, 0x00, 0x00, 0x00, 0x00, 0x00, 0x00, 0x00, 0x00, 0x00, 0x00, 0x00, 0x03, 0x00, 0x00, 0x00,
    0x00, 0x00, 0x00, 0x30, 0x00, 0x00, 0x00, 0x00, 0x00, 0x00, 0x00, 0x00, 0x00, 0x00, 0x00, 0x00,
    0x00, 0x00, 0x00, 0x00, 0x00, 0x00, 0x00, 0x00, 0x00, 0x00, 0x00, 0x00, 0x00, 0x00, 0x30, 0x00,
    0xc0, 0x00, 0x00, 0x00, 0x00, 0x00, 0x00, 0x00, 0x00, 0x00, 0x0c, 0x00, 0x00, 0x00, 0x00, 0x00,
    0xcc, 0xcc, 0xd3, 0x33, 0x33, 0x0c, 0x43, 0x0c, 0x13, 0x03, 0x00, 0x30, 0xcc, 0xc0, 0x03, 0x0c,
    0xcc, 0xc0, 0x0c, 0xc3, 0x03, 0x30, 0xc3, 0x03, 0x00, 0xc0, 0x33, 0x0c, 0x0c, 0x0c, 0x00, 0x00,
    0x10, 0x00, 0x00, 0x00, 0x00, 0xc0, 0x00, 0xc0, 0x00, 0x00, 0x00, 0x00, 0x00, 0xc0, 0x00, 0x00,
    0x00, 0x00, 0x00, 0x00, 0xc0, 0x00, 0xc0, 0x00, 0x00, 0x00, 0x00, 0x00, 0x00, 0x00, 0x00, 0x00,
    0x00, 0x00, 0x00, 0x00, 0x30, 0x00, 0x00, 0x00, 0x00, 0x00, 0x00, 0x00, 0x00, 0x00, 0x00, 0x00,
    0x00, 0x00, 0x00, 0x00, 0x00, 0x00, 0x00, 0x00, 0x00, 0x00, 0x00, 0x00, 0x00, 0x00, 0x00, 0x00,
    0x00, 0x00, 0x00, 0x00, 0x00, 0x00, 0x00, 0x00, 0x00, 0x00, 0x00, 0x00, 0x00, 0x00, 0x00, 0x00,
    0x00, 0x03, 0x00, 0x00, 0x30, 0xc0, 0x30, 0xc0, 0x00, 0x33, 0x33, 0x31, 0x30, 0xc3, 0x31, 0xc3,
    0x30, 0xcc, 0x30, 0x03, 0x03, 0x33, 0x10, 0x30, 0x30, 0x33, 0x30, 0x30, 0xcc, 0x33, 0x30, 0xc0,
    0xcc, 0x0c, 0x00, 0xc0, 0xc0, 0xc0, 0x03, 0x03, 0x00, 0x00, 0x00, 0x00, 0x00, 0x00, 0x00, 0x00,
    0x00, 0x00, 0x30, 0x00, 0x0c, 0x00, 0x00, 0x00, 0x00, 0x00, 0x00, 0x0c, 0x00, 0x00, 0x00, 0x00,
    0x00, 0x00, 0x00, 0x00, 0x00, 0x00, 0x00, 0x00, 0x00, 0x00, 0xc0, 0x00, 0x00, 0x00, 0x00, 0x00,
    0x00, 0x00, 0x00, 0x00, 0x00, 0x00, 0x00, 0x00, 0x00, 0x00, 0x00, 0x00, 0x00, 0x00, 0x00, 0x00,
    0x00, 0x00, 0x00, 0x00, 0x00, 0x00, 0x00, 0x00, 0x00, 0x00, 0x00, 0x00, 0x00, 0x00, 0x00, 0x00,
    0x00, 0x00, 0x00, 0x00, 0x00, 0x00, 0x00, 0x00, 0x01, 0x30, 0x00, 0x03, 0x00, 0x03, 0x00, 0x0c,
    0xcc, 0xcf, 0xcc, 0xcc, 0xcc, 0x70, 0xcc, 0x31, 0x0c, 0x13, 0x0c, 0xc3, 0x30, 0x00, 0x0c, 0xcc,
    0xcc, 0xc0, 0x0c, 0xcc, 0x33, 0x0c, 0x0c, 0x33, 0x03, 0x30, 0xc0, 0x30, 0x0c, 0x00, 0x00, 0x00,
    0x00, 0x00, 0x00, 0x00, 0x30, 0x00, 0x00, 0x00, 0x00, 0x03, 0x00, 0x00, 0xc0, 0x00, 0x00, 0x00,
    0xc0, 0xc0, 0x00, 0xc0, 0x00, 0x00, 0x00, 0x00, 0x00, 0x00, 0x00, 0x00, 0x00, 0x00, 0x00, 0x00,
    0x00, 0x00, 0x00, 0x00, 0x00, 0x00, 0x00, 0x00, 0x00, 0x00, 0x00, 0x00, 0x00, 0x00, 0x00, 0x00,
    0x00, 0x00, 0x00, 0xc0, 0x00, 0x00, 0x00, 0x00, 0x00, 0x00, 0x00, 0x00, 0x00, 0x00, 0x00, 0x00,
    0x00, 0x00, 0x00, 0x00, 0x00, 0x00, 0x00, 0x00, 0x00, 0x00, 0x00, 0x00, 0x00, 0x00, 0x00, 0x00,
    0x00, 0x00, 0x00, 0x00, 0x00, 0x00, 0x00, 0xc0, 0x00, 0xcc, 0xcc, 0x4c, 0x33, 0x0c, 0x03, 0x0c,
    0xc3, 0x0c, 0xc1, 0x30, 0xcc, 0xc3, 0x00, 0x03, 0x00, 0x03, 0x30, 0xc3, 0x00, 0xc3, 0x33, 0x00,
    0xc0, 0x0c, 0x0c, 0x0c, 0x30, 0x00, 0x00, 0x00, 0x00, 0x00, 0x00, 0x03, 0x00, 0x00, 0x0c, 0x00,
    0x0c, 0x00, 0x00, 0x00, 0x00, 0x00, 0x00, 0x30, 0x00, 0x00, 0xc0, 0x00, 0x00, 0x00, 0x00, 0x00,
    0x00, 0x00, 0x00, 0x00, 0x00, 0x00, 0x00, 0x00, 0x00, 0x00, 0x00, 0x00, 0x00, 0x00, 0x00, 0x00,
    0x00, 0x00, 0x00, 0x00, 0x00, 0x00, 0x00, 0x00, 0x00, 0x00, 0x00, 0x00, 0x00, 0x00, 0x00, 0x00,
    0x00, 0x00, 0x00, 0x00, 0x00, 0x30, 0x00, 0x00, 0x00, 0x00, 0x00, 0x00, 0x00, 0x00, 0x00, 0x00,
    0x00, 0x00, 0xc0, 0x00, 0x00, 0x00, 0x00, 0x00, 0x0c, 0x00, 0x03, 0x00, 0x00, 0xc0, 0x0c, 0x03,
    0x33, 0x0c, 0xd3, 0x33, 0x13, 0x33, 0x31, 0xc3, 0x30, 0xc0, 0x33, 0x0c, 0x00, 0x00, 0x33, 0x30,
    0xcc, 0xc0, 0xcc, 0x30, 0xcc, 0x30, 0xc0, 0xcc, 0x0c, 0xc0, 0xc0, 0x03, 0x0c, 0x00, 0x00, 0x00,
    0x00, 0x00, 0x0c, 0x00, 0x00, 0x00, 0x00, 0x00, 0x00, 0x00, 0x00, 0x00, 0x00, 0x00, 0x30, 0x00,
    0x00, 0x00, 0x00, 0x00, 0x00, 0x0c, 0x00, 0x00, 0x00, 0x00, 0x00, 0x00, 0x00, 0x00, 0x00, 0x00,
    0x00, 0x00, 0x00, 0x00, 0x00, 0x00, 0x00, 0x00, 0x00, 0x00, 0x00, 0x00, 0x00, 0x00, 0x00, 0x00,
    0x00, 0x00, 0x00, 0x00, 0x00, 0x00, 0x00, 0x00, 0x03, 0x00, 0x00, 0x00, 0x00, 0x00, 0x00, 0x00,
    0x00, 0x0c, 0x00, 0x00, 0x00, 0x00, 0x00, 0x00, 0x00, 0x00, 0x00, 0x00, 0x00, 0x00, 0x00, 0x00,
    0x00, 0x00, 0x30, 0x03, 0x0c, 0x00, 0xc0, 0x30, 0x00, 0xcf, 0x33, 0x0c, 0xcc, 0xc4, 0xc0, 0x30,
    0xcc, 0x0c, 0x00, 0xc3, 0x30, 0x30, 0x0c, 0x33, 0x0c, 0x0c, 0x03, 0x0c, 0x33, 0x0c, 0x33, 0x03,
    0x00, 0x33, 0x00, 0xc0, 0x30, 0xc0, 0xc0, 0x00, 0x00, 0x30, 0x00, 0x00, 0x00, 0x00, 0x00, 0x00,
    0x00, 0x00, 0x00, 0x0c, 0x00, 0x00, 0x00, 0x00, 0x0c, 0x0c, 0x00, 0x00, 0x00, 0x00, 0x00, 0x03,
    0x00, 0x00, 0x00, 0x00, 0x00, 0x00, 0x00, 0x00, 0x00, 0x00, 0x00, 0x00, 0x00, 0x00, 0x00, 0x00,
    0x00, 0x00, 0x00, 0x00, 0x00, 0x00, 0x00, 0x00, 0x00, 0x00, 0x00, 0x00, 0x00, 0x00, 0x00, 0x00,
    0x00, 0x00, 0x00, 0x00, 0x00, 0x00, 0x00, 0x00, 0x03, 0x00, 0x00, 0x00, 0x30, 0x0c, 0x00, 0x00,
    0x00, 0x00, 0x00, 0x00, 0x00, 0x00, 0x00, 0x00, 0x00, 0x0c, 0x00, 0x00, 0x00, 0x00, 0x00, 0x00,
    0xcc, 0x33, 0xcc, 0xc4, 0xc3, 0x33, 0x33, 0x0c, 0x13, 0x30, 0x33, 0x30, 0xc3, 0x03, 0x33, 0x00,
    0xc0, 0x03, 0x30, 0xc3, 0x03, 0x33, 0x00, 0xcc, 0xcc, 0x00, 0xcc, 0x03, 0x0c, 0x00, 0x00, 0x30,
    0x0c, 0x00, 0x00, 0x00, 0x00, 0x00, 0x00, 0x00, 0x00, 0x00, 0x00, 0x00, 0x00, 0x00, 0x00, 0x00,
    0x00, 0x00, 0x00, 0x00, 0x03, 0x00, 0x00, 0x00, 0x00, 0x00, 0x00, 0x00, 0x00, 0x00, 0x00, 0x00,
    0x00, 0x00, 0x00, 0x00, 0x00, 0x00, 0x00, 0x00, 0x00, 0x00, 0x00, 0x00, 0x00, 0x00, 0x00, 0x00,
    0x00, 0x00, 0x00, 0x00, 0x00, 0x00, 0x00, 0x00, 0x00, 0x00, 0x00, 0x00, 0x00, 0x00, 0x00, 0x00,
    0x00, 0x00, 0x00, 0x03, 0x00, 0x00, 0x00, 0x00, 0x00, 0x00, 0x00, 0x00, 0x00, 0x30, 0x00, 0x00,
    0x00, 0xc0, 0x00, 0x10, 0x00, 0x0c, 0x0c, 0x30, 0x03, 0x33, 0x33, 0x33, 0x31, 0x0c, 0x10, 0x03,
    0x30, 0xc3, 0x00, 0x00, 0x30, 0x10, 0x00, 0xcc, 0x33, 0x00, 0xcc, 0x30, 0xcc, 0x00, 0xcc, 0x00,
    0x00, 0xcc, 0x00, 0x00, 0x00, 0x00, 0x00, 0x00, 0x00, 0x00, 0x00, 0x00, 0x00, 0x03, 0x00, 0x00,
    0xc0, 0x00, 0x00, 0x00, 0x00, 0x00, 0x00, 0x0c, 0x00, 0x00, 0x0c, 0x0c, 0x00, 0x00, 0x00, 0x00,
    0x00, 0x00, 0x00, 0x00, 0x00, 0x00, 0x00, 0x00, 0x00, 0x00, 0x00, 0x00, 0x00, 0x00, 0x00, 0x00,
    0x00, 0x00, 0x00, 0x00, 0x00, 0x00, 0x00, 0x00, 0x00, 0x00, 0x00, 0x00, 0x00, 0x00, 0x00, 0x00,
    0x00, 0x00, 0x00, 0x00, 0x30, 0x00, 0x00, 0x00, 0xc0, 0x00, 0x00, 0x00, 0x00, 0x00, 0x00, 0x00,
    0x00, 0x00, 0x00, 0x00, 0x00, 0x00, 0x00, 0x00, 0x00, 0x00, 0x00, 0x00, 0x00, 0xc0, 0x00, 0x03,
    0x30, 0x33, 0x71, 0x30, 0xcc, 0xc3, 0x33, 0x30, 0x0c, 0x30, 0xcc, 0xc3, 0x03, 0x0c, 0xcc, 0x03,
    0x00, 0x33, 0x03, 0x0c, 0x03, 0x33, 0x03, 0x33, 0x30, 0x00, 0xcc, 0x30, 0x0c, 0x00, 0x00, 0x00,
    0x00, 0x00, 0x00, 0x00, 0x00, 0x00, 0x00, 0x0c, 0x00, 0x0c, 0x03, 0x00, 0x00, 0x0c, 0x03, 0x00,
    0x0c, 0x30, 0x00, 0x00, 0x00, 0x00, 0x00, 0x00, 0x00, 0x00, 0x00, 0x00, 0x00, 0x00, 0x00, 0x00,
    0x00, 0x00, 0x00, 0x00, 0x00, 0x00, 0x00, 0x00, 0x00, 0x00, 0x00, 0x00, 0x00, 0x00, 0x00, 0x00,
    0x00, 0x00, 0x00, 0x00, 0x00, 0x00, 0x00, 0x00, 0x00, 0x00, 0x00, 0x00, 0x00, 0x00, 0x00, 0x00,
    0x00, 0x00, 0x00, 0x00, 0x00, 0x00, 0x00, 0x0c, 0x00, 0x00, 0x00, 0x00, 0x00, 0x00, 0x00, 0x00,
    0x00, 0x00, 0x0c, 0x0c, 0x30, 0x00, 0x43, 0x00, 0x03, 0x33, 0x33, 0x33, 0x13, 0x31, 0x0c, 0x01,
    0x03, 0x1c, 0x30, 0x00, 0x00, 0x00, 0xc3, 0x30, 0xc0, 0x00, 0xcc, 0xc3, 0x30, 0xc0, 0xcc, 0x0c,
    0x0c, 0x30, 0x03, 0x00, 0x03, 0x03, 0x00, 0x00, 0x00, 0x00, 0x00, 0xc0, 0x00, 0xc0, 0x00, 0x00,
    0x00, 0x00, 0x00, 0x00, 0x00, 0xc0, 0x00, 0x00, 0x00, 0x00, 0x00, 0x00, 0x00, 0x00, 0x00, 0xc0,
    0x00, 0x00, 0x00, 0x00, 0x00, 0x00, 0x00, 0x00, 0x00, 0x00, 0x00, 0x00, 0x00, 0x00, 0x00, 0x00,
    0x00, 0x00, 0x00, 0x00, 0x00, 0x00, 0x00, 0x00, 0x00, 0x00, 0x00, 0x00, 0x00, 0x00, 0x00, 0x00,
    0x00, 0x00, 0x00, 0x00, 0x00, 0x00, 0x00, 0x00, 0x00, 0x00, 0x00, 0x00, 0x00, 0x00, 0x00, 0x00,
    0x00, 0x30, 0x00, 0x00, 0x00, 0x00, 0x00, 0x00, 0x0c, 0x01, 0x00, 0x00, 0x00, 0x00, 0x30, 0x33,
    0x30, 0x3c, 0xcc, 0xcc, 0xc0, 0xcc, 0xc3, 0x30, 0xc0, 0xc3, 0x0c, 0xc0, 0x04, 0xcc, 0x30, 0x0c,
    0x0c, 0x33, 0x00, 0x30, 0x0c, 0x33, 0x03, 0x30, 0xc3, 0x00, 0xc0, 0x0c, 0x30, 0x00, 0x03, 0x00,
    0x00, 0x00, 0x30, 0x00, 0x30, 0x00, 0x00, 0x00, 0x00, 0x00, 0x00, 0x00, 0x0c, 0x00, 0x00, 0x00,
    0x00, 0x00, 0x30, 0x00, 0x00, 0x03, 0x00, 0x00, 0x00, 0x00, 0x00, 0x00, 0x00, 0x00, 0x00, 0x00,
    0x00, 0x00, 0x00, 0x00, 0x00, 0x00, 0x00, 0x00, 0x00, 0x00, 0x00, 0x00, 0x00, 0x00, 0x00, 0x00,
    0x00, 0x00, 0x00, 0x00, 0x00, 0x00, 0x00, 0x00, 0x00, 0x00, 0x00, 0x00, 0x00, 0x00, 0x00, 0x00,
    0x00, 0x00, 0x00, 0x00, 0x00, 0x00, 0x00, 0x00, 0x00, 0x00, 0x00, 0x00, 0x00, 0x00, 0x00, 0x00,
    0x00, 0x00, 0x00, 0x00, 0x00, 0x30, 0x00, 0x00, 0x0c, 0xcf, 0x30, 0x4c, 0x34, 0xc0, 0x31, 0x13,
    0x00, 0x30, 0xc4, 0x33, 0x00, 0x03, 0x03, 0x33, 0x00, 0x00, 0xcc, 0xcc, 0x03, 0x00, 0xcc, 0x0c,
    0x30, 0x00, 0x0c, 0xc0, 0x0c, 0x00, 0x00, 0x00, 0xc0, 0x03, 0x00, 0x00, 0x00, 0x00, 0x00, 0xc0,
    0x00, 0x00, 0x00, 0x00, 0x00, 0x00, 0x00, 0x03, 0x0c, 0x0c, 0x00, 0x00, 0xc0, 0xc0, 0x00, 0x00,
    0x00, 0x00, 0x00, 0x00, 0x03, 0x00, 0x00, 0x00, 0x00, 0x00, 0x00, 0x00, 0x00, 0x00, 0x00, 0x00,
    0x00, 0xc0, 0x00, 0x00, 0x00, 0x00, 0x00, 0x00, 0x00, 0x00, 0x00, 0x00, 0x00, 0x00, 0x00, 0x00,
    0xc0, 0x00, 0x00, 0x00, 0x00, 0x00, 0x00, 0x00, 0x00, 0x00, 0x00, 0x00, 0x00, 0x00, 0x00, 0x00,
    0x00, 0x00, 0x00, 0x00, 0x00, 0x00, 0x00, 0x00, 0x00, 0x30, 0xc0, 0xc0, 0xc3, 0x00, 0xc3, 0x0c,
    0x00, 0x33, 0x33, 0x33, 0x0c, 0x33, 0x0c, 0xc0, 0x0c, 0x00, 0x33, 0x00, 0x30, 0xcc, 0x30, 0x00,
    0x03, 0x33, 0x0c, 0x00, 0xcc, 0xcc, 0x03, 0x03, 0x03, 0x0c, 0x00, 0x00, 0x00, 0xc0, 0x00, 0x00,
    0x00, 0x30, 0x00, 0x00, 0x00, 0x00, 0x00, 0x00, 0x00, 0x00, 0x00, 0x03, 0x00, 0x00, 0x00, 0x30,
    0x00, 0x00, 0x00, 0x30, 0x00, 0x00, 0x00, 0x00, 0x00, 0x00, 0xc0, 0x00, 0x30, 0x00, 0x00, 0x00,
    0x00, 0x03, 0x00, 0x00, 0x00, 0x00, 0x00, 0x00, 0x00, 0x00, 0x00, 0x0c, 0x00, 0x00, 0x00, 0x00,
    0x00, 0x00, 0x00, 0x00, 0x00, 0x00, 0x00, 0x00, 0x00, 0x00, 0x00, 0x00, 0x00, 0x00, 0x00, 0x00,
    0x00, 0x00, 0x00, 0x00, 0x00, 0x00, 0x00, 0x00, 0x00, 0x00, 0x00, 0x00, 0x00, 0x00, 0x00, 0x00,
    0x00, 0x00, 0x00, 0x00, 0x00, 0x00, 0x00, 0x00, 0xcc, 0xcc, 0xc4, 0xc1, 0xc3, 0x13, 0x00, 0x33,
    0x00, 0xc3, 0x00, 0xcc, 0x00, 0x03, 0x00, 0xcc, 0x30, 0x0c, 0xc3, 0x30, 0x00, 0x00, 0xcc, 0x30,
    0x30, 0x00, 0x00, 0xcc, 0x30, 0x00, 0x00, 0x00, 0x00, 0x00, 0x00, 0x00, 0x00, 0x00, 0x00, 0x00,
    0x00, 0x30, 0x30, 0x00, 0x00, 0x00, 0x0c, 0x00, 0x00, 0x00, 0x00, 0x00, 0x00, 0x00, 0x00, 0x00,
    0x00, 0x00, 0x00, 0x00, 0x00, 0x00, 0x00, 0x00, 0x00, 0x00, 0x00, 0x00, 0x00, 0x00, 0x00, 0x00,
    0x00, 0x00, 0x00, 0x00, 0x00, 0x00, 0x00, 0x00, 0x00, 0x00, 0x00, 0x00, 0x00, 0x00, 0x00, 0x00,
    0x00, 0x00, 0x00, 0x00, 0x00, 0x00, 0x00, 0x00, 0x00, 0x00, 0x00, 0x00, 0x00, 0x00, 0x00, 0x00,
    0x00, 0x00, 0x00, 0x00, 0x00, 0x00, 0x00, 0x00, 0x01, 0x00, 0x00, 0x00, 0x00, 0x00, 0x0c, 0x30,
    0x00, 0x33, 0x0c, 0x30, 0x30, 0xcc, 0xcc, 0x0c, 0xcc, 0x00, 0x0c, 0x13, 0x0c, 0xcc, 0x03, 0x00,
    0x00, 0xc0, 0x30, 0x33, 0x0c, 0xcc, 0x03, 0x03, 0x03, 0x30, 0xc0, 0x00, 0x0c, 0x00, 0xc0, 0x00,
    0x00, 0x00, 0x00, 0x00, 0x00, 0x00, 0x0c, 0x00, 0x00, 0x00, 0x00, 0x00, 0x00, 0x00, 0x00, 0x00,
    0x03, 0x00, 0x00, 0x00, 0x00, 0x00, 0x00, 0x00, 0x00, 0x00, 0x00, 0x00, 0x00, 0x00, 0x00, 0x00,
    0x00, 0x00, 0x00, 0x00, 0x00, 0x00, 0x00, 0x00, 0x00, 0x00, 0x00, 0x00, 0x00, 0x00, 0x00, 0x00,
    0x00, 0x00, 0x00, 0x00, 0x00, 0x00, 0x00, 0x00, 0x00, 0x00, 0x00, 0x00, 0x00, 0x00, 0x00, 0x00,
    0x00, 0x00, 0x00, 0x00, 0x00, 0x00, 0x00, 0x00, 0x00, 0x00, 0x00, 0x00, 0x00, 0x00, 0x00, 0x00,
    0x00, 0x00, 0x30, 0x30, 0x30, 0x30, 0xc0, 0x03, 0x33, 0x33, 0x43, 0x0d, 0x33, 0x0c, 0x10, 0xc0,
    0x40, 0x10, 0x00, 0x30, 0xc0, 0x30, 0x00, 0xc3, 0x00, 0x33, 0x0c, 0xc0, 0x03, 0x00, 0xcc, 0x00,
    0xc0, 0x00, 0x0c, 0x30, 0xc0, 0x00, 0x00, 0x30, 0x00, 0x00, 0x00, 0x00, 0x00, 0x00, 0xc0, 0x00,
    0x03, 0x00, 0x00, 0x00, 0x00, 0x00, 0x00, 0x00, 0x30, 0x03, 0x0c, 0x00, 0x00, 0x00, 0x00, 0x00,
    0x00, 0x00, 0x00, 0x00, 0x00, 0x00, 0x00, 0x00, 0x00, 0x00, 0x00, 0x00, 0x00, 0x00, 0x00, 0x00,
    0x00, 0x00, 0x00, 0x00, 0x00, 0x00, 0x00, 0x00, 0x00, 0x00, 0x00, 0x00, 0x00, 0x00, 0x00, 0x00,
    0x00, 0x00, 0x00, 0x00, 0x00, 0x00, 0x00, 0x00, 0x00, 0x00, 0x00, 0x0c, 0x00, 0x00, 0x00, 0xc0,
    0x00, 0x00, 0x00, 0x00, 0x00, 0xc0, 0x00, 0x00, 0x0c, 0x30, 0x00, 0x00, 0x00, 0x00, 0x00, 0xc0,
    0x00, 0xcf, 0x30, 0xc3, 0x0c, 0x33, 0x30, 0x0c, 0xcc, 0x0c, 0x10, 0x00, 0x4c, 0xc0, 0xc3, 0x00,
    0x03, 0x00, 0xc0, 0x30, 0x30, 0xc0, 0x03, 0x30, 0x30, 0xcc, 0x00, 0x00, 0x33, 0x00, 0x00, 0x00,
    0x0c, 0x00, 0x00, 0x00, 0xc0, 0x0c, 0x00, 0x00, 0x00, 0x00, 0x00, 0x0c, 0x00, 0x03, 0x00, 0x00,
    0x00, 0x00, 0x00, 0x00, 0x0c, 0x00, 0x00, 0x00, 0x00, 0x00, 0x00, 0x00, 0x00, 0x00, 0x00, 0x00,
    0x00, 0x00, 0x00, 0x00, 0x00, 0x00, 0x00, 0x00, 0x00, 0x00, 0x00, 0x00, 0x00, 0x03, 0x00, 0x00,
    0x00, 0x00, 0x00, 0x00, 0x00, 0x00, 0x00, 0x00, 0x00, 0x00, 0x00, 0x00, 0x00, 0x00, 0x00, 0x00,
    0x00, 0x00, 0x00, 0x00, 0x00, 0x00, 0x00, 0x00, 0x00, 0x00, 0x00, 0x00, 0x00, 0x00, 0x00, 0x00,
    0x00, 0x00, 0x00, 0x00, 0x00, 0x00, 0x0c, 0x0c, 0xcc, 0x33, 0x00, 0x30, 0xc3, 0x00, 0xcc, 0xc0,
    0x03, 0x00, 0x03, 0x0c, 0x30, 0x00, 0x00, 0x00, 0x00, 0x30, 0x0c, 0xc3, 0x03, 0x0c, 0xcc, 0x03,
    0x00, 0x00, 0xc0, 0x00, 0x00, 0x0c, 0x00, 0x00, 0x00, 0x00, 0x00, 0x0c, 0x00, 0x00, 0x00, 0x00,
    0x00, 0x00, 0x00, 0x00, 0x00, 0xc0, 0x00, 0x30, 0x00, 0x30, 0x00, 0x03, 0x00, 0x0c, 0x00, 0x00,
    0x00, 0x00, 0x00, 0x00, 0x00, 0x00, 0x00, 0x00, 0x00, 0x00, 0x00, 0x00, 0x00, 0x00, 0x00, 0x00,
    0x00, 0x00, 0x00, 0x00, 0x00, 0x00, 0x00, 0x00, 0x00, 0x00, 0x00, 0x00, 0x00, 0x00, 0x00, 0x00,
    0x00, 0x00, 0x00, 0x0c, 0x00, 0x00, 0x00, 0x00, 0x00, 0x00, 0x00, 0x00, 0x00, 0x00, 0x00, 0x00,
    0x00, 0x00, 0x00, 0x00, 0x00, 0x00, 0x00, 0x00, 0x00, 0x00, 0x30, 0x30, 0xc3, 0x0c, 0x00, 0x00,
    0x03, 0x33, 0x30, 0x4c, 0x70, 0x31, 0x00, 0x00, 0xc4, 0xc0, 0xc0, 0x00, 0x0c, 0xc1, 0x33, 0x0c,
    0x13, 0x0c, 0xc0, 0x30, 0x00, 0xc0, 0x03, 0x00, 0x33, 0x00, 0x03, 0x00, 0xcc, 0x00, 0x00, 0x00,
    0x00, 0x00, 0x00, 0xc0, 0x00, 0x00, 0x00, 0x00, 0xc0, 0x00, 0x00, 0x00, 0x00, 0x00, 0x00, 0x00,
    0x03, 0x00, 0x00, 0x00, 0x00, 0x00, 0x00, 0x00, 0x00, 0x00, 0x00, 0x00, 0x00, 0x00, 0x00, 0x00,
    0x00, 0x00, 0x00, 0x00, 0x00, 0x00, 0x00, 0x00, 0x00, 0x00, 0x00, 0x00, 0x00, 0x00, 0x00, 0x00,
    0x00, 0x00, 0x00, 0x00, 0x00, 0x00, 0x00, 0x00, 0x00, 0x00, 0x00, 0x00, 0x00, 0x00, 0x00, 0x30,
    0x00, 0x00, 0x00, 0x00, 0x00, 0x00, 0x30, 0x00, 0x00, 0x00, 0x00, 0x00, 0x00, 0x00, 0x00, 0x00,
    0x00, 0x03, 0x00, 0x00, 0x00, 0x00, 0xc0, 0xc3, 0x30, 0x33, 0x03, 0x0c, 0x0c, 0x40, 0xcd, 0x30,
    0x00, 0x30, 0x00, 0x03, 0x00, 0x00, 0x00, 0x00, 0x00, 0xc0, 0x0c, 0xc0, 0x30, 0x30, 0x30, 0xc0,
    0x00, 0x0c, 0x00, 0x0c, 0x00, 0x00, 0x03, 0x00, 0x00, 0x03, 0x00, 0x00, 0x00, 0x00, 0x00, 0x00,
    0x00, 0x00, 0x03, 0x00, 0x00, 0x00, 0x00, 0x00, 0xc0, 0x00, 0x00, 0xc0, 0x00, 0x00, 0x00, 0x30,
    0x00, 0x00, 0x00, 0x00, 0x00, 0x00, 0x00, 0x00, 0x00, 0x00, 0x00, 0x00, 0x00, 0x00, 0x00, 0x00,
    0x00, 0x00, 0x00, 0x00, 0x00, 0x00, 0x00, 0x00, 0x00, 0x00, 0x03, 0x00, 0x00, 0x00, 0x00, 0x00,
    0x00, 0x00, 0x00, 0x00, 0x00, 0x00, 0x03, 0x00, 0x00, 0x00, 0x00, 0x00, 0x00, 0x00, 0x00, 0x00,
    0x00, 0x30, 0x00, 0x00, 0x00, 0x00, 0x00, 0x00, 0x03, 0x00, 0x00, 0x00, 0x00, 0x00, 0x00, 0x00,
    0x03, 0x33, 0xc0, 0x03, 0x33, 0x0c, 0x13, 0x03, 0x0c, 0x03, 0x00, 0xc0, 0x30, 0x30, 0xc0, 0x00,
    0x0c, 0x30, 0xc0, 0x30, 0x03, 0x00, 0x0c, 0x0c, 0x0c, 0x00, 0x00, 0x00, 0x0c, 0x00, 0x00, 0x00,
    0xc0, 0x00, 0x00, 0x00, 0x00, 0x00, 0x00, 0x00, 0x00, 0x00, 0x30, 0x00, 0x00, 0x00, 0x03, 0x00,
    0x00, 0x00, 0x30, 0x00, 0x00, 0x00, 0x00, 0x00, 0x00, 0x00, 0x00, 0x00, 0x00, 0x00, 0x00, 0x00,
    0x00, 0x00, 0x00, 0x00, 0x00, 0x00, 0x00, 0x00, 0x00, 0x00, 0x00, 0x00, 0x00, 0x00, 0x00, 0x00,
    0x00, 0x00, 0x00, 0x00, 0x00, 0x00, 0x00, 0x00, 0x00, 0x00, 0x00, 0x00, 0x00, 0x00, 0x30, 0x00,
    0x00, 0x00, 0x0c, 0x00, 0x00, 0x00, 0x00, 0x00, 0x00, 0x00, 0x00, 0x00, 0x00, 0x00, 0x00, 0x00,
    0x00, 0x00, 0x00, 0xc0, 0x0c, 0x0c, 0x0c, 0x33, 0x30, 0x3c, 0xc4, 0x30, 0x00, 0xc0, 0xc0, 0xc4,
    0x00, 0xc0, 0x0c, 0x03, 0x03, 0x00, 0x03, 0x0c, 0x00, 0x0c, 0x0c, 0xc0, 0x00, 0xc3, 0x03, 0x00,
    0xc0, 0xc0, 0xc3, 0x00, 0x00, 0xc0, 0x30, 0x00, 0x00, 0x00, 0x00, 0x00, 0x00, 0x30, 0x00, 0x00,
    0x00, 0x03, 0x00, 0x00, 0x30, 0x00, 0x00, 0x00, 0x00, 0x03, 0x00, 0x00, 0x00, 0x00, 0x00, 0x00,
    0x00, 0x30, 0x00, 0x00, 0x00, 0x00, 0x00, 0x00, 0x00, 0x00, 0x00, 0x00, 0x00, 0x00, 0x00, 0x00,
    0x00, 0x00, 0x00, 0x00, 0x00, 0x00, 0x00, 0x00, 0x00, 0x00, 0x00, 0x00, 0x00, 0xc0, 0x00, 0x00,
    0xc0, 0x00, 0x00, 0x00, 0x00, 0x00, 0x00, 0x00, 0x00, 0x00, 0xc0, 0x00, 0x00, 0x00, 0x00, 0x00,
    0x00, 0x00, 0x00, 0x00, 0x00, 0x00, 0x00, 0x00, 0x00, 0x00, 0x0c, 0x00, 0xc0, 0x00, 0x00, 0x00,
    0x03, 0x0c, 0xc3, 0x03, 0x30, 0x30, 0x0c, 0x30, 0xc0, 0x0c, 0x00, 0x00, 0x00, 0x00, 0x30, 0x00,
    0x03, 0x00, 0x00, 0x0c, 0x30, 0x30, 0x00, 0xc0, 0x00, 0x00, 0x00, 0x00, 0xcc, 0x00, 0x00, 0x00,
    0x00, 0x30, 0x00, 0x00, 0x00, 0x00, 0x00, 0x30, 0x00, 0x00, 0x00, 0x00, 0x00, 0x00, 0xc0, 0x03,
    0x03, 0x00, 0x00, 0x00, 0x0c, 0x0c, 0x00, 0x00, 0x00, 0x00, 0x00, 0x00, 0x00, 0x00, 0x00, 0x00,
    0x00, 0x00, 0x00, 0x00, 0x00, 0x00, 0x00, 0x00, 0x00, 0x00, 0x00, 0x03, 0x00, 0x00, 0x00, 0x00,
    0x00, 0x00, 0x00, 0x00, 0x00, 0x00, 0x00, 0x00, 0x00, 0x00, 0x00, 0x00, 0x00, 0x00, 0x00, 0x00,
    0x00, 0x00, 0x00, 0x00, 0x00, 0x00, 0x00, 0x00, 0x00, 0x00, 0x00, 0x00, 0x00, 0x00, 0x00, 0x00,
    0x00, 0x4c, 0x00, 0x00, 0x00, 0x00, 0xc3, 0x0c, 0x30, 0xcf, 0x30, 0x00, 0x43, 0x04, 0x03, 0x0c,
    0x03, 0x00, 0x40, 0x0c, 0x10, 0x13, 0x00, 0x00, 0x30, 0xc0, 0xcc, 0xc0, 0x03, 0x00, 0x30, 0x30,
    0x0c, 0x30, 0x00, 0x0c, 0x00, 0x00, 0x00, 0x00, 0x00, 0x00, 0x00, 0x00, 0x00, 0x00, 0x03, 0x00,
    0x00, 0xc0, 0x00, 0x00, 0x00, 0x0c, 0x00, 0x00, 0x00, 0x00, 0x00, 0x00, 0xc0, 0x00, 0x00, 0x00,
    0x00, 0x00, 0x00, 0x00, 0x00, 0x00, 0x00, 0x00, 0x00, 0x00, 0x00, 0x00, 0x00, 0x00, 0x00, 0x00,
    0x00, 0x00, 0x00, 0x00, 0x00, 0x00, 0x00, 0x00, 0x00, 0x00, 0x00, 0x00, 0x00, 0x00, 0x00, 0x00,
    0x00, 0x00, 0x00, 0x00, 0x00, 0x00, 0x00, 0x00, 0x00, 0x00, 0x00, 0x00, 0x00, 0x0c, 0x00, 0x00,
    0x00, 0x00, 0x00, 0x00, 0x00, 0x00, 0x00, 0x00, 0x04, 0x00, 0x00, 0x00, 0x00, 0xc0, 0x00, 0x00,
    0xc3, 0x33, 0x10, 0x0c, 0x30, 0x30, 0xc0, 0xc3, 0x00, 0x00, 0x0c, 0x00, 0x03, 0x00, 0x00, 0x03,
    0x00, 0x0c, 0x00, 0x00, 0x00, 0x30, 0x03, 0x03, 0x00, 0x00, 0x30, 0x00, 0x0c, 0x00, 0x00, 0x00,
    0x00, 0x00, 0x00, 0xc0, 0x00, 0x00, 0x00, 0x00, 0x00, 0x00, 0x00, 0x00, 0x00, 0x00, 0x00, 0x00,
    0x00, 0x00, 0x00, 0x0c, 0x00, 0x00, 0x00, 0x00, 0x00, 0x00, 0x00, 0x00, 0x00, 0x00, 0x00, 0x00,
    0x00, 0x0c, 0x00, 0x00, 0x00, 0x00, 0x00, 0x00, 0x00, 0x00, 0x00, 0x00, 0x00, 0x00, 0x00, 0x00,
    0x00, 0x00, 0x00, 0x00, 0x00, 0x00, 0x00, 0x00, 0x00, 0x00, 0x00, 0x00, 0x00, 0x00, 0x00, 0x00,
    0x00, 0x00, 0x00, 0x00, 0x00, 0x00, 0x00, 0x00, 0x00, 0x00, 0x00, 0x00, 0x03, 0x00, 0x00, 0x00,
    0x00, 0x00, 0x30, 0x0c, 0x0c, 0x01, 0x03, 0x0c, 0x00, 0x33, 0xcc, 0x00, 0x00, 0x0c, 0x0c, 0x30,
    0x4c, 0x04, 0xc0, 0x10, 0xc0, 0x00, 0x01, 0x30, 0x03, 0x00, 0x0c, 0xc3, 0x00, 0x00, 0xc0, 0xc0,
    0x00, 0x03, 0x00, 0xc0, 0x00, 0x03, 0x00, 0x0c, 0x0c, 0x00, 0x00, 0x00, 0x30, 0x00, 0x00, 0x00,
    0x00, 0x00, 0x00, 0x00, 0x00, 0x00, 0x00, 0x30, 0x30, 0xc3, 0x00, 0xc0, 0x00, 0x00, 0x00, 0x00,
    0x00, 0x00, 0x00, 0x00, 0x00, 0x00, 0x00, 0x00, 0x00, 0x00, 0x00, 0x00, 0x00, 0x00, 0x00, 0x00,
    0x00, 0x00, 0x00, 0x00, 0x00, 0x00, 0x00, 0x00, 0x00, 0x00, 0x00, 0x00, 0x00, 0x00, 0x00, 0x00,
    0x00, 0x00, 0x00, 0x00, 0x00, 0x00, 0x00, 0x00, 0x00, 0x00, 0x00, 0x00, 0x00, 0x00, 0x00, 0x00,
    0x00, 0x00, 0x00, 0x00, 0x30, 0x00, 0x00, 0x00, 0x03, 0x03, 0x00, 0x00, 0x00, 0x00, 0xc0, 0x00,
    0xcc, 0xcc, 0xc0, 0xc3, 0x0c, 0x00, 0xc0, 0x0c, 0xc0, 0x00, 0x00, 0x00, 0x00, 0x30, 0xc0, 0x00,
    0x00, 0x30, 0x03, 0x00, 0x0c, 0xcc, 0x00, 0x30, 0xc3, 0x00, 0x00, 0x00, 0xcc, 0x00, 0x00, 0xc0,
    0x00, 0x00, 0x00, 0x00, 0x00, 0x00, 0xc0, 0x00, 0x00, 0x00, 0x00, 0x03, 0x03, 0x00, 0x00, 0x00,
    0x00, 0x00, 0x00, 0x00, 0x00, 0x00, 0x00, 0xc0, 0x00, 0x00, 0x00, 0x00, 0x00, 0x00, 0x00, 0x00,
    0x00, 0x00, 0x00, 0x00, 0x00, 0x00, 0x00, 0x00, 0x00, 0x00, 0x00, 0x00, 0x00, 0x00, 0x00, 0x00,
    0x00, 0x00, 0xc0, 0x00, 0x00, 0x00, 0x00, 0x00, 0x00, 0x00, 0x00, 0x00, 0x00, 0x00, 0x00, 0x00,
    0x00, 0x00, 0x00, 0x00, 0x00, 0x00, 0x00, 0x00, 0x00, 0x00, 0x00, 0x00, 0x00, 0x00, 0x00, 0x00,
    0x00, 0x00, 0x00, 0x00, 0x40, 0x0c, 0x00, 0xc0, 0x00, 0xcf, 0x30, 0x00, 0x00, 0x30, 0x03, 0x00,
    0x00, 0x30, 0x03, 0x0c, 0x03, 0x00, 0x03, 0x00, 0x0c, 0x00, 0x30, 0x30, 0x00, 0x00, 0x0c, 0x0c,
    0x00, 0x00, 0x00, 0x0c, 0x00, 0x00, 0x00, 0x00, 0x00, 0x00, 0x30, 0x00, 0x00, 0x0c, 0x00, 0x00,
    0x0c, 0x00, 0x00, 0x30, 0x00, 0x00, 0x00, 0x00, 0x00, 0x00, 0x00, 0x00, 0x00, 0x0c, 0x00, 0x00,
    0x00, 0x00, 0x00, 0x00, 0x00, 0x00, 0x00, 0x00, 0x00, 0x00, 0x00, 0x00, 0x00, 0x00, 0x00, 0x00,
    0x00, 0x00, 0x00, 0xc0, 0x00, 0x00, 0x00, 0x00, 0x00, 0x00, 0x00, 0x00, 0x00, 0x00, 0x00, 0x00,
    0x00, 0x00, 0x00, 0x00, 0x00, 0x00, 0x00, 0x00, 0x00, 0x00, 0x00, 0x00, 0x00, 0x00, 0x00, 0x00,
    0x0c, 0x00, 0x00, 0x00, 0x00, 0x00, 0x00, 0x00, 0x00, 0x00, 0x00, 0xc0, 0x00, 0xc0, 0x0c, 0x0c,
    0xcc, 0x33, 0x33, 0x00, 0xc0, 0x03, 0x00, 0x1c, 0xcc, 0x00, 0xc0, 0x00, 0x30, 0x00, 0x00, 0x00,
    0x00, 0x00, 0x0c, 0x00, 0x00, 0xc0, 0xc0, 0x00, 0x00, 0x30, 0x30, 0x00, 0x30, 0x30, 0x00, 0x00,
    0x00, 0x00, 0x00, 0x00, 0x00, 0x00, 0x00, 0x00, 0x00, 0x00, 0x00, 0x00, 0x00, 0x00, 0x0c, 0x03,
    0x00, 0x00, 0x0c, 0x00, 0x00, 0x00, 0x00, 0x00, 0x00, 0x00, 0x00, 0x00, 0x00, 0x00, 0x00, 0x00,
    0x00, 0x00, 0x00, 0x00, 0x0c, 0x00, 0x00, 0x00, 0x00, 0x00, 0x00, 0x00, 0x00, 0x00, 0x00, 0x00,
    0x00, 0x00, 0x00, 0x00, 0x00, 0x00, 0x00, 0x00, 0x00, 0x00, 0x00, 0xc0, 0x00, 0x00, 0x00, 0x00,
    0x00, 0x00, 0x00, 0x00, 0x00, 0x00, 0x00, 0x00, 0x00, 0x00, 0x00, 0x00, 0x00, 0x00, 0x00, 0x00,
    0x03, 0x00, 0x0c, 0x00, 0xc0, 0x00, 0x00, 0x00, 0x03, 0x33, 0x10, 0x30, 0x03, 0x00, 0x4c, 0x00,
    0x00, 0x00, 0x00, 0x00, 0x00, 0x01, 0x30, 0x03, 0x0c, 0x30, 0x03, 0x03, 0x0c, 0x0c, 0x00, 0xcc,
    0x30, 0x00, 0x00, 0xc0, 0x03, 0x00, 0x00, 0x00, 0x00, 0x00, 0x00, 0x00, 0x00, 0x00, 0x00, 0x00,
    0x00, 0x00, 0x30, 0x00, 0x00, 0x00, 0x00, 0x00, 0x0c, 0x30, 0x00, 0x00, 0x03, 0x00, 0x00, 0x00,
    0x00, 0x00, 0x00, 0x00, 0x00, 0x00, 0x00, 0x00, 0x00, 0x00, 0x00, 0x00, 0x00, 0x00, 0x00, 0x00,
    0x00, 0x00, 0x00, 0x00, 0x00, 0x00, 0x00, 0x00, 0x00, 0x00, 0x00, 0x00, 0x00, 0x00, 0x00, 0x00,
    0x00, 0x00, 0x00, 0x00, 0x00, 0x0c, 0x00, 0x00, 0x00, 0x00, 0x00, 0x00, 0x03, 0x00, 0x00, 0x03,
    0x00, 0x00, 0x00, 0x00, 0x00, 0x00, 0x00, 0x00, 0x00, 0x0c, 0x00, 0x00, 0x00, 0x00, 0xc0, 0xc3,
    0x30, 0x33, 0xcc, 0x03, 0x00, 0x0c, 0x00, 0xc0, 0xcc, 0x4c, 0x0c, 0x30, 0x40, 0x40, 0x00, 0x30,
    0x00, 0x00, 0xc0, 0x30, 0x00, 0x00, 0x00, 0x00, 0x00, 0x03, 0x00, 0x00, 0xc0, 0x00, 0x0c, 0x00,
    0x00, 0x0c, 0x00, 0x03, 0x00, 0x00, 0x00, 0x03, 0x00, 0x03, 0x00, 0x00, 0x00, 0x03, 0x00, 0x00,
    0x00, 0x00, 0x00, 0x00, 0x30, 0x00, 0x00, 0x00, 0x00, 0x00, 0x00, 0x00, 0x00, 0xc0, 0x00, 0x00,
    0x00, 0x00, 0x00, 0x00, 0x00, 0x00, 0x00, 0x00, 0x00, 0x00, 0x00, 0x00, 0x00, 0x00, 0x00, 0x00,
    0x00, 0x00, 0x00, 0x00, 0x00, 0x00, 0x00, 0x00, 0x00, 0x00, 0x00, 0x00, 0x00, 0x00, 0x00, 0x00,
    0x00, 0x00, 0xc0, 0x00, 0x00, 0x00, 0x00, 0x00, 0x00, 0x00, 0x00, 0x00, 0x00, 0x00, 0x00, 0x00,
    0x00, 0x00, 0x00, 0x00, 0x0c, 0x0c, 0x00, 0x00, 0x03, 0x3c, 0xc3, 0x30, 0x30, 0x00, 0x30, 0x00,
    0x00, 0x00, 0x00, 0x00, 0x0c, 0x0c, 0x00, 0x00, 0x01, 0x00, 0x0c, 0x00, 0x00, 0xc0, 0x30, 0x33,
    0x03, 0x00, 0x00, 0x0c, 0x0c, 0x00, 0x00, 0x00, 0x00, 0xc0, 0x00, 0x00, 0x00, 0xc0, 0x00, 0x00,
    0x00, 0x00, 0x00, 0x00, 0x00, 0x00, 0x00, 0x30, 0x00, 0x00, 0xc0, 0x0c, 0x00, 0x00, 0x00, 0x00,
    0x00, 0x00, 0x00, 0x00, 0x00, 0x00, 0x00, 0x00, 0x00, 0x00, 0x00, 0x00, 0x00, 0x00, 0x00, 0x00,
    0x00, 0x03, 0x00, 0x00, 0x00, 0x00, 0x00, 0x00, 0x00, 0x00, 0x00, 0x00, 0x00, 0x00, 0x00, 0x00,
    0x00, 0x00, 0x00, 0x00, 0x00, 0x00, 0x00, 0x00, 0x00, 0x00, 0x00, 0x00, 0x00, 0x00, 0x00, 0x00,
    0x00, 0x00, 0x00, 0x00, 0x00, 0x00, 0x00, 0x00, 0x00, 0x00, 0x00, 0x30, 0x00, 0x00, 0x0c, 0x33,
    0x30, 0xcc, 0xcc, 0x00, 0x00, 0xc0, 0x00, 0x4c, 0x13, 0x00, 0xc4, 0x04, 0xc0, 0x00, 0x01, 0x00,
    0x10, 0x00, 0x03, 0x00, 0xc0, 0x03, 0x00, 0x00, 0x00, 0x00, 0x0c, 0x00, 0x30, 0x00, 0x00, 0x00,
    0xc0, 0x00, 0x00, 0x00, 0x00, 0x00, 0x00, 0x00, 0x00, 0x00, 0x00, 0x00, 0x00, 0xc0, 0x00, 0x00,
    0x30, 0x00, 0x00, 0x00, 0x00, 0x00, 0x00, 0x00, 0x00, 0x00, 0x00, 0x00, 0x00, 0x00, 0x00, 0x00,
    0x00, 0x00, 0x00, 0x00, 0x00, 0x00, 0x00, 0x00, 0x00, 0x00, 0x00, 0x00, 0x00, 0x00, 0x00, 0x00,
    0x00, 0x00, 0x00, 0x00, 0x00, 0x00, 0x00, 0x00, 0x00, 0x00, 0x00, 0x00, 0x00, 0x00, 0x00, 0x00,
    0x00, 0x00, 0x00, 0x00, 0x00, 0x00, 0x03, 0x00, 0x00, 0x00, 0x00, 0xc0, 0x00, 0x00, 0x00, 0x00,
    0x0c, 0x03, 0x0c, 0x00, 0xc0, 0x00, 0x00, 0x00, 0x03, 0x33, 0x10, 0x30, 0xc0, 0x00, 0xc0, 0x00,
    0x00, 0x30, 0x03, 0x00, 0x00, 0x30, 0x30, 0x01, 0x00, 0x30, 0xc0, 0x30, 0x03, 0x00, 0x00, 0x00,
    0xc0, 0x0c, 0x00, 0x00, 0x00, 0x00, 0x00, 0x00, 0x00, 0x00, 0x00, 0xc0, 0x00, 0x00, 0x00, 0xc0,
    0x00, 0x00, 0x00, 0x00, 0x30, 0x00, 0x00, 0x00, 0x00, 0x30, 0x00, 0x00, 0x00, 0x00, 0x00, 0x00,
    0x00, 0x00, 0x00, 0x00, 0x00, 0x00, 0x00, 0x00, 0x00, 0x00, 0x00, 0x00, 0x00, 0x00, 0x00, 0x00,
    0x00, 0x00, 0x00, 0x00, 0x00, 0x00, 0x00, 0x00, 0x00, 0x00, 0x00, 0x00, 0x00, 0x00, 0x00, 0x00,
    0x00, 0x00, 0x00, 0x00, 0x00, 0x00, 0x00, 0x00, 0x00, 0x00, 0x00, 0x00, 0x00, 0x00, 0x00, 0x00,
    0x00, 0x00, 0x00, 0x00, 0x00, 0x00, 0x00, 0x00, 0x00, 0x30, 0x00, 0x00, 0x00, 0xc3, 0x03, 0x0c,
    0x30, 0x33, 0x33, 0x00, 0x03, 0x00, 0x03, 0x00, 0x30, 0x00, 0x00, 0x0c, 0x03, 0x00, 0x00, 0x00,
    0x0c, 0x00, 0x0c, 0x00, 0x00, 0x00, 0x03, 0x0c, 0x03, 0x00, 0x00, 0xc3, 0x30, 0x03, 0x00, 0x00,
    0x00, 0x00, 0x00, 0x00, 0x00, 0x00, 0x00, 0x00, 0x00, 0xc0, 0x00, 0x03, 0x00, 0x00, 0x03, 0x00,
    0x03, 0x00, 0x03, 0x00, 0x00, 0x03, 0x00, 0x00, 0x00, 0xc0, 0x00, 0x00, 0x00, 0x00, 0x00, 0x00,
    0x00, 0x00, 0x00, 0x00, 0x00, 0x00, 0x00, 0x00, 0x00, 0x00, 0x00, 0x00, 0x00, 0x00, 0x03, 0x00,
    0x00, 0x00, 0x00, 0x00, 0x00, 0x00, 0x00, 0x00, 0x0c, 0x00, 0x00, 0x00, 0x00, 0x00, 0x00, 0x00,
    0x00, 0x00, 0x00, 0x00, 0x00, 0x00, 0x00, 0x00, 0x00, 0x00, 0x00, 0x00, 0x00, 0x00, 0x00, 0x00,
    0x00, 0x00, 0x00, 0x00, 0x00, 0x00, 0x00, 0x00, 0xc3, 0x3c, 0x00, 0x0c, 0x00, 0x0c, 0x00, 0x30,
    0x00, 0x04, 0x30, 0x00, 0x00, 0x00, 0x00, 0xc0, 0xc0, 0x00, 0x00, 0x01, 0x30, 0x03, 0x00, 0x00,
    0x00, 0x00, 0x30, 0x00, 0x01, 0x00, 0x00, 0xc0, 0x00, 0x00, 0x00, 0x00, 0x00, 0x00, 0x0c, 0x00,
    0x00, 0x00, 0x00, 0x30, 0x00, 0x00, 0x00, 0x03, 0x00, 0x00, 0x00, 0x00, 0x00, 0x30, 0x00, 0x30,
    0x00, 0x00, 0x00, 0x00, 0x00, 0x00, 0x00, 0x00, 0xc0, 0x00, 0x00, 0x00, 0x00, 0x00, 0x00, 0x00,
    0x03, 0x00, 0x00, 0x00, 0x00, 0x00, 0x00, 0x00, 0x00, 0x00, 0x00, 0x00, 0x00, 0x00, 0x00, 0x00,
    0x00, 0x00, 0x00, 0x00, 0x00, 0x00, 0x00, 0x00, 0x00, 0x00, 0x00, 0x00, 0xc0, 0x00, 0x00, 0x00,
    0x00, 0x00, 0x00, 0x00, 0x00, 0x00, 0x00, 0x00, 0x00, 0x00, 0x00, 0x10, 0x30, 0x00, 0x30, 0xc0,
    0x0c, 0x33, 0x30, 0xc0, 0x30, 0x00, 0x30, 0x01, 0x03, 0x00, 0x01, 0x00, 0xc0, 0x04, 0xc0, 0x00,
    0x00, 0x00, 0x0c, 0x10, 0x00, 0x30, 0x0c, 0x00, 0x30, 0x03, 0x00, 0x01, 0x30, 0x00, 0x00, 0x00,
    0x00, 0x00, 0x00, 0x00, 0x0c, 0x00, 0xc0, 0x00, 0x00, 0x00, 0x00, 0x00, 0x00, 0x00, 0x00, 0x00,
    0x00, 0x00, 0x30, 0x00, 0xc0, 0x00, 0x00, 0x00, 0x00, 0x00, 0x00, 0x00, 0x00, 0x00, 0x00, 0x00,
    0x00, 0x03, 0x00, 0x00, 0x00, 0x00, 0x00, 0x00, 0x00, 0x00, 0x00, 0x00, 0x00, 0x00, 0x00, 0x00,
    0x00, 0x00, 0x00, 0x00, 0x00, 0x00, 0x00, 0x00, 0x00, 0x00, 0x00, 0x00, 0x00, 0x00, 0x00, 0x00,
    0x00, 0x00, 0x00, 0x00, 0x00, 0x00, 0x00, 0x00, 0x00, 0x00, 0x00, 0x00, 0x00, 0x00, 0x00, 0x00,
    0x01, 0x00, 0x0c, 0x03, 0x00, 0x30, 0x00, 0x0c, 0xc3, 0x33, 0x00, 0x00, 0x03, 0x00, 0x00, 0x40,
    0x30, 0x0c, 0x00, 0xc0, 0x04, 0xc0, 0x00, 0x00, 0x00, 0x0c, 0x00, 0x00, 0x00, 0x00, 0x00, 0x30,
    0x00, 0x30, 0x00, 0x30, 0xc0, 0x30, 0x00, 0x00, 0x00, 0x00, 0x30, 0x00, 0x00, 0x00, 0x00, 0x00,
    0x04, 0x00, 0x0c, 0x00, 0x00, 0x00, 0x30, 0x00, 0x0c, 0x03, 0x00, 0x00, 0x00, 0x00, 0x00, 0x00,
    0x00, 0x00, 0x00, 0x00, 0xc0, 0x00, 0x00, 0x00, 0x00, 0x00, 0x00, 0x00, 0x00, 0x00, 0x00, 0x00,
    0x00, 0x00, 0x00, 0x00, 0x00, 0x00, 0x00, 0x00, 0x00, 0x00, 0x00, 0x00, 0x00, 0x00, 0x00, 0x00,
    0x00, 0x00, 0x00, 0x00, 0x00, 0x00, 0x00, 0x00, 0x00, 0x00, 0x00, 0x00, 0x00, 0x00, 0x00, 0x00,
    0x00, 0x00, 0x00, 0x00, 0x00, 0x00, 0x00, 0x00, 0x00, 0x0c, 0x00, 0x00, 0x00, 0x00, 0xc0, 0xc0,
    0x00, 0xcc, 0xc3, 0x0c, 0x30, 0x0c, 0x04, 0x0c, 0x00, 0x00, 0x10, 0x00, 0x00, 0x00, 0x00, 0x40,
    0x00, 0x00, 0x00, 0x03, 0x03, 0x00, 0xc0, 0x00, 0x03, 0x00, 0x00, 0x00, 0x30, 0x00, 0x00, 0x00,
    0x30, 0x30, 0x00, 0x00, 0x00, 0x00, 0x00, 0x00, 0x00, 0x00, 0xc0, 0x00, 0x00, 0x00, 0x00, 0x00,
    0xc0, 0x00, 0x00, 0x00, 0x00, 0x00, 0x00, 0x00, 0x00, 0x00, 0x00, 0x00, 0x00, 0x00, 0x00, 0x00,
    0x00, 0x00, 0x00, 0x00, 0x00, 0x00, 0x00, 0x00, 0x00, 0x00, 0x00, 0x00, 0x00, 0x00, 0x00, 0x00,
    0x00, 0x00, 0xc0, 0x00, 0x00, 0x00, 0x00, 0x00, 0x00, 0x00, 0x00, 0x00, 0x00, 0x00, 0x00, 0x00,
    0x00, 0x0c, 0x00, 0x00, 0x00, 0x00, 0x00, 0x00, 0x00, 0x00, 0x00, 0x00, 0x00, 0x00, 0x00, 0x00,
    0x03, 0x00, 0x00, 0x30, 0x00, 0x00, 0x00, 0x03, 0x30, 0xcc, 0x00, 0x00, 0x00, 0x00, 0x40, 0xc0,
    0x01, 0x30, 0x0c, 0x0c, 0x30, 0x00, 0x0c, 0x03, 0x03, 0x00, 0x04, 0x30, 0x00, 0x0c, 0x03, 0x03,
    0x00, 0x00, 0x03, 0x03, 0x00, 0x00, 0x0c, 0x00, 0x00, 0x00, 0x00, 0x03, 0x00, 0x00, 0x00, 0x00,
    0x00, 0x00, 0x00, 0x00, 0x00, 0x03, 0x00, 0x30, 0x00, 0x00, 0x00, 0x0c, 0x00, 0x00, 0x00, 0x00,
    0x00, 0x00, 0x00, 0x00, 0x00, 0x00, 0x00, 0x00, 0x00, 0x00, 0x00, 0x00, 0x00, 0x00, 0x00, 0x00,
    0x00, 0x00, 0x00, 0x00, 0x00, 0x00, 0x00, 0x00, 0x00, 0x00, 0x00, 0x00, 0x00, 0x00, 0x00, 0x00,
    0x00, 0x00, 0x00, 0x00, 0x00, 0x00, 0x00, 0x00, 0x00, 0x00, 0x00, 0x00, 0x00, 0x00, 0x30, 0x00,
    0x00, 0x00, 0x00, 0x00, 0x00, 0x00, 0x00, 0x00, 0x00, 0x00, 0x03, 0x00, 0x0c, 0x30, 0x0c, 0x30,
    0x0c, 0x33, 0x30, 0xc3, 0x03, 0x00, 0x0c, 0x00, 0x30, 0x00, 0x00, 0x00, 0x00, 0x30, 0xc0, 0x00,
    0x00, 0x00, 0x40, 0x00, 0x30, 0x00, 0x00, 0x00, 0x00, 0x00, 0xc0, 0x00, 0x30, 0x00, 0x00, 0x00,
    0x00, 0x00, 0x00, 0x00, 0x00, 0x00, 0x00, 0x00, 0x30, 0x00, 0x00, 0x00, 0x00, 0x30, 0x00, 0x00,
    0x00, 0x30, 0x00, 0x00, 0x03, 0x00, 0x00, 0x00, 0x00, 0x00, 0x00, 0x00, 0x00, 0x00, 0x00, 0x00,
    0x00, 0x00, 0x00, 0x00, 0x00, 0x00, 0x00, 0x00, 0x00, 0x00, 0x00, 0x00, 0x00, 0x03, 0x00, 0x00,
    0x00, 0x00, 0x00, 0x00, 0x00, 0x00, 0x00, 0x00, 0x00, 0x00, 0x00, 0x00, 0x00, 0x00, 0x00, 0x00,
    0x00, 0x00, 0x00, 0x00, 0x00, 0x00, 0x00, 0x00, 0x00, 0x00, 0x00, 0x00, 0x00, 0x00, 0x00, 0x00,
    0x00, 0x00, 0xc0, 0x00, 0x00, 0x00, 0xc0, 0x03, 0x03, 0x3c, 0x00, 0x00, 0x00, 0x0c, 0x00, 0x00,
    0x00, 0xc0, 0xc0, 0x30, 0x04, 0x00, 0x00, 0x00, 0x00, 0x00, 0x0c, 0x03, 0x00, 0xc0, 0x30, 0x00,
    0x30, 0xc0, 0x00, 0x03, 0x00, 0xc0, 0x00, 0x03, 0x00, 0x00, 0x00, 0x00, 0x00, 0x00, 0x00, 0x00,
    0x00, 0x0c, 0x00, 0x00, 0x00, 0x00, 0x00, 0x00, 0x03, 0x00, 0x03, 0x00, 0x00, 0x00, 0x00, 0x00,
    0x00, 0x00, 0x00, 0x00, 0x00, 0x00, 0x00, 0x00, 0x00, 0x00, 0x00, 0x00, 0x00, 0x00, 0x00, 0x00,
    0x00, 0x00, 0x00, 0x00, 0x00, 0xc0, 0x00, 0x00, 0x00, 0x00, 0x00, 0x00, 0x00, 0x00, 0x00, 0x00,
    0x00, 0x00, 0x00, 0x00, 0x00, 0x30, 0x00, 0x00, 0x00, 0x00, 0x00, 0x30, 0x00, 0x00, 0x00, 0x00,
    0x00, 0x00, 0x00, 0x00, 0x00, 0x00, 0x00, 0x00, 0x00, 0x0c, 0x00, 0x00, 0x00, 0x00, 0x00, 0xc0,
    0x30, 0xcc, 0xc0, 0x00, 0x30, 0x00, 0x00, 0x0c, 0x00, 0x00, 0x00, 0x00, 0x40, 0x00, 0x00, 0x00,
    0x00, 0x04, 0xc0, 0x30, 0x00, 0x03, 0x00, 0x30, 0x00, 0x00, 0x00, 0xc0, 0x30, 0x00, 0x00, 0x00,
    0x00, 0x00, 0x00, 0x00, 0x00, 0x30, 0x00, 0x00, 0x00, 0x00, 0x00, 0x00, 0x0c, 0x00, 0x00, 0x00,
    0xc0, 0x00, 0x30, 0x00, 0x00, 0x03, 0x00, 0x00, 0x00, 0x00, 0x00, 0x00, 0x00, 0x00, 0x00, 0x00,
    0x00, 0x00, 0x00, 0x00, 0x00, 0x00, 0x00, 0x00, 0x00, 0x00, 0x00, 0x00, 0x00, 0x00, 0x00, 0x00,
    0x00, 0x00, 0x00, 0x00, 0x00, 0x00, 0x00, 0x00, 0x00, 0x00, 0x00, 0x00, 0x00, 0x00, 0x00, 0x00,
    0x00, 0x00, 0x00, 0x00, 0x00, 0x00, 0x00, 0x00, 0x00, 0x00, 0x00, 0x00, 0x00, 0x00, 0x00, 0x00,
    0x03, 0x00, 0x00, 0x03, 0x03, 0x00, 0x0c, 0x03, 0x03, 0x33, 0x0c, 0x30, 0x00, 0x10, 0x00, 0x00,
    0x10, 0x00, 0x03, 0x00, 0x0c, 0x00, 0x00, 0x30, 0x30, 0x00, 0x00, 0x00, 0x00, 0x00, 0x00, 0x00,
    0x40, 0x0c, 0x00, 0x00, 0xc0, 0x00, 0x30, 0x00, 0x00, 0x00, 0x03, 0x00, 0x00, 0x00, 0x0c, 0x0c,
    0x00, 0x00, 0x00, 0x00, 0xc0, 0x00, 0x00, 0xc0, 0x00, 0x00, 0x00, 0x00, 0x00, 0x00, 0x00, 0x00,
    0x00, 0x00, 0x00, 0x00, 0x00, 0x00, 0x00, 0x00, 0x00, 0x00, 0x00, 0x00, 0x00, 0x00, 0x00, 0x00,
    0x00, 0x00, 0x00, 0x00, 0x00, 0x00, 0x00, 0x00, 0x00, 0x00, 0x00, 0x00, 0x00, 0x00, 0x00, 0x00,
    0x00, 0x00, 0x00, 0x00, 0x00, 0x00, 0x00, 0x00, 0x00, 0x00, 0x00, 0x00, 0x00, 0x00, 0x00, 0x00,
    0x00, 0x30, 0x00, 0x00, 0x00, 0x0c, 0x00, 0x00, 0x00, 0x00, 0x00, 0x30, 0x00, 0x0c, 0x00, 0x30,
    0x30, 0x3c, 0x00, 0x03, 0x00, 0xc0, 0xc3, 0x00, 0x03, 0x0c, 0x00, 0x04, 0xc0, 0x30, 0x00, 0x00,
    0x00, 0x30, 0x00, 0x00, 0x30, 0xc0, 0x01, 0x03, 0x03, 0x00, 0x04, 0x0c, 0x30, 0x00, 0x00, 0x00,
    0x00, 0x03, 0x00, 0x00, 0x00, 0x00, 0x00, 0x00, 0x00, 0x00, 0x00, 0x00, 0x00, 0x00, 0x00, 0x00,
    0x00, 0x00, 0x00, 0x00, 0xc0, 0x00, 0x00, 0x00, 0x00, 0x00, 0x00, 0x00, 0x00, 0x00, 0x00, 0x00,
    0x00, 0x00, 0x00, 0x00, 0x00, 0x00, 0x00, 0x00, 0x00, 0x00, 0x00, 0x00, 0x00, 0x00, 0x00, 0x00,
    0x00, 0x00, 0x00, 0x00, 0x00, 0x00, 0x00, 0x00, 0x00, 0x00, 0x00, 0x00, 0x0c, 0x00, 0x00, 0x30,
    0x00, 0xc0, 0x00, 0x00, 0x00, 0x00, 0x00, 0x00, 0x03, 0x00, 0x00, 0x00, 0x00, 0x00, 0x00, 0x00,
    0x00, 0x00, 0x03, 0x00, 0x00, 0x00, 0x30, 0x03, 0x03, 0x33, 0x30, 0xc0, 0x0c, 0x00, 0x00, 0x00,
    0xc0, 0x00, 0x00, 0x00, 0x00, 0x00, 0x30, 0x00, 0x00, 0x00, 0x03, 0x03, 0x00, 0x03, 0x0c, 0x00,
    0x00, 0x00, 0x00, 0xc0, 0x00, 0x0c, 0x00, 0x00, 0x00, 0xc0, 0x00, 0x00, 0x30, 0x00, 0x00, 0x00,
    0x00, 0x00, 0x00, 0x30, 0x00, 0x00, 0x00, 0x00, 0x30, 0x30, 0x00, 0x00, 0x00, 0xc0, 0x00, 0x30,
    0x00, 0x00, 0x00, 0x00, 0x00, 0x00, 0x00, 0x00, 0x00, 0x00, 0x00, 0x00, 0x00, 0x00, 0x00, 0x00,
    0x00, 0x00, 0x00, 0x00, 0x30, 0x00, 0x00, 0x00, 0x00, 0x00, 0x00, 0x00, 0x00, 0x00, 0x00, 0x00,
    0x30, 0x00, 0x00, 0x0c, 0x00, 0x00, 0x00, 0x00, 0x00, 0x00, 0x00, 0x00, 0x00, 0x03, 0x00, 0x00,
    0x00, 0x00, 0x00, 0x00, 0x00, 0x00, 0x00, 0x00, 0x00, 0x03, 0x00, 0x00, 0x0c, 0x00, 0x00, 0xc0,
    0x30, 0xcc, 0x00, 0x00, 0xc0, 0x00, 0x00, 0x00, 0x00, 0x00, 0x10, 0xc0, 0x00, 0x00, 0x00, 0x00,
    0x00, 0x00, 0x00, 0x00, 0x00, 0x00, 0x00, 0x30, 0x30, 0x03, 0x00, 0x00, 0xc3, 0x00, 0x00, 0x0c,
    0x00, 0x00, 0x00, 0x00, 0x00, 0x00, 0x00, 0x00, 0x00, 0xc0, 0x03, 0x00, 0x00, 0x00, 0x30, 0x03,
    0x00, 0x00, 0x00, 0x30, 0x00, 0x00, 0x00, 0x00, 0x00, 0x00, 0x00, 0x00, 0x00, 0x00, 0x00, 0x00,
    0x00, 0x00, 0x00, 0x00, 0x00, 0x00, 0x00, 0x00, 0x00, 0x00, 0x00, 0x00, 0x00, 0x00, 0x00, 0x00,
    0x00, 0x00, 0x00, 0x00, 0x00, 0x00, 0x00, 0x00, 0x00, 0x00, 0x00, 0x00, 0x00, 0x00, 0x00, 0x00,
    0x00, 0x00, 0x00, 0x00, 0x00, 0x00, 0x00, 0x00, 0x00, 0x00, 0x00, 0x00, 0x03, 0x00, 0x00, 0x00,
    0x04, 0xc0, 0x00, 0x00, 0x00, 0x13, 0x00, 0x03, 0x03, 0x33, 0x13, 0x0c, 0x00, 0x0c, 0x00, 0x30,
    0x00, 0x00, 0x00, 0x00, 0x00, 0x00, 0x00, 0x04, 0x0c, 0x00, 0x30, 0x00, 0x0c, 0x30, 0x00, 0x03,
    0x00, 0xc0, 0x0c, 0x00, 0x30, 0x00, 0x00, 0x00, 0x00, 0x00, 0x00, 0x00, 0x00, 0x00, 0x00, 0x00,
    0x00, 0x00, 0x30, 0x00, 0x00, 0x00, 0x00, 0x30, 0x00, 0x00, 0xc0, 0x00, 0x00, 0x00, 0x00, 0x00,
    0x00, 0x00, 0x00, 0x00, 0x00, 0x00, 0x00, 0x00, 0x00, 0x00, 0x00, 0x00, 0x00, 0x00, 0x00, 0x00,
    0x00, 0x00, 0x00, 0x00, 0x00, 0x00, 0x00, 0x00, 0x00, 0x00, 0x00, 0x00, 0x00, 0x00, 0x00, 0x00,
    0x00, 0x00, 0x00, 0x00, 0x00, 0x00, 0x00, 0x00, 0x00, 0x00, 0x00, 0x00, 0x00, 0x00, 0x00, 0x00,
    0xc0, 0x00, 0x00, 0x00, 0x00, 0x00, 0x00, 0x00, 0x00, 0x00, 0x00, 0x01, 0x00, 0x00, 0x0c, 0x30,
    0x30, 0xcc, 0x00, 0x00, 0x00, 0xc0, 0x30, 0x00, 0x03, 0x03, 0x00, 0x03, 0x03, 0x03, 0x00, 0x40,
    0xc0, 0x03, 0x00, 0x30, 0xc0, 0x00, 0x43, 0x00, 0x00, 0x00, 0x00, 0x0c, 0xc0, 0x00, 0x00, 0x00,
    0x00, 0x00, 0x00, 0x00, 0x00, 0x03, 0x00, 0x00, 0x00, 0x00, 0x00, 0x00, 0x00, 0x03, 0x00, 0x00,
    0x00, 0xc0, 0x00, 0x00, 0x00, 0x00, 0x00, 0x00, 0x00, 0x30, 0x00, 0x00, 0x00, 0x00, 0x00, 0x00,
    0x00, 0x00, 0x00, 0x00, 0x00, 0x00, 0x00, 0x00, 0x00, 0x00, 0x00, 0x00, 0x00, 0x00, 0x00, 0x00,
    0x00, 0x00, 0x00, 0x00, 0x00, 0x00, 0x00, 0x00, 0x00, 0x00, 0x00, 0x00, 0x00, 0x00, 0x00, 0x00,
    0x00, 0x00, 0x00, 0x00, 0x00, 0x00, 0x00, 0x00, 0x00, 0x00, 0x00, 0x00, 0xc0, 0x00, 0x00, 0x00,
    0x00, 0x00, 0x10, 0xc0, 0x30, 0xc0, 0x00, 0x03, 0x03, 0x33, 0x30, 0x30, 0x30, 0x00, 0x00, 0x00,
    0x30, 0x00, 0x00, 0x00, 0x00, 0x00, 0x00, 0x00, 0x00, 0x00, 0x00, 0x00, 0x00, 0x00, 0x30, 0x0c,
    0x00, 0x03, 0x00, 0xc0, 0x00, 0x00, 0x03, 0x00, 0x00, 0x00, 0x00, 0x0c, 0x00, 0x00, 0x00, 0x00,
    0x00, 0x00, 0x00, 0x00, 0x00, 0x30, 0x00, 0x00, 0x0c, 0x00, 0x00, 0x00, 0x00, 0x03, 0x00, 0x00,
    0x00, 0x00, 0x00, 0x00, 0x00, 0x00, 0x00, 0x30, 0x00, 0x00, 0x00, 0x00, 0x00, 0x00, 0x00, 0x00,
    0x00, 0x00, 0x00, 0x0c, 0x00, 0x00, 0x00, 0x00, 0x00, 0x00, 0x00, 0x00, 0x00, 0x00, 0x00, 0x00,
    0x00, 0x00, 0x00, 0x00, 0x00, 0x00, 0x00, 0x00, 0x00, 0x00, 0x00, 0x00, 0x00, 0x00, 0x00, 0x00,
    0x00, 0x00, 0x00, 0x00, 0x00, 0x00, 0x00, 0x00, 0x03, 0x00, 0x00, 0x00, 0x00, 0x00, 0xc0, 0xc0,
    0x30, 0xcc, 0x00, 0x00, 0x00, 0x00, 0x00, 0xc0, 0x00, 0x00, 0x03, 0x00, 0x00, 0x00, 0x00, 0x30,
    0x00, 0x00, 0x00, 0x00, 0x03, 0x03, 0x00, 0x00, 0x0c, 0x30, 0x00, 0x00, 0xc0, 0x00, 0x30, 0x00,
    0x0c, 0x00, 0x00, 0xc0, 0x00, 0x00, 0x00, 0x30, 0x30, 0x00, 0x00, 0x00, 0x00, 0x00, 0x00, 0x00,
    0x00, 0x00, 0x03, 0x00, 0xc0, 0xc0, 0x00, 0x00, 0x00, 0x00, 0x00, 0x03, 0x00, 0x00, 0x00, 0x00,
    0x00, 0x00, 0x00, 0x00, 0x00, 0x00, 0x00, 0x00, 0x00, 0xc0, 0x00, 0x00, 0x00, 0x00, 0x00, 0x00,
    0x00, 0x00, 0x00, 0x00, 0x00, 0x30, 0x00, 0x00, 0x00, 0x00, 0x00, 0x00, 0x00, 0x00, 0x00, 0x00,
    0x00, 0x00, 0x00, 0x00, 0x00, 0x00, 0x00, 0x00, 0x00, 0x00, 0x00, 0x00, 0x00, 0x00, 0x00, 0x00,
    0x00, 0x03, 0x00, 0x03, 0x00, 0x00, 0x00, 0x03, 0x03, 0x33, 0x03, 0x03, 0x03, 0x03, 0x00, 0x00,
    0x00, 0x00, 0x00, 0x00, 0x00, 0x00, 0x03, 0x00, 0x00, 0x00, 0x00, 0xc0, 0xc0, 0x00, 0x00, 0xc0,
    0x00, 0x00, 0x00, 0x0c, 0x30, 0x30, 0x00, 0x00, 0x00, 0x00, 0x30, 0x00, 0x00, 0xc0, 0x00, 0x00,
    0x00, 0x00, 0x00, 0x00, 0x0c, 0x00, 0x00, 0x0c, 0x00, 0x00, 0x30, 0x00, 0x00, 0x00, 0x00, 0x00,
    0x00, 0x00, 0x00, 0x00, 0x00, 0x00, 0x0c, 0x00, 0x00, 0x00, 0x00, 0x00, 0x00, 0x00, 0x00, 0x00,
    0x0c, 0x00, 0x00, 0x00, 0x00, 0x00, 0x00, 0x00, 0x00, 0x00, 0x00, 0x00, 0x00, 0x00, 0x00, 0x00,
    0x00, 0x00, 0x00, 0x00, 0x00, 0x00, 0x00, 0x00, 0x00, 0x00, 0x00, 0xc0, 0x00, 0xc0, 0x00, 0x00,
    0x00, 0x00, 0x00, 0x00, 0x00, 0x00, 0x00, 0x00, 0x00, 0x00, 0x0c, 0x00, 0x00, 0x30, 0x30, 0xc0,
    0x30, 0xcc, 0x30, 0x00, 0x30, 0x00, 0x00, 0x00, 0x00, 0x0c, 0x00, 0x03, 0x03, 0x00, 0xc0, 0x00,
    0x00, 0xc0, 0x10, 0x00, 0x00, 0x10, 0x00, 0x00, 0xc0, 0x00, 0x0c, 0x00, 0x00, 0x00, 0x00, 0x00,
    0x00, 0x03, 0x00, 0x00, 0x00, 0x00, 0x00, 0x00, 0x00, 0x03, 0x00, 0x00, 0x00, 0x00, 0x00, 0xc0,
    0x00, 0x0c, 0x00, 0x00, 0x00, 0x00, 0x00, 0x00, 0x00, 0x00, 0x00, 0x00, 0x00, 0x03, 0x00, 0x00,
    0x00, 0x00, 0x00, 0x00, 0x00, 0x30, 0x00, 0x00, 0x00, 0x00, 0x00, 0x00, 0x00, 0x00, 0x00, 0x00,
    0x00, 0x00, 0x00, 0x00, 0x00, 0x00, 0x00, 0x03, 0x00, 0x00, 0x00, 0x00, 0x00, 0x00, 0x00, 0x00,
    0x00, 0x00, 0x00, 0x00, 0x00, 0x00, 0x00, 0x00, 0x00, 0x00, 0x00, 0x00, 0x00, 0x00, 0x00, 0x00,
    0x00, 0x00, 0x00, 0x00, 0x03, 0x00, 0x00, 0x0c, 0x0c, 0x33, 0x00, 0x30, 0x00, 0x30, 0x10, 0x0c,
    0x0c, 0x00, 0x00, 0x30, 0x00, 0x00, 0x00, 0x00, 0x0c, 0x00, 0x00, 0x00, 0x30, 0x03, 0x0c, 0x00,
    0x00, 0xc0, 0xc0, 0x03, 0x30, 0x00, 0x00, 0x00, 0x00, 0x00, 0x00, 0x00, 0x00, 0x00, 0x00, 0x00,
    0x00, 0x00, 0x00, 0x00, 0x00, 0x00, 0x00, 0x00, 0x30, 0xc0, 0x00, 0x00, 0x00, 0x00, 0x00, 0x00,
    0x00, 0x00, 0x00, 0x00, 0x00, 0x00, 0x00, 0x00, 0x00, 0x00, 0x00, 0x00, 0x00, 0x00, 0x00, 0x00,
    0x00, 0x00, 0x00, 0x00, 0x00, 0x00, 0x00, 0x00, 0x00, 0x00, 0x00, 0x00, 0x00, 0x00, 0x00, 0x00,
    0x00, 0x00, 0x00, 0x00, 0x00, 0x00, 0x00, 0x00, 0x00, 0x00, 0x30, 0x00, 0x00, 0x00, 0x00, 0x00,
    0x00, 0x00, 0x00, 0x00, 0x00, 0x00, 0x00, 0x00, 0x03, 0x03, 0x00, 0x30, 0x30, 0x00, 0x0c, 0x00,
    0xc3, 0x3c, 0x03, 0x00, 0x03, 0x00, 0x0c, 0x00, 0x00, 0x00, 0x0c, 0x00, 0x00, 0x00, 0x00, 0x00,
    0x00, 0x00, 0x30, 0x0c, 0x00, 0xc0, 0x00, 0x0c, 0x00, 0x00, 0x00, 0x30, 0x00, 0x00, 0x00, 0x00,
    0xc0, 0x00, 0x00, 0x00, 0x00, 0x00, 0x0c, 0x00, 0x00, 0x00, 0x00, 0x0c, 0x00, 0x00, 0x00, 0x00,
    0x00, 0x00, 0x00, 0x03, 0x00, 0x00, 0x00, 0x00, 0x00, 0x00, 0x00, 0x00, 0x00, 0x00, 0x00, 0x00,
    0x00, 0x00, 0x00, 0x00, 0x00, 0x00, 0x00, 0x00, 0x00, 0x00, 0x00, 0x00, 0x00, 0x00, 0x00, 0x00,
    0x00, 0x00, 0x00, 0x03, 0x00, 0x00, 0x00, 0x00, 0x00, 0x00, 0x00, 0x00, 0x00, 0x00, 0x00, 0x00,
    0x00, 0x03, 0x00, 0x00, 0x00, 0x00, 0x00, 0x30, 0x00, 0x00, 0x00, 0x00, 0x00, 0x00, 0x00, 0x00,
    0x00, 0x00, 0x00, 0x00, 0x00, 0x03, 0x00, 0x30, 0x00, 0xcc, 0xc0, 0x03, 0x00, 0x03, 0x00, 0x00,
    0x00, 0x00, 0x00, 0x00, 0x00, 0x0c, 0x00, 0x00, 0xc0, 0x00, 0x00, 0x00, 0x00, 0x00, 0x00, 0xc0,
    0x0c, 0x0c, 0x00, 0x00, 0xc0, 0x00, 0x00, 0x0c, 0x00, 0x00, 0x00, 0x00, 0x00, 0x00, 0x00, 0x00,
    0x00, 0x00, 0x00, 0xc0, 0x00, 0x00, 0x30, 0x00, 0x00, 0x00, 0x00, 0x00, 0x00, 0xc0, 0x00, 0x0c,
    0x00, 0x00, 0x00, 0x00, 0x00, 0x00, 0x00, 0x00, 0x00, 0x00, 0x00, 0x00, 0x00, 0x00, 0x00, 0x00,
    0x00, 0x00, 0x00, 0x00, 0x00, 0x00, 0x00, 0x00, 0x00, 0x00, 0x03, 0x00, 0x00, 0x00, 0x00, 0x00,
    0x00, 0x00, 0x00, 0x00, 0x00, 0x00, 0x00, 0x00, 0x00, 0x00, 0x00, 0x00, 0x00, 0x00, 0x00, 0x00,
    0x00, 0x00, 0x00, 0x00, 0x00, 0x00, 0x00, 0x00, 0x00, 0x00, 0x00, 0x00, 0x00, 0x00, 0x03, 0x03,
    0x33, 0x33, 0x00, 0x30, 0x30, 0x00, 0x00, 0x00, 0x40, 0x0c, 0x00, 0x00, 0x00, 0xc0, 0x00, 0x30,
    0x00, 0x00, 0x00, 0xc0, 0x4c, 0x0c, 0x0c, 0x00, 0x00, 0x00, 0x03, 0x00, 0x30, 0x30, 0x0c, 0x00,
    0x00, 0x00, 0x00, 0x00, 0x00, 0x00, 0x00, 0x00, 0x03, 0x00, 0x00, 0x00, 0x00, 0x03, 0x00, 0x0c,
    0x00, 0x00, 0x03, 0x00, 0x00, 0x00, 0x00, 0xc0, 0x00, 0x00, 0x00, 0x00, 0x00, 0x00, 0x00, 0x00,
    0x00, 0x00, 0x00, 0x00, 0x00, 0x00, 0x00, 0x00, 0x00, 0x00, 0x00, 0x00, 0x00, 0x00, 0x00, 0x00,
    0x00, 0x00, 0x00, 0x00, 0x00, 0x00, 0x00, 0x00, 0x00, 0x00, 0x00, 0x00, 0x00, 0x00, 0x00, 0x00,
    0x00, 0x00, 0x00, 0x00, 0x00, 0x00, 0x00, 0x00, 0x00, 0x00, 0x00, 0x00, 0x00, 0x00, 0x00, 0x00,
    0x00, 0xc0, 0x0c, 0x03, 0x00, 0xc0, 0x30, 0x00, 0x00, 0xcc, 0x0c, 0x00, 0x00, 0xc0, 0x0c, 0x30,
    0x03, 0x00, 0x00, 0x00, 0x30, 0x00, 0x03, 0x00, 0x00, 0x03, 0x00, 0x00, 0x00, 0x00, 0x00, 0x00,
    0xc0, 0x00, 0x00, 0x0c, 0xc0, 0x00, 0x00, 0x00, 0x00, 0x30, 0x00, 0x00, 0x0c, 0x0c, 0x00, 0x00,
    0xc0, 0x00, 0x00, 0x00, 0x00, 0xc0, 0x00, 0x00, 0x30, 0x30, 0x30, 0x00, 0x00, 0x00, 0x30, 0x00,
    0x00, 0x00, 0x00, 0x00, 0x00, 0x00, 0x00, 0x00, 0x00, 0x00, 0x00, 0x0c, 0x00, 0x00, 0x00, 0x00,
    0x00, 0x00, 0x00, 0x00, 0x00, 0x00, 0x00, 0x00, 0x00, 0x00, 0x00, 0x00, 0x00, 0x00, 0x00, 0x00,
    0x00, 0x00, 0x00, 0x00, 0x00, 0x00, 0x00, 0x00, 0x00, 0x00, 0x00, 0x00, 0x00, 0x00, 0x00, 0x00,
    0x00, 0x00, 0x00, 0x00, 0x00, 0x00, 0x00, 0x00, 0x04, 0x00, 0xc0, 0x00, 0x00, 0x03, 0x00, 0x30,
    0xcc, 0x33, 0x00, 0x03, 0x00, 0x03, 0x00, 0x00, 0x00, 0x00, 0x03, 0x03, 0x00, 0x00, 0x00, 0x00,
    0x00, 0x00, 0x00, 0x03, 0x00, 0xc0, 0x00, 0x00, 0x01, 0x30, 0x30, 0x00, 0x00, 0x00, 0x00, 0x00,
    0x00, 0x00, 0x00, 0x00, 0xc0, 0x00, 0x00, 0x00, 0x00, 0x00, 0x30, 0x00, 0x00, 0x00, 0x00, 0x00,
    0x00, 0x00, 0x00, 0x00, 0x30, 0x00, 0x00, 0x00, 0x00, 0x00, 0x00, 0x00, 0x00, 0x00, 0x00, 0x00,
    0x00, 0x00, 0x00, 0xc0, 0x00, 0x00, 0x00, 0x00, 0x00, 0x00, 0x00, 0x00, 0x00, 0x00, 0x00, 0x00,
    0x00, 0x00, 0x00, 0x00, 0x00, 0x00, 0x00, 0x00, 0x00, 0x00, 0x00, 0x00, 0x00, 0x00, 0x00, 0x00,
    0x00, 0x00, 0x00, 0x00, 0x00, 0x00, 0x00, 0x00, 0x00, 0x00, 0x00, 0x00, 0x00, 0x00, 0x00, 0x00,
    0x00, 0x00, 0x00, 0x00, 0x0c, 0x00, 0x00, 0x00, 0x03, 0x3c, 0x10, 0xc0, 0x0c, 0x00, 0x00, 0x00,
    0x30, 0x00, 0x30, 0x00, 0x00, 0x00, 0x00, 0x00, 0x00, 0x10, 0x00, 0x00, 0x00, 0x03, 0x0c, 0x01,
    0x00, 0x00, 0x00, 0x43, 0x30, 0x00, 0x00, 0x00, 0x00, 0x00, 0x00, 0x0c, 0x00, 0x00, 0x00, 0x00,
    0x00, 0x00, 0x00, 0x00, 0x00, 0x00, 0x00, 0x00, 0x00, 0x00, 0x00, 0x00, 0x00, 0x0c, 0x00, 0x00,
    0x00, 0x00, 0x00, 0x00, 0x00, 0x00, 0x00, 0x00, 0x00, 0x00, 0x00, 0x00, 0x00, 0x00, 0x00, 0x00,
    0x00, 0x00, 0x00, 0x00, 0x00, 0x00, 0x00, 0x00, 0x00, 0x00, 0x00, 0x00, 0x00, 0x00, 0x00, 0x00,
    0x00, 0x00, 0x00, 0x00, 0x00, 0x00, 0x00, 0x00, 0x00, 0xc0, 0x00, 0x00, 0x00, 0x00, 0x0c, 0x00,
    0x00, 0x00, 0x00, 0x00, 0x00, 0x00, 0x00, 0x00, 0x00, 0x00, 0x00, 0x30, 0x00, 0x00, 0x0c, 0x33,
    0x30, 0xcc, 0x30, 0x00, 0xc0, 0x30, 0x00, 0x03, 0x00, 0x00, 0x00, 0x00, 0x00, 0x00, 0x30, 0x00,
    0x03, 0x00, 0x03, 0x00, 0x0c, 0x00, 0x00, 0x0c, 0x30, 0x00, 0x00, 0x00, 0x00, 0x00, 0xc0, 0x00,
    0x00, 0x00, 0x03, 0x00, 0x00, 0x00, 0x00, 0xc0, 0x00, 0x00, 0x00, 0x00, 0x00, 0x00, 0x00, 0xc3,
    0x03, 0x00, 0x00, 0x03, 0x00, 0x00, 0x00, 0x00, 0x00, 0x00, 0x00, 0x00, 0x00, 0x00, 0x00, 0x00,
    0x00, 0x00, 0x00, 0x00, 0x00, 0x00, 0x00, 0x00, 0x00, 0x00, 0x00, 0x00, 0x00, 0x00, 0x00, 0x00,
    0x00, 0x00, 0x00, 0x00, 0x00, 0x00, 0x00, 0x00, 0x00, 0x00, 0x00, 0x0c, 0x00, 0x00, 0x00, 0x00,
    0x00, 0x00, 0x00, 0x00, 0x00, 0x00, 0xc0, 0x00, 0x00, 0x00, 0x00, 0x00, 0x00, 0x00, 0x00, 0x00,
    0x03, 0x0c, 0x00, 0x00, 0x00, 0x30, 0x00, 0x00, 0x03, 0x33, 0x00, 0x30, 0x00, 0x00, 0xc3, 0x00,
    0x00, 0x00, 0x00, 0x00, 0x00, 0x03, 0x00, 0x00, 0x30, 0x00, 0x30, 0x03, 0x00, 0x00, 0x00, 0x00,
    0x00, 0xc3, 0x0c, 0x30, 0xc0, 0x30, 0x00, 0x00, 0x00, 0x00, 0x00, 0x00, 0x00, 0x00, 0x00, 0x00,
    0x00, 0x00, 0x00, 0x00, 0x30, 0x00, 0x00, 0x00, 0x00, 0x00, 0xc0, 0x00, 0x00, 0x00, 0x00, 0x00,
    0x00, 0x00, 0x00, 0x00, 0x00, 0x00, 0x00, 0x00, 0x00, 0x00, 0x00, 0x00, 0x00, 0x00, 0x00, 0x00,
    0x00, 0x00, 0x00, 0x00, 0x00, 0x00, 0x00, 0x00, 0x00, 0x00, 0x00, 0x00, 0x00, 0x00, 0x00, 0x00,
    0x00, 0x00, 0x00, 0x00, 0x00, 0x00, 0x00, 0x00, 0x00, 0x00, 0x00, 0x00, 0x00, 0x00, 0x00, 0x00,
    0x00, 0x00, 0x00, 0x00, 0x00, 0x00, 0x00, 0x00, 0x00, 0x00, 0x03, 0x00, 0xc0, 0x00, 0xc0, 0xc3,
    0x30, 0xcc, 0x0c, 0x00, 0x0c, 0x0c, 0x00, 0x00, 0x00, 0x0c, 0x00, 0x00, 0x00, 0x40, 0x00, 0x01,
    0x00, 0x00, 0x00, 0x00, 0x00, 0xc3, 0x00, 0x0c, 0x00, 0x00, 0x00, 0x00, 0x0c, 0x00, 0x00, 0x0c,
    0x0c, 0x00, 0x00, 0x00, 0x00, 0x00, 0x00, 0x00, 0x00, 0x00, 0x00, 0x03, 0x00, 0x00, 0x30, 0x00,
    0x00, 0x00, 0x00, 0x30, 0x00, 0x00, 0x00, 0x00, 0x00, 0x00, 0x00, 0x00, 0x00, 0x00, 0x00, 0x00,
    0x00, 0x00, 0x00, 0x00, 0x00, 0x00, 0x00, 0x00, 0x00, 0x00, 0x00, 0x00, 0xc0, 0x00, 0x00, 0x00,
    0x00, 0x00, 0x00, 0x00, 0x00, 0x00, 0x00, 0x00, 0x00, 0x00, 0x00, 0x00, 0x00, 0x00, 0x00, 0x00,
    0x00, 0x00, 0x00, 0x00, 0x00, 0x00, 0x00, 0x00, 0x00, 0x03, 0x00, 0x00, 0x00, 0x00, 0x00, 0x00,
    0x00, 0x00, 0x00, 0x00, 0x00, 0x00, 0x00, 0x00, 0x03, 0x33, 0x00, 0x30, 0xc0, 0x00, 0x00, 0x00,
    0x00, 0xc0, 0x00, 0x10, 0xc0, 0x00, 0x00, 0x00, 0x00, 0x00, 0x00, 0x00, 0x00, 0x00, 0x00, 0xc0,
    0x30, 0x00, 0x00, 0x03, 0x00, 0x00, 0x00, 0x00, 0x00, 0x00, 0xc0, 0x00, 0x00, 0x00, 0x00, 0x00,
    0x00, 0x30, 0x00, 0x30, 0x00, 0x03, 0x00, 0x00, 0x30, 0x0c, 0x00, 0x00, 0x00, 0x30, 0x00, 0x00,
    0x00, 0x00, 0x00, 0x00, 0x00, 0x00, 0x00, 0x00, 0x00, 0x00, 0x00, 0x00, 0x00, 0x00, 0x00, 0x00,
    0x00, 0x00, 0x00, 0x00, 0x00, 0x00, 0x00, 0x00, 0x00, 0x00, 0x00, 0x00, 0x00, 0x00, 0x00, 0x00,
    0x00, 0x00, 0x00, 0x00, 0x00, 0x03, 0x00, 0x00, 0x00, 0x00, 0x00, 0x00, 0x00, 0x00, 0x00, 0x00,
    0x00, 0x30, 0x00, 0x00, 0x00, 0xc0, 0x00, 0x00, 0x00, 0x00, 0x30, 0x00, 0x03, 0x00, 0x0c, 0x30,
    0xc0, 0xcc, 0x03, 0x00, 0x00, 0xc0, 0x00, 0xc0, 0x0c, 0x00, 0x04, 0x00, 0x00, 0x00, 0x00, 0x30,
    0x00, 0x00, 0x00, 0x00, 0x30, 0x00, 0x00, 0x00, 0x00, 0x30, 0x30, 0x00, 0x30, 0x00, 0x00, 0x00,
    0x00, 0x00, 0x00, 0x00, 0x00, 0x00, 0x30, 0x00, 0x0c, 0x00, 0x0c, 0x00, 0x00, 0x00, 0x00, 0x03,
    0x00, 0x00, 0x00, 0x00, 0x00, 0x00, 0x00, 0x00, 0x00, 0x00, 0x00, 0x00, 0x00, 0x00, 0x00, 0x00,
    0x00, 0x00, 0x00, 0x00, 0x00, 0x00, 0x00, 0x00, 0x00, 0x00, 0x00, 0x00, 0x00, 0x00, 0x00, 0x00,
    0x00, 0x00, 0x00, 0x00, 0x00, 0x00, 0x00, 0x00, 0x00, 0x00, 0x00, 0x00, 0x00, 0x00, 0x00, 0x00,
    0x00, 0x00, 0x00, 0x00, 0x00, 0x00, 0x00, 0x00, 0x00, 0x00, 0x00, 0x00, 0x0c, 0x00, 0x00, 0x00,
    0x03, 0x03, 0x00, 0x04, 0x00, 0x0c, 0x00, 0x00, 0x33, 0x33, 0x30, 0x0c, 0x04, 0x03, 0x0c, 0x00,
    0xc0, 0x00, 0x00, 0x30, 0x00, 0xc0, 0x00, 0x00, 0x00, 0x0c, 0x00, 0x30, 0x00, 0x00, 0x30, 0x03,
    0x00, 0x00, 0x00, 0x30, 0x00, 0x00, 0x00, 0x00, 0x00, 0x00, 0x00, 0x00, 0x00, 0x03, 0x00, 0x00,
    0xc0, 0x00, 0x00, 0x00, 0x00, 0x00, 0x00, 0x00, 0x00, 0x00, 0x00, 0x00, 0x03, 0x00, 0x00, 0x00,
    0x00, 0x00, 0x00, 0x00, 0x03, 0x00, 0x00, 0x00, 0x00, 0x00, 0x00, 0x00, 0x00, 0x00, 0x00, 0x00,
    0x00, 0x00, 0x00, 0x00, 0x00, 0x00, 0x00, 0x00, 0x00, 0x00, 0x00, 0x00, 0x00, 0x00, 0x00, 0x00,
    0x00, 0x00, 0x00, 0x00, 0x00, 0x00, 0x00, 0x00, 0x00, 0x00, 0x00, 0x00, 0x00, 0x30, 0x00, 0x00,
    0x00, 0x00, 0x00, 0x00, 0x00, 0x00, 0x00, 0x00, 0x00, 0x00, 0x00, 0x00, 0xc0, 0x00, 0x30, 0xc3,
    0x00, 0xcc, 0x00, 0x00, 0x30, 0x30, 0x00, 0x00, 0x00, 0x00, 0x03, 0x00, 0x00, 0x00, 0x30, 0x00,
    0x00, 0xc0, 0x03, 0x00, 0x00, 0x30, 0x00, 0x30, 0x03, 0x00, 0x00, 0x00, 0xc0, 0x00, 0x03, 0x00,
    0x00, 0x00, 0x00, 0x00, 0x00, 0x00, 0x00, 0x00, 0x00, 0x00, 0x00, 0x00, 0x00, 0x00, 0x00, 0x30,
    0x00, 0xc0, 0x0c, 0x00, 0x30, 0x00, 0x00, 0x00, 0x00, 0x00, 0x0c, 0x00, 0xc0, 0x00, 0x00, 0x00,
    0x00, 0x00, 0x00, 0x00, 0x00, 0x00, 0x00, 0x00, 0x00, 0x00, 0x00, 0x00, 0x00, 0x00, 0x00, 0x00,
    0x00, 0x00, 0x00, 0x00, 0x00, 0x00, 0x00, 0x00, 0x00, 0x00, 0x00, 0x00, 0x00, 0x00, 0x00, 0x00,
    0x03, 0x00, 0x00, 0x00, 0x00, 0x00, 0x00, 0x00, 0x00, 0x00, 0x00, 0x00, 0x00, 0x00, 0x00, 0x00,
    0x00, 0x00, 0x00, 0x30, 0x00, 0x00, 0x00, 0x00, 0x33, 0x33, 0x03, 0x03, 0x00, 0x00, 0x00, 0x00,
    0x00, 0x00, 0x30, 0x00, 0x00, 0x00, 0x00, 0x00, 0x30, 0x00, 0x00, 0x00, 0x00, 0x00, 0x00, 0x00,
    0x00, 0x03, 0x00, 0x00, 0x00, 0x00, 0xc0, 0x00, 0x00, 0x00, 0x00, 0x00, 0x03, 0x00, 0x00, 0x00,
    0x00, 0x00, 0x00, 0x00, 0x00, 0x30, 0x00, 0x00, 0x0c, 0x00, 0x00, 0x0c, 0x00, 0x00, 0x00, 0x00,
    0x00, 0x00, 0x00, 0x00, 0x00, 0x00, 0x00, 0x00, 0x00, 0x00, 0x00, 0x00, 0x00, 0x00, 0x00, 0x00,
    0x00, 0x00, 0x00, 0x00, 0x00, 0x00, 0x00, 0x00, 0x00, 0x00, 0x00, 0x00, 0x00, 0x00, 0x00, 0x00,
    0x00, 0x00, 0x00, 0x00, 0x00, 0x00, 0x00, 0x00, 0x00, 0x00, 0x00, 0x00, 0x00, 0x00, 0x00, 0x00,
    0x00, 0x00, 0x00, 0x00, 0x00, 0x00, 0x00, 0x00, 0x00, 0x00, 0x01, 0x00, 0x03, 0x0c, 0x00, 0xc3,
    0x00, 0xcc, 0x30, 0x00, 0x03, 0x00, 0x00, 0x00, 0x00, 0x01, 0x00, 0x00, 0x0c, 0x00, 0x00, 0x03,
    0x00, 0x00, 0x00, 0x00, 0x04, 0x00, 0x00, 0x00, 0x00, 0x00, 0x00, 0x03, 0x0c, 0x0c, 0x00, 0x00,
    0x30, 0x0c, 0x00, 0x30, 0x30, 0x00, 0x00, 0x00, 0x00, 0x00, 0x00, 0x00, 0x00, 0x00, 0x03, 0x00,
    0x00, 0x00, 0x00, 0x00, 0x00, 0x00, 0x00, 0x00, 0x00, 0x00, 0x00, 0x00, 0x00, 0x00, 0x00, 0x00,
    0x00, 0x00, 0x00, 0x00, 0x00, 0x00, 0x00, 0x00, 0x00, 0x00, 0x00, 0x00, 0x00, 0x00, 0x00, 0x00,
    0x00, 0x00, 0x00, 0x00, 0x00, 0x00, 0x00, 0x00, 0x00, 0x00, 0x00, 0x00, 0x00, 0x00, 0x00, 0x00,
    0x00, 0x00, 0x00, 0x00, 0x00, 0x00, 0x00, 0x00, 0x00, 0x00, 0x00, 0x00, 0x00, 0x00, 0x00, 0x00,
    0x03, 0x0c, 0x00, 0x00, 0x00, 0x00, 0x30, 0x00, 0x33, 0x33, 0x00, 0x30, 0x30, 0x0c, 0x10, 0xc0,
    0x40, 0x30, 0x00, 0x00, 0x00, 0x03, 0x00, 0x30, 0x00, 0x00, 0x00, 0x00, 0x00, 0x00, 0x0c, 0x00,
    0xc0, 0x30, 0x03, 0x00, 0x00, 0x00, 0x00, 0x00, 0x00, 0x00, 0x00, 0x00, 0x00, 0x00, 0x00, 0x00,
    0x00, 0x00, 0x00, 0x00, 0x00, 0x00, 0x00, 0x00, 0xc0, 0x00, 0xc0, 0x00, 0x00, 0x00, 0x00, 0x00,
    0x00, 0x00, 0x00, 0x00, 0x00, 0x00, 0x00, 0x00, 0x00, 0x00, 0x00, 0x00, 0x00, 0x00, 0x00, 0x00,
    0x00, 0x00, 0x00, 0xc0, 0x00, 0x00, 0x00, 0x00, 0x00, 0x00, 0x00, 0x00, 0x00, 0x00, 0x00, 0x00,
    0x00, 0x00, 0x00, 0x00, 0x00, 0x00, 0x00, 0x00, 0x00, 0x00, 0x00, 0x00, 0x00, 0x00, 0x00, 0x00,
    0x00, 0x00, 0x00, 0x00, 0x00, 0x00, 0x00, 0x00, 0x00, 0x00, 0x0c, 0x00, 0xc0, 0x00, 0x00, 0x33,
    0x00, 0xcc, 0x03, 0x00, 0x00, 0x00, 0x00, 0x00, 0x03, 0x00, 0x00, 0x00, 0xc0, 0x00, 0x00, 0x00,
    0x00, 0x00, 0x30, 0x01, 0x00, 0xc0, 0xc0, 0x0c, 0x00, 0x00, 0x00, 0x00, 0xc0, 0x00, 0x00, 0x00,
    0x00, 0x00, 0x00, 0x00, 0x00, 0x00, 0x00, 0x0c, 0x00, 0x00, 0x00, 0x00, 0x0c, 0x00, 0x00, 0x00,
    0x00, 0x00, 0x00, 0x00, 0x00, 0x03, 0x00, 0xc0, 0x00, 0x00, 0x00, 0x00, 0x00, 0x00, 0x00, 0x00,
    0x00, 0x00, 0x00, 0x00, 0x00, 0x00, 0x00, 0x00, 0x00, 0x00, 0x00, 0x00, 0x00, 0x00, 0x00, 0x00,
    0x00, 0x00, 0x0c, 0x00, 0x00, 0x00, 0x00, 0x00, 0x00, 0x00, 0x00, 0x00, 0x00, 0x00, 0x00, 0x00,
    0x00, 0x00, 0x00, 0xc0, 0x0c, 0x00, 0x00, 0x00, 0x00, 0x00, 0x00, 0x00, 0x00, 0x00, 0x00, 0x00,
    0x00, 0x00, 0x00, 0x0c, 0x00, 0x0c, 0x03, 0x00, 0x30, 0xcc, 0x30, 0x00, 0xc0, 0xc0, 0x30, 0x00,
    0x30, 0x00, 0x00, 0x0c, 0x00, 0x00, 0x00, 0x00, 0x00, 0x00, 0x00, 0x00, 0x0c, 0x00, 0x00, 0x00,
    0x00, 0x00, 0x00, 0x00, 0x00, 0x00, 0x00, 0x00, 0x00, 0x00, 0x00, 0x00, 0x00, 0x00, 0x00, 0x00,
    0x00, 0x00, 0xc0, 0xc0, 0xc0, 0x00, 0x30, 0x00, 0x00, 0x30, 0x00, 0x30, 0x00, 0x30, 0x00, 0x00,
    0x00, 0x00, 0x00, 0x00, 0x00, 0x00, 0x00, 0x00, 0x00, 0x00, 0x00, 0x00, 0x00, 0x00, 0x00, 0x00,
    0x00, 0x00, 0x00, 0x00, 0x00, 0x00, 0x00, 0x00, 0x00, 0x00, 0x00, 0x00, 0x00, 0x00, 0x00, 0x00,
    0x00, 0x00, 0xc0, 0x00, 0x00, 0x00, 0x00, 0x00, 0x00, 0x00, 0x00, 0x00, 0x00, 0x00, 0x00, 0x00,
    0x00, 0x00, 0x00, 0x00, 0x00, 0x00, 0x00, 0x00, 0x00, 0x00, 0x40, 0x00, 0x00, 0xc0, 0x30, 0x03,
    0x0c, 0xcc, 0x00, 0x0c, 0x00, 0x03, 0x00, 0x03, 0x00, 0x00, 0x00, 0xc0, 0x00, 0x00, 0x03, 0x00,
    0x00, 0x0c, 0x00, 0x00, 0xc0, 0x00, 0x00, 0x00, 0x00, 0x00, 0x00, 0x03, 0x04, 0x00, 0x00, 0x03,
    0x00, 0x00, 0x0c, 0x00, 0x00, 0x00, 0x00, 0x00, 0x00, 0x0c, 0x00, 0x00, 0x00, 0x00, 0x00, 0x0c,
    0x03, 0x00, 0x00, 0x00, 0x03, 0x00, 0x00, 0x00, 0x00, 0x00, 0x00, 0x00, 0x00, 0x00, 0x00, 0x00,
    0x00, 0x00, 0x00, 0x00, 0x00, 0x00, 0x00, 0x00, 0x00, 0x0c, 0x00, 0x00, 0x00, 0x00, 0x00, 0x00,
    0x00, 0x00, 0x00, 0x00, 0x00, 0x00, 0x00, 0x00, 0x00, 0x0c, 0x00, 0x00, 0x00, 0x00, 0x00, 0x00,
    0x00, 0x00, 0x00, 0x00, 0x00, 0x00, 0x00, 0x00, 0x0c, 0x00, 0x00, 0x00, 0x00, 0x00, 0x00, 0x00,
    0x03, 0x04, 0x00, 0x00, 0x00, 0x00, 0x00, 0x30, 0x00, 0xcc, 0xc3, 0x00, 0x0c, 0x00, 0x00, 0x00,
    0x00, 0x00, 0x30, 0x00, 0x00, 0x30, 0x00, 0x00, 0x00, 0x40, 0x00, 0x30, 0x00, 0x00, 0x00, 0x00,
    0x01, 0x00, 0x30, 0x00, 0x30, 0x00, 0x00, 0x30, 0x00, 0x00, 0x00, 0x00, 0x00, 0x00, 0x0c, 0x00,
    0x00, 0xc0, 0x00, 0x00, 0x00, 0x00, 0x00, 0x00, 0x00, 0x00, 0x0c, 0x00, 0x00, 0x00, 0x00, 0x00,
    0x00, 0x00, 0x00, 0x00, 0x00, 0x00, 0x00, 0x00, 0x00, 0x00, 0x00, 0x00, 0x00, 0x00, 0x00, 0x00,
    0x00, 0x00, 0x00, 0x00, 0x00, 0x00, 0x00, 0x00, 0x00, 0x00, 0x00, 0x00, 0x00, 0x00, 0x00, 0x00,
    0x00, 0xc0, 0x00, 0x00, 0x00, 0x00, 0x00, 0x00, 0x00, 0x00, 0x00, 0x00, 0x00, 0x00, 0x00, 0x00,
    0x00, 0x00, 0x00, 0x00, 0x00, 0x00, 0x00, 0x00, 0x00, 0x00, 0x0c, 0x00, 0x0c, 0x00, 0x03, 0x00,
    0xcc, 0xcc, 0x00, 0x00, 0x00, 0x00, 0x00, 0x00, 0x00, 0x00, 0x00, 0x00, 0x00, 0x00, 0x00, 0x00,
    0x10, 0x00, 0x00, 0x00, 0x00, 0x00, 0x00, 0x43, 0x00, 0x0c, 0x00, 0x03, 0x00, 0x0c, 0x00, 0x00,
    0x00, 0x30, 0x00, 0x00, 0x00, 0x00, 0xc0, 0x00, 0x00, 0x00, 0x00, 0x00, 0x00, 0x00, 0x00, 0x00,
    0x30, 0x00, 0x00, 0x00, 0x00, 0x00, 0x00, 0x00, 0x00, 0x0c, 0x00, 0x00, 0x00, 0x00, 0x00, 0x00,
    0x00, 0x00, 0x00, 0x00, 0x00, 0x00, 0x00, 0x00, 0x00, 0x00, 0x00, 0x00, 0x00, 0x00, 0x00, 0x00,
    0x00, 0x00, 0x00, 0x00, 0x00, 0x00, 0x00, 0x00, 0x00, 0x00, 0x00, 0x00, 0x0c, 0x00, 0x00, 0x00,
    0x03, 0x00, 0x00, 0x00, 0x00, 0x00, 0x00, 0x03, 0x00, 0x00, 0x00, 0x00, 0x00, 0x00, 0x00, 0x00,
    0x00, 0x00, 0xc0, 0x0c, 0x00, 0x03, 0x00, 0x0c, 0x00, 0xcc, 0x10, 0xc0, 0xc0, 0x40, 0x03, 0x00,
    0x00, 0x03, 0x00, 0x00, 0x00, 0x00, 0x30, 0x00, 0x00, 0x00, 0x01, 0x00, 0x00, 0x00, 0x00, 0x00,
    0x00, 0x00, 0x00, 0x00, 0x00, 0x00, 0x00, 0x00, 0x00, 0x00, 0x00, 0x00, 0xc0, 0x0c, 0x00, 0x00,
    0x00, 0x00, 0x00, 0x00, 0x00, 0x03, 0x00, 0xc0, 0x00, 0x00, 0x00, 0x00, 0xc0, 0x00, 0x00, 0x00,
    0x00, 0x00, 0x00, 0x00, 0x00, 0x00, 0x00, 0x00, 0x00, 0x00, 0x00, 0x00, 0x00, 0x00, 0x00, 0x00,
    0x00, 0x00, 0x00, 0x00, 0x00, 0x00, 0x00, 0x00, 0x00, 0x00, 0x00, 0x00, 0x00, 0x00, 0x00, 0x00,
    0x00, 0x00, 0x00, 0x00, 0x00, 0x00, 0x00, 0x00, 0x00, 0x00, 0x30, 0x00, 0x00, 0x00, 0x00, 0x30,
    0x00, 0x00, 0x00, 0x00, 0x00, 0x00, 0x00, 0x00, 0x00, 0x0c, 0x00, 0x00, 0x00, 0x00, 0x00, 0xc0,
    0xcc, 0xcc, 0x0c, 0x00, 0x00, 0x0c, 0x00, 0x03, 0x00, 0x30, 0x00, 0x00, 0x04, 0x00, 0x00, 0x04,
    0x0c, 0x00, 0x00, 0x00, 0x00, 0x03, 0x03, 0x00, 0x00, 0x00, 0x00, 0x03, 0x00, 0x00, 0x03, 0x00,
    0x00, 0x00, 0x00, 0x00, 0x00, 0x00, 0x00, 0x00, 0xc0, 0x00, 0x00, 0x00, 0x00, 0x00, 0x00, 0x00,
    0x00, 0x0c, 0x00, 0x00, 0x00, 0x00, 0x00, 0x00, 0x00, 0x00, 0x00, 0x00, 0x00, 0x00, 0x00, 0x00,
    0x00, 0x00, 0x00, 0x00, 0x00, 0x00, 0x00, 0x00, 0x00, 0x00, 0x00, 0x00, 0x00, 0x00, 0x00, 0x30,
    0x00, 0x00, 0x00, 0x00, 0x00, 0x00, 0x00, 0x00, 0x00, 0x00, 0x00, 0x00, 0x00, 0x00, 0x00, 0x00,
    0x00, 0x00, 0x00, 0x00, 0x00, 0x00, 0x00, 0x00, 0x00, 0x00, 0x00, 0x00, 0x00, 0x00, 0x00, 0x00,
    0x04, 0xc0, 0x00, 0x00, 0x00, 0xc0, 0x30, 0x00, 0x00, 0xcc, 0x00, 0x00, 0x00, 0xc0, 0x00, 0x00,
    0x03, 0x00, 0x00, 0x00, 0xc0, 0x0c, 0x00, 0x00, 0xc0, 0x0c, 0x0c, 0x00, 0x00, 0x30, 0x00, 0x00,
    0x03, 0x00, 0x00, 0x30, 0x30, 0x00, 0x00, 0x00, 0x00, 0x00, 0x00, 0x00, 0x00, 0x00, 0x00, 0x00,
    0x00, 0x00, 0x00, 0x00, 0x00, 0x00, 0x00, 0x03, 0x00, 0xc0, 0x00, 0xc0, 0x00, 0x00, 0x00, 0x00,
    0x00, 0x00, 0x00, 0x00, 0x00, 0x00, 0x00, 0x00, 0x00, 0x00, 0x00, 0x00, 0x00, 0x00, 0x00, 0x00,
    0x00, 0x00, 0x00, 0x00, 0x00, 0x00, 0x00, 0x00, 0x00, 0x00, 0x00, 0x00, 0x00, 0x00, 0x00, 0x00,
    0x00, 0x00, 0x00, 0x00, 0x00, 0x00, 0x00, 0x00, 0x00, 0x00, 0x00, 0x00, 0x00, 0x00, 0x00, 0x00,
    0x00, 0x00, 0x00, 0x00, 0x00, 0x00, 0x00, 0x00, 0x00, 0x00, 0x00, 0x30, 0x30, 0x00, 0x00, 0x30,
    0xcc, 0xcc, 0x00, 0x30, 0x0c, 0x00, 0x00, 0x00, 0x00, 0x00, 0x00, 0x30, 0x00, 0x00, 0x00, 0x00,
    0x00, 0x00, 0x00, 0x00, 0x30, 0x00, 0x00, 0x00, 0x00, 0x00, 0x00, 0x00, 0x00, 0x00, 0x00, 0x00,
    0x00, 0x00, 0x03, 0x00, 0x00, 0x00, 0x00, 0x00, 0x00, 0x00, 0x00, 0x0c, 0x03, 0x00, 0x00, 0x00,
    0x00, 0x00, 0x0c, 0x00, 0x00, 0xc0, 0x00, 0x00, 0x00, 0x00, 0x00, 0x00, 0x00, 0x00, 0x00, 0x00,
    0x00, 0x00, 0x00, 0x00, 0x00, 0x00, 0x00, 0x00, 0x00, 0x00, 0x00, 0x00, 0x00, 0x00, 0x00, 0x00,
    0x00, 0x00, 0x00, 0x00, 0x00, 0x00, 0x00, 0x00, 0x00, 0x00, 0x00, 0x00, 0x00, 0x00, 0x00, 0x00,
    0x00, 0x00, 0x00, 0x00, 0x00, 0x00, 0x00, 0x00, 0x00, 0x00, 0x00, 0x00, 0x03, 0x00, 0x00, 0x00,
    0x00, 0x00, 0x03, 0x00, 0x00, 0x03, 0x03, 0x00, 0x00, 0xcc, 0x0c, 0x00, 0x00, 0x00, 0x30, 0x30,
    0x00, 0x00, 0x00, 0x00, 0x00, 0x00, 0x00, 0x30, 0x00, 0x00, 0x00, 0x03, 0x00, 0x00, 0x00, 0x00,
    0xc0, 0x00, 0x0c, 0x00, 0xc0, 0x30, 0x00, 0x00, 0x00, 0x00, 0x30, 0x00, 0x00, 0x00, 0x00, 0x00,
    0x00, 0x00, 0x00, 0x00, 0x00, 0x00, 0x0c, 0x00, 0x0c, 0x00, 0x00, 0x00, 0x00, 0x00, 0x00, 0x00,
    0x00, 0x00, 0x00, 0x00, 0x00, 0x00, 0x00, 0x00, 0x00, 0x00, 0x00, 0x00, 0x00, 0x00, 0x00, 0x00,
    0x00, 0x00, 0x00, 0x00, 0x00, 0x00, 0x00, 0x00, 0x00, 0x00, 0x00, 0x00, 0x00, 0x00, 0x00, 0x00,
    0x00, 0x00, 0x00, 0x00, 0x00, 0x00, 0x03, 0x00, 0x00, 0x00, 0x00, 0x00, 0x00, 0x00, 0x00, 0x00,
    0x00, 0x00, 0x00, 0x00, 0x00, 0x00, 0x00, 0x00, 0x00, 0x00, 0x00, 0x00, 0x00, 0x00, 0x00, 0x0c,
    0xcc, 0xcc, 0x00, 0x00, 0x00, 0x00, 0x00, 0x00, 0x00, 0x00, 0x04, 0x00, 0x00, 0x00, 0x03, 0x00,
    0x00, 0x00, 0x00, 0x00, 0x00, 0x00, 0x00, 0x00, 0x00, 0x00, 0xc0, 0x00, 0x00, 0x00, 0x00, 0x00,
    0x0c, 0x0c, 0x00, 0x00, 0x03, 0x00, 0x00, 0x00, 0x00, 0x00, 0x0c, 0x00, 0x00, 0x00, 0xc0, 0x0c,
    0x00, 0x00, 0x00, 0x00, 0x30, 0x00, 0x00, 0x00, 0x00, 0x00, 0x00, 0x00, 0x00, 0x00, 0x00, 0x00,
    0x00, 0x00, 0x00, 0x00, 0x00, 0x00, 0x00, 0x00, 0x00, 0x00, 0x00, 0x00, 0x00, 0x00, 0x00, 0x00,
    0x00, 0x00, 0x00, 0x00, 0x00, 0x00, 0x00, 0x00, 0x00, 0x00, 0x00, 0x00, 0x00, 0x00, 0x00, 0x00,
    0x00, 0x00, 0x00, 0x00, 0x00, 0x00, 0x30, 0x00, 0x00, 0x00, 0x00, 0x00, 0x00, 0x00, 0x00, 0x00,
    0x03, 0x00, 0xc0, 0x00, 0x03, 0x00, 0x30, 0x00, 0x00, 0xcc, 0x00, 0x03, 0x00, 0x00, 0x00, 0x00,
    0x30, 0x00, 0x40, 0x00, 0x03, 0x00, 0x30, 0x00, 0x00, 0x00, 0x00, 0x00, 0x00, 0x00, 0x00, 0x30,
    0x00, 0x00, 0x00, 0x03, 0x00, 0x00, 0x30, 0x00, 0x00, 0x00, 0x00, 0x00, 0x30, 0x00, 0x00, 0x00,
    0x00, 0xc0, 0xc0, 0x00, 0x00, 0x00, 0x00, 0x00, 0x00, 0x00, 0x00, 0x00, 0x00, 0x00, 0x30, 0x00,
    0x00, 0x00, 0x00, 0x00, 0x00, 0x00, 0x00, 0x00, 0x00, 0x00, 0x00, 0x00, 0x00, 0x00, 0x00, 0x00,
    0x00, 0x00, 0x00, 0x00, 0x00, 0x00, 0x30, 0x00, 0x00, 0x00, 0xc0, 0x00, 0x00, 0x00, 0x00, 0x00,
    0x30, 0x00, 0x00, 0x00, 0x00, 0x00, 0x00, 0x00, 0x03, 0x00, 0x00, 0x00, 0x00, 0x00, 0x00, 0x00,
    0x00, 0x00, 0x00, 0x00, 0x00, 0x00, 0x00, 0x00, 0x00, 0x00, 0x00, 0x00, 0xc0, 0x0c, 0x00, 0xc3,
    0x0c, 0xcc, 0x00, 0xc0, 0x00, 0x43, 0x00, 0x00, 0x00, 0x04, 0x00, 0xc0, 0x00, 0x03, 0x00, 0x00,
    0x03, 0x03, 0x03, 0x00, 0x00, 0x00, 0x43, 0x00, 0x00, 0x00, 0x00, 0x00, 0x30, 0x00, 0x00, 0x0c,
    0x00, 0x00, 0x00, 0x00, 0x00, 0x00, 0x00, 0x30, 0x0c, 0x00, 0x00, 0x00, 0x00, 0x00, 0x00, 0x00,
    0x00, 0x0c, 0x00, 0x0c, 0x00, 0x00, 0x00, 0x03, 0x00, 0x00, 0x00, 0x00, 0x00, 0x00, 0x00, 0x00,
    0x00, 0x00, 0x00, 0x00, 0xc0, 0x00, 0x00, 0x00, 0x00, 0x00, 0x00, 0x00, 0x00, 0x00, 0x00, 0x00,
    0x00, 0x00, 0x00, 0x00, 0x00, 0x00, 0x00, 0x00, 0x00, 0x00, 0x00, 0x00, 0x00, 0x00, 0x00, 0x00,
    0x00, 0x00, 0x00, 0x00, 0x00, 0x00, 0x00, 0x00, 0x00, 0x00, 0x00, 0x00, 0x00, 0x00, 0x00, 0x00,
    0x00, 0x00, 0x00, 0x10, 0x00, 0x00, 0x00, 0x00, 0x30, 0xcc, 0x0c, 0x00, 0x00, 0x00, 0x00, 0xc0,
    0x00, 0x00, 0x0c, 0x00, 0x30, 0x00, 0x00, 0x00, 0x00, 0x00, 0x00, 0x00, 0x00, 0x10, 0x00, 0x00,
    0x00, 0x30, 0x00, 0x03, 0x00, 0x00, 0x00, 0x00, 0x00, 0x00, 0x00, 0x00, 0x00, 0x00, 0x0c, 0x00,
    0x00, 0x00, 0x00, 0x00, 0x0c, 0x00, 0x00, 0x03, 0x0c, 0x00, 0x0c, 0x00, 0x00, 0x0c, 0x00, 0x00,
    0x00, 0x00, 0x00, 0x00, 0x00, 0x00, 0x00, 0x00, 0x00, 0x00, 0x00, 0x30, 0x00, 0x00, 0x00, 0x00,
    0x00, 0x00, 0x00, 0x00, 0x00, 0x0c, 0x00, 0x00, 0x00, 0x00, 0x00, 0x00, 0x00, 0x00, 0x00, 0x00,
    0x00, 0x00, 0x00, 0x00, 0x00, 0x00, 0x00, 0x00, 0x00, 0x00, 0x00, 0x00, 0x00, 0x30, 0x00, 0x00,
    0x00, 0x00, 0x00, 0x00, 0x00, 0x00, 0x00, 0x00, 0x00, 0x30, 0x03, 0x00, 0x00, 0x00, 0x30, 0xc3,
    0x03, 0x30, 0x00, 0x00, 0x0c, 0x00, 0x00, 0x00, 0x00, 0xc0, 0xc0, 0x00, 0x00, 0x00, 0x00, 0x00,
    0x00, 0x00, 0x00, 0x00, 0xc0, 0x00, 0x00, 0x00, 0x00, 0x00, 0x00, 0x00, 0x00, 0x0c, 0x00, 0x00,
    0x00, 0x00, 0x00, 0x00, 0x00, 0x00, 0x00, 0x00, 0x00, 0x00, 0x00, 0x00, 0x00, 0x00, 0x00, 0xc0,
    0x00, 0x00, 0x00, 0x00, 0x00, 0x00, 0x00, 0x00, 0x00, 0x00, 0x00, 0x00, 0x00, 0x00, 0x00, 0x00,
    0x00, 0x00, 0x00, 0x00, 0x00, 0x00, 0x00, 0x00, 0x00, 0x00, 0x00, 0x00, 0xc0, 0x00, 0x00, 0x00,
    0x00, 0x00, 0x00, 0x00, 0x00, 0x00, 0x00, 0x00, 0x00, 0x00, 0x00, 0x00, 0x00, 0x00, 0x00, 0x00,
    0x00, 0x00, 0x00, 0x00, 0x00, 0x00, 0x00, 0x00, 0x00, 0x00, 0x00, 0x00, 0x00, 0x00, 0x00, 0x00,
    0x03, 0x00, 0x30, 0x00, 0x03, 0x03, 0x00, 0x00, 0x30, 0xcc, 0x00, 0x00, 0x00, 0x0c, 0x00, 0x00,
    0xc0, 0x00, 0x00, 0x00, 0x00, 0x00, 0x00, 0x00, 0xc0, 0x00, 0x00, 0x00, 0x00, 0x0c, 0x00, 0x00,
    0x03, 0x00, 0x00, 0x10, 0xc0, 0x00, 0x00, 0x00, 0x00, 0x00, 0x00, 0x00, 0x00, 0x00, 0x00, 0x00,
    0x00, 0x00, 0x00, 0x00, 0xc0, 0x03, 0x00, 0x00, 0x00, 0x00, 0x00, 0x00, 0x00, 0xc0, 0x00, 0x00,
    0x00, 0x00, 0x00, 0x00, 0x00, 0x00, 0x00, 0x00, 0x00, 0x00, 0x00, 0x00, 0x00, 0x00, 0x00, 0x00,
    0x00, 0x00, 0x0c, 0x00, 0x00, 0x00, 0x00, 0x00, 0x00, 0x00, 0x00, 0x00, 0x00, 0x00, 0x00, 0x00,
    0x00, 0x00, 0x00, 0x00, 0x00, 0x00, 0x00, 0x00, 0x00, 0x00, 0x00, 0x00, 0x00, 0x00, 0x00, 0x00,
    0x00, 0x00, 0x00, 0x00, 0x00, 0x00, 0x00, 0x00, 0x00, 0x00, 0x00, 0x03, 0x00, 0x00, 0x00, 0x33,
    0x03, 0x30, 0x30, 0x03, 0x00, 0x00, 0x0c, 0x00, 0x00, 0x00, 0x00, 0x03, 0x00, 0x00, 0x00, 0x04,
    0x00, 0x00, 0xc0, 0x0c, 0x00, 0xc0, 0x00, 0x00, 0x00, 0x00, 0x03, 0x00, 0x00, 0x00, 0x00, 0x00,
    0x00, 0x00, 0x00, 0x03, 0x00, 0x00, 0x00, 0x00, 0x00, 0x00, 0x00, 0x00, 0x00, 0x00, 0x00, 0x00,
    0x00, 0x30, 0x00, 0x00, 0x0c, 0x00, 0x00, 0x00, 0x00, 0x00, 0x00, 0x00, 0x00, 0x00, 0x00, 0x00,
    0x00, 0x00, 0x00, 0x00, 0x00, 0x00, 0x00, 0x00, 0x00, 0x00, 0xc0, 0x00, 0x00, 0x00, 0x00, 0x00,
    0x00, 0x00, 0x00, 0x00, 0x00, 0x00, 0x00, 0x00, 0x00, 0x00, 0x00, 0x00, 0x00, 0x00, 0x00, 0x00,
    0x00, 0x00, 0x00, 0x00, 0x00, 0x00, 0x00, 0x00, 0x00, 0x00, 0x00, 0x00, 0x30, 0x00, 0x00, 0x00,
    0x00, 0x00, 0x00, 0x00, 0x00, 0x00, 0x0c, 0x00, 0x30, 0xcc, 0x00, 0x30, 0x00, 0x00, 0x00, 0x00,
    0x00, 0x0c, 0x00, 0x00, 0x00, 0x30, 0xc0, 0x40, 0x00, 0xc0, 0x00, 0xc0, 0x00, 0x00, 0x03, 0x00,
    0xc0, 0x00, 0x00, 0x03, 0x00, 0xc0, 0x00, 0xc0, 0x03, 0x00, 0x30, 0x00, 0x00, 0x03, 0x00, 0x00,
    0x00, 0x00, 0x00, 0x00, 0x00, 0x00, 0x00, 0x03, 0x03, 0x00, 0x30, 0x0c, 0x00, 0x00, 0x00, 0x00,
    0x00, 0x00, 0x00, 0x00, 0x00, 0x00, 0x00, 0x00, 0x00, 0x00, 0x30, 0x00, 0x00, 0x00, 0x00, 0x00,
    0x00, 0x30, 0x00, 0x00, 0x00, 0x00, 0x00, 0x00, 0x00, 0x00, 0x00, 0x00, 0x00, 0x00, 0x00, 0x00,
    0x00, 0x00, 0x00, 0x00, 0x00, 0x00, 0x00, 0x00, 0x00, 0x00, 0x00, 0x00, 0x00, 0x00, 0x00, 0x00,
    0x00, 0x00, 0x00, 0x00, 0x00, 0x00, 0x00, 0x00, 0x00, 0x00, 0x00, 0x00, 0x00, 0xc0, 0xc0, 0x0c,
    0x0c, 0xcc, 0x00, 0x00, 0x00, 0xc0, 0x00, 0x0c, 0x01, 0x00, 0x00, 0x30, 0x00, 0x00, 0x00, 0x00,
    0x00, 0x00, 0x00, 0x00, 0x00, 0x00, 0x00, 0x00, 0x00, 0x00, 0x00, 0x00, 0x30, 0x00, 0x00, 0x00,
    0x00, 0x00, 0x00, 0x00, 0x00, 0x00, 0x00, 0x00, 0x00, 0x00, 0x00, 0x30, 0x00, 0x00, 0x03, 0x00,
    0x00, 0x00, 0x00, 0x00, 0x00, 0x00, 0x00, 0x00, 0x00, 0x00, 0x00, 0x00, 0x00, 0x00, 0x00, 0x00,
    0x00, 0x00, 0x00, 0x00, 0x00, 0x00, 0x00, 0x00, 0x00, 0x00, 0x00, 0x00, 0x00, 0x00, 0x00, 0x00,
    0x00, 0x00, 0x00, 0x00, 0x00, 0x00, 0x00, 0x00, 0x00, 0x00, 0x00, 0x00, 0x00, 0x00, 0x00, 0x00,
    0x00, 0x00, 0x00, 0xc0, 0x0c, 0x00, 0x00, 0x00, 0x00, 0x00, 0x00, 0x00, 0x00, 0x00, 0x00, 0x00,
    0x01, 0x0c, 0x04, 0x30, 0x30, 0x00, 0x00, 0xc0, 0xc0, 0xc0, 0x00, 0x00, 0x00, 0x00, 0x00, 0x00,
    0x00, 0x00, 0x03, 0x00, 0x04, 0x00, 0x00, 0x0c, 0x0c, 0x00, 0x04, 0x00, 0x04, 0x00, 0x00, 0x00,
    0x00, 0x00, 0xc0, 0x03, 0x00, 0x00, 0x00, 0x00, 0x00, 0x00, 0x00, 0x00, 0x00, 0x00, 0x00, 0x00,
    0x0c, 0x00, 0x30, 0x00, 0x00, 0x00, 0x00, 0x00, 0x00, 0x00, 0x00, 0x00, 0x00, 0x00, 0x00, 0x00,
    0x00, 0x00, 0x00, 0x00, 0x00, 0xc0, 0x00, 0x00, 0x00, 0x00, 0x00, 0x00, 0x00, 0x00, 0x00, 0x00,
    0x00, 0x00, 0x00, 0x00, 0x00, 0x00, 0x00, 0x00, 0x00, 0x00, 0x00, 0x00, 0x00, 0x00, 0x00, 0x00,
    0x00, 0x00, 0x00, 0x00, 0x00, 0x00, 0x00, 0x00, 0x00, 0x00, 0x0c, 0x00, 0x00, 0x00, 0x00, 0x00,
    0x00, 0x00, 0x00, 0x00, 0x00, 0x00, 0x00, 0x00, 0x00, 0x00, 0x00, 0x00, 0x00, 0x00, 0x00, 0x00,
    0x0c, 0xf3, 0x0c, 0x00, 0x30, 0x00, 0xc0, 0xc0, 0x03, 0x03, 0x00, 0x00, 0x00, 0x00, 0x00, 0xc0,
    0x00, 0x00, 0x40, 0x00, 0x00, 0x00, 0x00, 0x00, 0x00, 0x00, 0x00, 0x00, 0x00, 0x00, 0x0c, 0x00,
    0x00, 0x00, 0x00, 0x00, 0x00, 0x30, 0x00, 0x00, 0xc0, 0x03, 0x00, 0x00, 0x00, 0x0c, 0x00, 0x00,
    0xc0, 0x00, 0x00, 0x00, 0x00, 0x00, 0x00, 0x00, 0x00, 0x00, 0x00, 0x00, 0x00, 0x00, 0x00, 0x00,
    0x00, 0x00, 0x00, 0x00, 0x00, 0x00, 0x00, 0x00, 0x00, 0x00, 0x00, 0x00, 0x00, 0x00, 0x00, 0x00,
    0x00, 0x00, 0x00, 0x00, 0x00, 0x00, 0x00, 0x00, 0x00, 0x00, 0x00, 0x00, 0x00, 0x00, 0x00, 0x00,
    0x00, 0x00, 0x00, 0x00, 0x00, 0x00, 0x00, 0x00, 0x00, 0x00, 0x00, 0x00, 0x00, 0x00, 0x00, 0x00,
    0x00, 0xc0, 0x0c, 0x00, 0x00, 0x0c, 0x30, 0x30, 0xc0, 0xcc, 0x00, 0x0c, 0x00, 0x00, 0x00, 0x00,
    0x00, 0x00, 0x00, 0x00, 0x03, 0x00, 0x10, 0x00, 0x00, 0x00, 0x00, 0x00, 0x00, 0xc0, 0x30, 0x00,
    0x00, 0x10, 0x00, 0x03, 0x00, 0x00, 0x00, 0x00, 0x30, 0x00, 0x00, 0x00, 0x03, 0x00, 0x00, 0x0c,
    0x00, 0x00, 0x00, 0x00, 0x00, 0xc0, 0x00, 0x0c, 0x00, 0x30, 0x30, 0x30, 0x00, 0x30, 0x00, 0x00,
    0x00, 0x00, 0x03, 0x00, 0x00, 0x00, 0x00, 0x00, 0x00, 0x00, 0x00, 0x00, 0x00, 0x00, 0x00, 0x00,
    0x00, 0x00, 0x00, 0x00, 0x00, 0x00, 0x00, 0x00, 0x00, 0x00, 0x00, 0x00, 0x00, 0x00, 0x00, 0x00,
    0x00, 0x00, 0x00, 0x00, 0x00, 0x00, 0x00, 0x00, 0x00, 0xc0, 0x00, 0x00, 0x00, 0x00, 0x00, 0x00,
    0x0c, 0x00, 0x00, 0x00, 0x00, 0x00, 0x00, 0x00, 0x00, 0x00, 0x00, 0x00, 0x00, 0xc0, 0x00, 0x00,
    0x0c, 0xc0, 0x00, 0x00, 0x00, 0x0c, 0x00, 0x00, 0x30, 0x00, 0x00, 0x00, 0xc0, 0x00, 0x00, 0x00,
    0x00, 0x00, 0x0c, 0x00, 0xc0, 0x00, 0x00, 0x0c, 0x03, 0x00, 0x00, 0x30, 0x00, 0x00, 0x00, 0x00,
    0x00, 0x03, 0x00, 0x30, 0x00, 0x00, 0x00, 0x00, 0x00, 0x00, 0x00, 0x00, 0x00, 0x00, 0x03, 0x00,
    0x00, 0x00, 0x00, 0x00, 0x30, 0x00, 0x00, 0x00, 0x00, 0x00, 0x00, 0x00, 0x00, 0x00, 0x00, 0x00,
    0x00, 0x00, 0x00, 0x00, 0x00, 0x00, 0x00, 0x00, 0x00, 0x00, 0x00, 0x00, 0x00, 0x00, 0x00, 0x00,
    0x00, 0x00, 0x00, 0x00, 0x00, 0x00, 0x00, 0x03, 0x00, 0x00, 0x00, 0x00, 0x00, 0x00, 0xc0, 0x00,
    0x0c, 0x00, 0x00, 0x00, 0x00, 0x00, 0x00, 0x00, 0xc0, 0x00, 0x00, 0x00, 0x00, 0x00, 0x00, 0x00,
    0x00, 0x00, 0x00, 0x0c, 0x0c, 0x00, 0x03, 0x0c, 0xc3, 0x33, 0x00, 0x00, 0x00, 0x00, 0x00, 0x00,
    0x00, 0x00, 0x00, 0x00, 0x00, 0x03, 0x00, 0x00, 0x00, 0x0c, 0x00, 0x0c, 0x00, 0x00, 0x00, 0x00,
    0x00, 0x00, 0x03, 0x00, 0xc0, 0x0c, 0x00, 0x00, 0x00, 0x00, 0x00, 0x00, 0x00, 0x00, 0x00, 0x00,
    0x00, 0x00, 0x00, 0x00, 0x00, 0x00, 0x00, 0x00, 0x03, 0x00, 0x00, 0x00, 0x00, 0x00, 0x00, 0x0c,
    0x00, 0x00, 0x00, 0x00, 0x00, 0x00, 0x00, 0x00, 0x00, 0x00, 0x00, 0x00, 0x00, 0x00, 0x00, 0x00,
    0x00, 0x00, 0x00, 0x00, 0x00, 0x00, 0x00, 0x00, 0x00, 0x00, 0x00, 0x00, 0x00, 0x00, 0x00, 0x00,
    0x00, 0x00, 0x00, 0x00, 0x00, 0x00, 0x00, 0x00, 0x00, 0x00, 0x00, 0x00, 0x00, 0x00, 0x00, 0x00,
    0x00, 0x00, 0x00, 0x00, 0x00, 0x00, 0x00, 0x00, 0x03, 0x00, 0xc0, 0x00, 0x00, 0x00, 0x30, 0x00,
    0x00, 0xcc, 0x03, 0x00, 0x03, 0x00, 0x00, 0x30, 0x00, 0x03, 0x03, 0x00, 0x00, 0x00, 0x00, 0x00,
    0xc0, 0xc0, 0x00, 0x00, 0x00, 0x00, 0x00, 0x00, 0x00, 0x00, 0x00, 0x00, 0x00, 0xc0, 0x00, 0x00,
    0x00, 0x00, 0x00, 0x00, 0x00, 0x00, 0x00, 0x00, 0x00, 0x00, 0x00, 0x00, 0x30, 0x00, 0x00, 0x00,
    0x30, 0x00, 0x00, 0x00, 0x00, 0x00, 0x00, 0xc0, 0x00, 0x00, 0x00, 0x00, 0x00, 0x00, 0x00, 0x00,
    0x00, 0x00, 0x00, 0x00, 0x00, 0x00, 0x00, 0x00, 0x00, 0x00, 0x00, 0x00, 0x00, 0x00, 0x00, 0x00,
    0x00, 0x00, 0x00, 0x00, 0x00, 0x00, 0x00, 0x00, 0x00, 0x00, 0x00, 0x00, 0x00, 0x00, 0x00, 0x00,
    0x00, 0x00, 0x00, 0x00, 0x00, 0x00, 0x00, 0x30, 0x00, 0x00, 0x00, 0x00, 0x00, 0x00, 0x00, 0x00,
    0x00, 0x00, 0x00, 0xc0, 0x00, 0x03, 0x00, 0x30, 0xcc, 0xc0, 0x00, 0x03, 0x00, 0x00, 0x0c, 0x00,
    0x00, 0x30, 0x00, 0x00, 0x00, 0x00, 0x00, 0xc0, 0x00, 0x00, 0x00, 0x00, 0x00, 0x00, 0x00, 0x00,
    0x00, 0x00, 0xc0, 0x01, 0x00, 0x00, 0x00, 0x00, 0x00, 0x00, 0x00, 0x00, 0x00, 0x00, 0x00, 0xc0,
    0x00, 0x00, 0x00, 0x03, 0x00, 0x00, 0x00, 0x03, 0x00, 0x00, 0x0c, 0x00, 0x00, 0x00, 0x00, 0x00,
    0x00, 0x00, 0x00, 0x00, 0x00, 0x00, 0x00, 0x00, 0x00, 0x0c, 0x00, 0x00, 0x00, 0x00, 0x00, 0x00,
    0x00, 0x00, 0x00, 0x00, 0x00, 0x00, 0x00, 0x00, 0x00, 0x00, 0x00, 0x00, 0x00, 0x00, 0x00, 0x00,
    0x00, 0x00, 0x00, 0x00, 0x00, 0x00, 0x00, 0x00, 0x00, 0x00, 0x00, 0x00, 0x00, 0x00, 0x00, 0x00,
    0x00, 0x00, 0x00, 0x30, 0x00, 0x00, 0x00, 0x00, 0x00, 0x00, 0x00, 0x00, 0x00, 0x00, 0x00, 0x00,
    0x03, 0x33, 0x00, 0x00, 0x00, 0x00, 0x00, 0x00, 0x03, 0x00, 0x00, 0x03, 0x00, 0x30, 0x00, 0x00,
    0x00, 0x00, 0x00, 0x00, 0x00, 0x30, 0x30, 0x30, 0x00, 0x00, 0x00, 0x03, 0x00, 0x00, 0x00, 0x30,
    0x00, 0x00, 0x00, 0x00, 0x00, 0x00, 0x00, 0x00, 0x00, 0x00, 0x00, 0x00, 0x00, 0x00, 0x30, 0x30,
    0x00, 0x00, 0xc0, 0x03, 0x00, 0xc0, 0x00, 0x00, 0x00, 0x00, 0x00, 0x00, 0x00, 0x00, 0x00, 0x00,
    0x00, 0x00, 0x00, 0x00, 0x00, 0x00, 0x00, 0x00, 0x00, 0x00, 0x00, 0x00, 0x00, 0x00, 0x00, 0x00,
    0x00, 0x00, 0x00, 0x00, 0x00, 0x00, 0x00, 0x00, 0x00, 0x00, 0x00, 0x00, 0x00, 0x00, 0x00, 0x00,
    0x00, 0x00, 0x00, 0x00, 0x00, 0x00, 0x00, 0x00, 0x00, 0x00, 0x00, 0x00, 0x00, 0x00, 0x00, 0x00,
    0x00, 0x0c, 0x00, 0x00, 0x30, 0x30, 0x03, 0x0c, 0xc3, 0x30, 0x00, 0x10, 0x00, 0x04, 0x00, 0x00,
    0x30, 0x00, 0x00, 0x00, 0x03, 0x00, 0x0c, 0x00, 0x00, 0x00, 0x0c, 0x00, 0x03, 0x00, 0x00, 0x00,
    0x0c, 0x00, 0x00, 0x00, 0x0c, 0x00, 0x03, 0x00, 0x0c, 0x0c, 0x00, 0x00, 0x30, 0x00, 0x00, 0x00,
    0x00, 0x00, 0x03, 0x00, 0x00, 0x00, 0x00, 0x00, 0x00, 0x0c, 0x00, 0x00, 0x00, 0x00, 0x30, 0x00,
    0x00, 0x00, 0x00, 0x00, 0x00, 0x00, 0x00, 0x00, 0x00, 0x00, 0x00, 0x00, 0x00, 0x00, 0x00, 0x00,
    0x00, 0x00, 0x00, 0x00, 0x00, 0x00, 0x00, 0x00, 0x00, 0x00, 0x00, 0x00, 0x00, 0x00, 0x00, 0x00,
    0x00, 0x00, 0x00, 0x00, 0x00, 0x00, 0x00, 0x00, 0x00, 0x00, 0x00, 0x00, 0x00, 0x00, 0x00, 0x00,
    0x00, 0x00, 0x00, 0x00, 0x00, 0x00, 0x00, 0x00, 0x01, 0x00, 0x00, 0x03, 0x00, 0x00, 0x30, 0x00,
    0x0c, 0xcc, 0x03, 0x00, 0x0c, 0x00, 0xc0, 0x01, 0x00, 0x00, 0x03, 0x00, 0x00, 0x00, 0x00, 0x00,
    0x00, 0x00, 0xc0, 0x0c, 0x00, 0x00, 0x00, 0x00, 0x00, 0x00, 0x00, 0x03, 0x00, 0x00, 0x00, 0x00,
    0x00, 0x00, 0x03, 0x00, 0x00, 0x00, 0x30, 0x00, 0x00, 0x0c, 0x00, 0x00, 0x00, 0x00, 0x00, 0x00,
    0x00, 0x00, 0x00, 0x00, 0x00, 0x00, 0x00, 0x00, 0x00, 0x00, 0x00, 0x00, 0x00, 0x00, 0x00, 0x00,
    0x00, 0x00, 0x00, 0x00, 0x00, 0x00, 0x00, 0x00, 0x00, 0x00, 0x00, 0x00, 0x00, 0x00, 0x00, 0x00,
    0x00, 0x00, 0x00, 0x00, 0x00, 0x00, 0x00, 0x00, 0x00, 0x00, 0x00, 0x00, 0x00, 0x30, 0x00, 0x00,
    0x00, 0x00, 0x00, 0x00, 0x00, 0x00, 0x00, 0x00, 0x00, 0x00, 0x00, 0x00, 0x00, 0x00, 0x00, 0x00,
    0x00, 0x00, 0x0c, 0x00, 0x00, 0x00, 0x00, 0x30, 0xc0, 0xc0, 0x00, 0x00, 0xc0, 0x00, 0x00, 0x30,
    0x00, 0x00, 0x30, 0x00, 0x00, 0x00, 0x00, 0x03, 0x03, 0x00, 0x00, 0x00, 0x00, 0x00, 0x00, 0x00,
    0x00, 0x0c, 0x00, 0x00, 0x00, 0x00, 0x00, 0x00, 0x00, 0x00, 0x00, 0x00, 0x00, 0x03, 0x00, 0x00,
    0x00, 0xc0, 0x00, 0x00, 0x00, 0x0c, 0x00, 0x00, 0x0c, 0x00, 0x00, 0x00, 0x00, 0x00, 0x00, 0x00,
    0x00, 0x00, 0x00, 0x00, 0x00, 0x00, 0x00, 0x00, 0x00, 0x00, 0x00, 0x00, 0x00, 0x00, 0x00, 0x00,
    0x00, 0x00, 0x00, 0x00, 0x00, 0x00, 0x00, 0x00, 0x00, 0x00, 0x00, 0x00, 0x00, 0x00, 0x00, 0x00,
    0x00, 0x00, 0x00, 0x00, 0x00, 0x00, 0x00, 0x00, 0x00, 0x00, 0x00, 0x00, 0x00, 0x00, 0x0c, 0x00,
    0x00, 0x00, 0x00, 0x00, 0x00, 0x00, 0x00, 0x00, 0x00, 0xc0, 0x00, 0x00, 0x00, 0x0c, 0x00, 0x00,
    0x0c, 0xf0, 0x30, 0x00, 0x00, 0x0c, 0x00, 0x00, 0x00, 0x00, 0x00, 0x01, 0x00, 0x00, 0x00, 0x00,
    0x00, 0x00, 0x00, 0x00, 0x00, 0x00, 0x00, 0x00, 0x00, 0x00, 0x03, 0x03, 0x00, 0x00, 0x00, 0x00,
    0x00, 0x00, 0x00, 0x00, 0x00, 0x00, 0x00, 0x00, 0x00, 0x00, 0x00, 0x00, 0x00, 0x00, 0x00, 0xc0,
    0xc0, 0x00, 0x00, 0x30, 0x0c, 0x00, 0x00, 0x00, 0x00, 0x00, 0x00, 0x00, 0x00, 0x00, 0x00, 0x00,
    0x00, 0x00, 0x00, 0x00, 0x00, 0x00, 0x00, 0x00, 0x00, 0x00, 0x00, 0x00, 0x00, 0x00, 0x00, 0x00,
    0x00, 0x00, 0x00, 0x00, 0x00, 0x00, 0x00, 0x00, 0x00, 0x00, 0x00, 0x00, 0x00, 0x00, 0x00, 0x00,
    0x00, 0x00, 0x00, 0x00, 0x00, 0x00, 0x00, 0x00, 0x00, 0x00, 0x00, 0x00, 0x00, 0x00, 0x00, 0x00,
    0x00, 0x00, 0x00, 0x30, 0x03, 0x00, 0x0c, 0x30, 0xc3, 0x30, 0x00, 0x00, 0x00, 0x00, 0x00, 0x00,
    0x00, 0x0c, 0x00, 0x00, 0x30, 0x04, 0x30, 0x00, 0x00, 0x00, 0x00, 0x00, 0x0c, 0x00, 0x01, 0x03,
    0x00, 0x00, 0x00, 0x00, 0x00, 0x00, 0xc0, 0x00, 0x00, 0x00, 0x00, 0x00, 0x00, 0x00, 0x00, 0x00,
    0x00, 0x00, 0x00, 0x00, 0x00, 0x00, 0x00, 0x00, 0x00, 0x00, 0x03, 0x00, 0x00, 0x0c, 0x00, 0x00,
    0x00, 0x00, 0x00, 0x00, 0x00, 0x00, 0x00, 0x00, 0x00, 0x00, 0x00, 0x00, 0x00, 0x00, 0x00, 0x00,
    0x00, 0x00, 0x00, 0x00, 0x00, 0x00, 0x00, 0x00, 0x00, 0x00, 0x00, 0x00, 0x00, 0x00, 0x00, 0x00,
    0x00, 0x00, 0x00, 0x00, 0x00, 0x00, 0x00, 0x00, 0x00, 0x00, 0x00, 0x00, 0x00, 0x00, 0x00, 0x00,
    0x00, 0x00, 0x00, 0x00, 0x00, 0x00, 0x00, 0x00, 0x00, 0x00, 0xc0, 0x00, 0x00, 0x00, 0x00, 0x00,
    0x0c, 0xc3, 0x00, 0x30, 0x00, 0x00, 0x03, 0x00, 0x03, 0x00, 0x00, 0x00, 0x00, 0x00, 0x00, 0x00,
    0x00, 0x01, 0x00, 0x00, 0xc0, 0x00, 0x40, 0x00, 0x01, 0x00, 0x00, 0x03, 0x03, 0x00, 0x00, 0x00,
    0x00, 0x00, 0x00, 0x00, 0x00, 0x00, 0x00, 0x00, 0x30, 0x00, 0x00, 0x00, 0x30, 0x00, 0x00, 0x00,
    0x00, 0x0c, 0x00, 0x00, 0x00, 0x00, 0x00, 0x00, 0x00, 0x00, 0x00, 0x00, 0x00, 0x00, 0x00, 0x00,
    0x00, 0x00, 0x00, 0x00, 0x00, 0x00, 0x00, 0x00, 0x00, 0x00, 0x00, 0x00, 0x00, 0x00, 0x00, 0x00,
    0x00, 0x00, 0x00, 0x00, 0x00, 0x00, 0x00, 0x00, 0x00, 0x00, 0x00, 0x00, 0x00, 0x00, 0x00, 0x00,
    0x03, 0x00, 0x00, 0x00, 0x00, 0x00, 0x00, 0x00, 0x00, 0x00, 0x00, 0x00, 0x00, 0x00, 0x00, 0x00,
    0x03, 0x00, 0x00, 0x00, 0x30, 0x00, 0xc0, 0x33, 0x03, 0x30, 0x00, 0x00, 0x03, 0x00, 0x00, 0x00,
    0xc0, 0x00, 0x00, 0x0c, 0x00, 0x00, 0x00, 0x30, 0x00, 0x10, 0x03, 0x00, 0x00, 0x00, 0x00, 0x00,
    0x00, 0x00, 0x00, 0x00, 0x30, 0x00, 0x00, 0x00, 0x30, 0x00, 0x00, 0x00, 0xc0, 0x00, 0x00, 0x00,
    0x00, 0x00, 0x00, 0x30, 0x00, 0x00, 0x30, 0x0c, 0x00, 0x00, 0x00, 0x00, 0x00, 0x00, 0x00, 0x00,
    0x00, 0x00, 0x00, 0x00, 0x00, 0x00, 0x00, 0x00, 0x00, 0x00, 0x00, 0x00, 0x00, 0x00, 0x00, 0x00,
    0x00, 0x00, 0x00, 0x00, 0x00, 0x00, 0x00, 0x00, 0x00, 0x00, 0x00, 0x00, 0x00, 0x00, 0x00, 0x00,
    0x00, 0x00, 0x00, 0x00, 0x30, 0x00, 0x00, 0x00, 0x00, 0x00, 0x00, 0x00, 0x00, 0x0c, 0x00, 0x00,
    0x00, 0x00, 0x00, 0x00, 0x00, 0x00, 0x0c, 0x00, 0x00, 0x00, 0x00, 0x00, 0x00, 0x0c, 0x03, 0x00,
    0x30, 0xc0, 0x00, 0x00, 0x30, 0x00, 0xc0, 0x00, 0x00, 0x00, 0x01, 0x00, 0x00, 0x30, 0x00, 0x00,
    0x30, 0x00, 0x30, 0x00, 0x00, 0x00, 0x30, 0x30, 0x00, 0x0c, 0x00, 0x43, 0x00, 0x00, 0x00, 0x03,
    0x00, 0x03, 0x00, 0x0c, 0x00, 0x30, 0x00, 0x00, 0x00, 0x00, 0x03, 0x00, 0x00, 0x0c, 0x00, 0x00,
    0x03, 0x00, 0x00, 0x00, 0x00, 0x00, 0x00, 0x00, 0x00, 0x00, 0x03, 0x00, 0x00, 0x00, 0x00, 0x00,
    0x00, 0x00, 0x00, 0x00, 0x00, 0x00, 0x00, 0x00, 0x00, 0x00, 0x00, 0x00, 0x00, 0x00, 0x00, 0x00,
    0x00, 0x00, 0x00, 0x00, 0x00, 0x00, 0x00, 0x00, 0x00, 0x00, 0x00, 0x00, 0x00, 0x00, 0x00, 0x00,
    0x00, 0x00, 0x00, 0x00, 0x00, 0x00, 0x00, 0x00, 0x00, 0x00, 0x00, 0x00, 0x00, 0x00, 0x00, 0x00,
    0x00, 0x00, 0x03, 0x03, 0x00, 0x00, 0x00, 0x03, 0x0c, 0xcc, 0x0c, 0x00, 0x00, 0x00, 0x00, 0x00,
    0x00, 0x00, 0x10, 0x00, 0x00, 0x00, 0x0c, 0x00, 0x00, 0x03, 0x00, 0x00, 0x00, 0x0c, 0x00, 0x00,
    0x00, 0xc0, 0x04, 0x00, 0x00, 0x00, 0x00, 0x30, 0x00, 0x00, 0x00, 0x00, 0x00, 0x00, 0x00, 0x00,
    0x00, 0x00, 0x00, 0x00, 0x00, 0x00, 0x00, 0x00, 0x30, 0x00, 0x30, 0x00, 0xc0, 0xc0, 0x00, 0x00,
    0x00, 0x00, 0x00, 0x00, 0x00, 0x00, 0x00, 0x00, 0x00, 0x00, 0x00, 0x00, 0x00, 0x00, 0x00, 0x00,
    0x00, 0x00, 0x00, 0x00, 0x00, 0x00, 0x00, 0x00, 0x00, 0x00, 0x00, 0x00, 0x00, 0x00, 0x00, 0x0c,
    0x00, 0x00, 0x00, 0x00, 0x00, 0x00, 0x00, 0x00, 0x00, 0x00, 0x00, 0x00, 0x00, 0x00, 0x00, 0x00,
    0x00, 0x00, 0x00, 0x00, 0x00, 0x00, 0x00, 0x00, 0x00, 0x0c, 0x30, 0x00, 0x00, 0x00, 0x00, 0x30,
    0x03, 0x30, 0x00, 0x0c, 0x00, 0x00, 0x00, 0x30, 0x00, 0x00, 0x00, 0x00, 0x03, 0x00, 0x00, 0x00,
    0x00, 0x30, 0x00, 0x00, 0x00, 0x00, 0x00, 0x00, 0x00, 0x00, 0x00, 0x0c, 0x00, 0x00, 0x03, 0x00,
    0x00, 0x00, 0x00, 0x00, 0x00, 0x00, 0x00, 0x30, 0x00, 0x00, 0x00, 0x00, 0x00, 0x00, 0x00, 0x30,
    0x00, 0x00, 0x00, 0x0c, 0x00, 0x00, 0x00, 0x00, 0x00, 0x00, 0x00, 0x00, 0x00, 0x00, 0x00, 0x00,
    0x00, 0x00, 0x00, 0x00, 0x00, 0x00, 0x00, 0x00, 0x00, 0x00, 0x0c, 0x00, 0x00, 0x00, 0x00, 0x00,
    0x00, 0x00, 0x00, 0x00, 0x00, 0x00, 0x00, 0x00, 0x00, 0x00, 0x00, 0x00, 0x00, 0x00, 0x00, 0x00,
    0x00, 0x00, 0x00, 0xc0, 0x0c, 0x00, 0x00, 0x00, 0x00, 0x00, 0x00, 0x00, 0x00, 0x00, 0x00, 0x00,
    0x00, 0xc0, 0x00, 0x00, 0x00, 0xc0, 0x30, 0x00, 0xc3, 0x30, 0x00, 0x00, 0x00, 0x0c, 0x00, 0x00,
    0x00, 0xc0, 0xc0, 0xc0, 0x30, 0x00, 0x00, 0x00, 0x00, 0x00, 0x00, 0x01, 0x00, 0x40, 0x00, 0x00,
    0x0c, 0x00, 0x00, 0x00, 0xc0, 0x00, 0xc0, 0x00, 0x00, 0x00, 0x00, 0x00, 0x00, 0x00, 0x00, 0x00,
    0x00, 0x03, 0x00, 0x00, 0x00, 0x00, 0x00, 0x00, 0x00, 0x00, 0x00, 0x00, 0x00, 0x00, 0x00, 0x00,
    0x00, 0x00, 0x00, 0x00, 0x00, 0x00, 0x00, 0x00, 0x00, 0x00, 0x00, 0x00, 0x00, 0x00, 0x00, 0x00,
    0x00, 0x00, 0x00, 0x00, 0x00, 0x00, 0x00, 0x00, 0x00, 0x00, 0x00, 0x00, 0x00, 0x00, 0x00, 0x00,
    0x00, 0x00, 0x00, 0x00, 0x00, 0x00, 0x00, 0x00, 0x00, 0x00, 0x00, 0x00, 0x00, 0x00, 0x00, 0x00,
    0x00, 0x00, 0x00, 0x00, 0x00, 0x30, 0x00, 0x00, 0x00, 0x00, 0x00, 0x00, 0x00, 0x00, 0x00, 0xc0,
    0x30, 0xc0, 0xc0, 0x00, 0x00, 0xc0, 0x03, 0x00, 0x30, 0x00, 0x00, 0x00, 0x00, 0x00, 0x00, 0x00,
    0x00, 0x00, 0x00, 0x00, 0x0c, 0x00, 0x00, 0x00, 0x00, 0x00, 0x03, 0x00, 0x00, 0x0c, 0x00, 0x00,
    0x00, 0x00, 0x00, 0xc0, 0x00, 0x00, 0x00, 0x00, 0x00, 0x30, 0x00, 0x00, 0x00, 0xc0, 0x00, 0x00,
    0x00, 0x0c, 0x00, 0x00, 0x00, 0x00, 0x00, 0x00, 0x00, 0x00, 0x00, 0x00, 0x00, 0x00, 0x00, 0x00,
    0x00, 0x00, 0x00, 0x00, 0x00, 0x00, 0x00, 0x00, 0x00, 0x00, 0x00, 0x00, 0x00, 0x00, 0x00, 0x00,
    0x00, 0x00, 0x00, 0x00, 0x00, 0x00, 0x00, 0x00, 0x00, 0x00, 0x00, 0x00, 0x00, 0x00, 0x00, 0x00,
    0x00, 0x00, 0x00, 0x00, 0x00, 0x00, 0x00, 0x00, 0x00, 0x00, 0x00, 0x00, 0x0c, 0x00, 0x00, 0x00,
    0x00, 0x00, 0x00, 0x01, 0x0c, 0x03, 0x00, 0x0c, 0x0c, 0xcc, 0x00, 0xc0, 0x30, 0x00, 0x00, 0x00,
    0x00, 0x00, 0x00, 0x00, 0x00, 0x00, 0xc0, 0x0c, 0x0c, 0x00, 0x00, 0x0c, 0x00, 0x00, 0x00, 0x0c,
    0x00, 0x00, 0x00, 0x0c, 0x00, 0x00, 0x00, 0x00, 0x00, 0x00, 0x00, 0x00, 0x00, 0x00, 0x0c, 0x00,
    0x03, 0x00, 0x00, 0x00, 0x00, 0x00, 0x0c, 0x03, 0x00, 0xc0, 0x00, 0xc0, 0x00, 0x00, 0x0c, 0x00,
    0x00, 0x00, 0x00, 0x00, 0x00, 0x03, 0x00, 0x00, 0x00, 0x03, 0x00, 0x00, 0x00, 0x00, 0x00, 0x00,
    0x00, 0x00, 0x00, 0x00, 0x00, 0x00, 0x00, 0x00, 0x00, 0x00, 0x00, 0x00, 0x00, 0x00, 0x00, 0x00,
    0x00, 0x00, 0x00, 0x00, 0x00, 0x00, 0x00, 0x00, 0x00, 0x00, 0x00, 0x00, 0x00, 0x00, 0x00, 0x00,
    0x00, 0x00, 0x00, 0x00, 0x00, 0x00, 0x00, 0x00, 0x01, 0x00, 0x00, 0x30, 0x00, 0x00, 0x03, 0x00,
    0xc3, 0x30, 0x00, 0x00, 0x00, 0x00, 0x00, 0x00, 0x00, 0x00, 0x00, 0x00, 0x00, 0x00, 0x00, 0xc0,
    0x00, 0x00, 0x00, 0xc0, 0x00, 0x00, 0x03, 0x00, 0x00, 0x00, 0x00, 0x00, 0xc0, 0x00, 0x00, 0x00,
    0x00, 0x0c, 0x00, 0x00, 0x00, 0x00, 0x00, 0x00, 0x00, 0x00, 0x00, 0x00, 0x30, 0x00, 0x00, 0x00,
    0x00, 0x00, 0x00, 0x00, 0x00, 0xc0, 0x00, 0x00, 0x00, 0x00, 0x00, 0x00, 0x00, 0x00, 0x00, 0x00,
    0x00, 0x00, 0x00, 0x00, 0x00, 0x00, 0x00, 0x00, 0x00, 0x00, 0x00, 0x00, 0x00, 0x00, 0x00, 0x00,
    0x00, 0x00, 0x00, 0x00, 0x00, 0x00, 0x00, 0x00, 0x00, 0x00, 0x00, 0x00, 0x00, 0x00, 0x00, 0x00,
    0x03, 0x00, 0x00, 0x00, 0x00, 0x00, 0x00, 0x00, 0x00, 0x00, 0x00, 0x00, 0x00, 0x00, 0x00, 0x00,
    0x00, 0x00, 0x30, 0x00, 0x00, 0x00, 0x00, 0x00, 0x0c, 0xc0, 0x00, 0x00, 0x00, 0x00, 0x00, 0x00,
    0x00, 0x00, 0x0c, 0x03, 0x00, 0x00, 0x00, 0x00, 0x00, 0x00, 0x0c, 0x00, 0x00, 0x00, 0xc0, 0x00,
    0x00, 0x00, 0xc0, 0x00, 0x00, 0x00, 0x00, 0x00, 0x00, 0x00, 0x00, 0x00, 0x00, 0x0c, 0x00, 0x00,
    0x00, 0x00, 0x00, 0x0c, 0x00, 0x00, 0x00, 0x00, 0x0c, 0x00, 0x0c, 0x00, 0x00, 0x00, 0x00, 0x00,
    0x00, 0x00, 0x00, 0x00, 0x00, 0x00, 0x00, 0x00, 0x00, 0x00, 0x00, 0x00, 0x00, 0x00, 0x00, 0x00,
    0x00, 0x00, 0x00, 0x00, 0x00, 0x00, 0x00, 0x00, 0x00, 0x00, 0x00, 0x00, 0x00, 0x00, 0x00, 0x00,
    0x00, 0x00, 0x00, 0x00, 0x00, 0x00, 0x00, 0x00, 0x00, 0x00, 0x00, 0x00, 0x00, 0x00, 0x00, 0x00,
    0x00, 0x00, 0x00, 0x00, 0x00, 0x00, 0x00, 0x00, 0x00, 0x30, 0x00, 0x00, 0x00, 0x30, 0x30, 0x33,
    0x03, 0x30, 0x0c, 0x03, 0x00, 0x00, 0xc0, 0x30, 0x00, 0xc0, 0xc0, 0x00, 0x00, 0xc0, 0x00, 0x00,
    0x00, 0x03, 0x00, 0x00, 0x00, 0x0c, 0x00, 0x00, 0x00, 0x00, 0x00, 0x0c, 0x00, 0xc0, 0x00, 0x00,
    0x00, 0x00, 0x00, 0x00, 0x03, 0x00, 0x00, 0x00, 0x00, 0x00, 0x00, 0x00, 0x00, 0x00, 0x00, 0x30,
    0x00, 0x00, 0x00, 0x00, 0x30, 0x00, 0x00, 0x00, 0x00, 0x00, 0x00, 0x00, 0x00, 0x00, 0x00, 0x00,
    0x00, 0x00, 0x00, 0x00, 0x00, 0x00, 0x00, 0x00, 0x00, 0x00, 0x00, 0x00, 0x00, 0x00, 0x00, 0x00,
    0x00, 0x00, 0x00, 0x00, 0x00, 0x00, 0x00, 0x00, 0x00, 0x00, 0x00, 0x00, 0x00, 0x00, 0x00, 0x00,
    0x00, 0x00, 0x00, 0x00, 0x00, 0x00, 0x00, 0x00, 0x00, 0x00, 0x00, 0x00, 0x00, 0x00, 0x00, 0x00,
    0x03, 0x00, 0x00, 0x00, 0x30, 0x00, 0x00, 0x00, 0x30, 0xc0, 0xc0, 0x00, 0x00, 0x10, 0x00, 0x00,
    0x30, 0x00, 0x00, 0x00, 0x00, 0x00, 0x30, 0x00, 0x00, 0x30, 0x00, 0x00, 0x00, 0xc0, 0x00, 0x00,
    0x03, 0x00, 0x00, 0x00, 0xc0, 0x00, 0x00, 0x00, 0x00, 0x00, 0x00, 0x00, 0x00, 0x00, 0x00, 0x00,
    0x00, 0x00, 0x00, 0x00, 0x00, 0x00, 0xc0, 0x00, 0x00, 0x00, 0x00, 0x00, 0x00, 0x00, 0x00, 0x00,
    0x00, 0x00, 0x00, 0x00, 0x00, 0x00, 0x00, 0x00, 0x00, 0x00, 0x00, 0x00, 0x00, 0x00, 0x00, 0x00,
    0x00, 0x00, 0x00, 0x00, 0x00, 0x30, 0x00, 0x00, 0x00, 0x00, 0x00, 0x00, 0x00, 0x00, 0x00, 0x00,
    0x00, 0x00, 0x03, 0x00, 0x00, 0x00, 0x00, 0x00, 0x00, 0x00, 0x00, 0x00, 0x00, 0x00, 0x00, 0x03,
    0x00, 0x30, 0x00, 0x00, 0x00, 0x00, 0x00, 0x00, 0x00, 0x00, 0x00, 0x0c, 0x00, 0x00, 0x03, 0x03,
    0x0c, 0xcc, 0x00, 0x00, 0x03, 0x00, 0x00, 0x00, 0x00, 0x00, 0x00, 0x00, 0x00, 0x00, 0x00, 0x00,
    0x10, 0x00, 0x00, 0x00, 0x0c, 0x00, 0x00, 0x00, 0x00, 0x00, 0x00, 0x0c, 0x00, 0x00, 0x00, 0x00,
    0x0c, 0x00, 0x03, 0x00, 0x00, 0x00, 0x00, 0x00, 0xc0, 0x00, 0x00, 0x00, 0x00, 0x00, 0x00, 0x00,
    0xc0, 0x03, 0x00, 0x00, 0x00, 0x00, 0x00, 0x00, 0x0c, 0x00, 0x00, 0x00, 0x00, 0x00, 0x00, 0x00,
    0x00, 0x00, 0x00, 0x00, 0x00, 0x00, 0x00, 0x00, 0x00, 0x00, 0x00, 0x00, 0x00, 0x00, 0x00, 0x00,
    0x00, 0x00, 0x00, 0x00, 0x00, 0x00, 0x00, 0x00, 0x00, 0x00, 0x00, 0x00, 0x00, 0x00, 0x00, 0x00,
    0x00, 0x00, 0x00, 0x00, 0x00, 0x00, 0x00, 0x00, 0x00, 0x00, 0x00, 0x00, 0xc0, 0x00, 0x00, 0x00,
    0x00, 0x00, 0x03, 0x00, 0x00, 0x03, 0x00, 0x00, 0x03, 0x30, 0x00, 0x04, 0x00, 0x00, 0x03, 0x00,
    0x00, 0x00, 0x00, 0x0c, 0x0c, 0x00, 0x00, 0x03, 0x00, 0x00, 0x00, 0x00, 0x00, 0x00, 0x00, 0x00,
    0xc0, 0x00, 0x00, 0xc0, 0x00, 0x00, 0x00, 0x30, 0x00, 0x00, 0x00, 0x00, 0xc0, 0x00, 0x00, 0x00,
    0x00, 0x00, 0x03, 0x00, 0x00, 0x00, 0x00, 0x30, 0x00, 0x30, 0x00, 0x0c, 0x00, 0x0c, 0x00, 0x00,
    0x00, 0x00, 0x00, 0x00, 0x00, 0x00, 0x00, 0x00, 0x00, 0x00, 0x00, 0x00, 0x00, 0x00, 0x00, 0x00,
    0x00, 0x00, 0x00, 0x00, 0x00, 0x00, 0x00, 0x00, 0x00, 0x00, 0x00, 0x00, 0x03, 0x00, 0x00, 0x00,
    0x00, 0x00, 0x00, 0x00, 0x00, 0x00, 0x00, 0x00, 0x00, 0x00, 0x00, 0x00, 0x00, 0x00, 0x00, 0x00,
    0x00, 0x00, 0x00, 0x00, 0x00, 0x00, 0x00, 0x00, 0x00, 0x00, 0xc0, 0x00, 0x00, 0x30, 0x00, 0x30,
    0xc0, 0xc0, 0x00, 0x00, 0x30, 0x00, 0xc0, 0x00, 0x00, 0x00, 0x00, 0xc0, 0x00, 0x03, 0x00, 0x30,
    0x00, 0x00, 0x00, 0x01, 0x00, 0x00, 0x00, 0x00, 0x00, 0x01, 0x0c, 0x00, 0xc0, 0x00, 0x0c, 0x00,
    0x00, 0x00, 0xc0, 0x00, 0x00, 0x00, 0x00, 0x00, 0x00, 0x00, 0x30, 0x00, 0x00, 0x0c, 0x03, 0x00,
    0x00, 0x00, 0x00, 0xc0, 0x00, 0xc0, 0x00, 0x00, 0x00, 0x00, 0x00, 0x00, 0x00, 0x00, 0x00, 0x00,
    0x00, 0x00, 0x00, 0x00, 0x00, 0x00, 0x00, 0x00, 0x00, 0x00, 0x0c, 0x00, 0x00, 0x00, 0x00, 0x00,
    0x00, 0x00, 0x00, 0x00, 0x00, 0x00, 0x00, 0x00, 0x00, 0x00, 0x00, 0x00, 0x00, 0x00, 0x00, 0x00,
    0x30, 0x00, 0x00, 0x00, 0x00, 0x00, 0x00, 0xc0, 0x00, 0x00, 0x00, 0x00, 0x00, 0x00, 0x00, 0x00,
    0x00, 0x00, 0x00, 0x00, 0x03, 0x00, 0x03, 0x00, 0x0c, 0xc0, 0x03, 0x03, 0x00, 0x00, 0x00, 0x01,
    0x03, 0x03, 0x00, 0x00, 0x00, 0x00, 0x00, 0x00, 0x00, 0x00, 0x00, 0x40, 0x00, 0x00, 0x00, 0x30,
    0x00, 0x00, 0x00, 0x00, 0x00, 0x00, 0xc0, 0x00, 0x00, 0x00, 0x00, 0x00, 0x00, 0x00, 0x00, 0x30,
    0x00, 0x0c, 0x00, 0x00, 0x03, 0x00, 0x00, 0x00, 0x00, 0x00, 0x00, 0x00, 0x00, 0x00, 0x00, 0x00,
    0x00, 0x00, 0x00, 0x00, 0x00, 0x00, 0x00, 0x00, 0x00, 0x00, 0x00, 0x00, 0x00, 0x00, 0x00, 0x00,
    0x00, 0x00, 0x00, 0x00, 0x00, 0x00, 0x00, 0x00, 0x00, 0x00, 0x00, 0x0c, 0x00, 0x00, 0x00, 0x30,
    0x00, 0x00, 0x00, 0x00, 0x00, 0xc0, 0x00, 0x00, 0x00, 0x00, 0x03, 0x00, 0x00, 0x00, 0x0c, 0x00,
    0x00, 0x00, 0x00, 0x00, 0x00, 0x00, 0x00, 0x00, 0x01, 0x0c, 0x00, 0x00, 0x00, 0x00, 0x00, 0x03,
    0x03, 0x30, 0xc0, 0x00, 0x00, 0x00, 0x00, 0x00, 0x30, 0x00, 0x00, 0x00, 0x00, 0x00, 0x00, 0x00,
    0x03, 0x00, 0xc0, 0x00, 0x00, 0x00, 0x01, 0x00, 0x00, 0x00, 0x00, 0x0c, 0x00, 0x0c, 0x00, 0x00,
    0x00, 0x00, 0x00, 0x00, 0x00, 0x00, 0x00, 0x00, 0x00, 0x00, 0x00, 0x00, 0x30, 0x00, 0x00, 0x00,
    0x30, 0x00, 0x00, 0x00, 0x00, 0x00, 0x00, 0x30, 0x00, 0x00, 0x00, 0x00, 0x00, 0x00, 0x00, 0x00,
    0x00, 0x00, 0x00, 0x00, 0x00, 0x00, 0x00, 0x00, 0x00, 0x00, 0x00, 0x00, 0x00, 0x00, 0x00, 0x00,
    0x00, 0x00, 0x00, 0x00, 0x00, 0x00, 0x00, 0x00, 0x00, 0x00, 0x00, 0x00, 0x00, 0x00, 0x00, 0x00,
    0x00, 0x00, 0x00, 0x00, 0x00, 0x03, 0x00, 0x00, 0x00, 0x00, 0x00, 0x00, 0x00, 0x00, 0x00, 0x00,
    0x00, 0x00, 0x00, 0x00, 0xc0, 0x00, 0x30, 0x00, 0x30, 0xc0, 0x00, 0x00, 0x00, 0x30, 0x00, 0x0c,
    0x00, 0x00, 0x00, 0x00, 0x00, 0x30, 0x03, 0x00, 0x00, 0x00, 0x00, 0x03, 0x00, 0x00, 0x40, 0x00,
    0x00, 0x30, 0x00, 0x00, 0x00, 0x00, 0x00, 0x00, 0x00, 0x00, 0x00, 0x00, 0x00, 0x00, 0x0c, 0x00,
    0x00, 0x00, 0x00, 0x00, 0x00, 0x00, 0x00, 0x03, 0x00, 0x03, 0x00, 0x00, 0x00, 0x00, 0x00, 0x00,
    0x00, 0x00, 0x00, 0x00, 0x00, 0x00, 0x00, 0x00, 0x00, 0x00, 0x00, 0x00, 0x00, 0x00, 0x00, 0x00,
    0x00, 0x00, 0x00, 0x00, 0x00, 0x00, 0x00, 0x00, 0x00, 0x00, 0x00, 0x00, 0x00, 0x00, 0x00, 0x00,
    0x00, 0x00, 0x00, 0x00, 0x00, 0x00, 0x00, 0x00, 0x00, 0x00, 0x00, 0x00, 0x00, 0xc0, 0x00, 0x00,
    0x00, 0x00, 0x00, 0x00, 0x00, 0x00, 0x00, 0x00, 0x00, 0x00, 0x00, 0x10, 0x00, 0x00, 0x00, 0x30,
    0x0c, 0xcc, 0x0c, 0x30, 0x30, 0x00, 0xc3, 0x00, 0x00, 0x00, 0x4c, 0x0c, 0x0c, 0x00, 0x00, 0x00,
    0x00, 0x00, 0x00, 0x30, 0x03, 0x00, 0x00, 0x00, 0x01, 0x00, 0x00, 0x03, 0x03, 0x00, 0x00, 0x00,
    0x00, 0xc0, 0x00, 0x00, 0x00, 0x00, 0xc0, 0x00, 0x00, 0xc0, 0x00, 0x00, 0x00, 0x00, 0x00, 0x30,
    0x00, 0x30, 0x00, 0x00, 0x30, 0x00, 0x00, 0x00, 0x00, 0x00, 0x00, 0x00, 0x00, 0x00, 0x00, 0x00,
    0x00, 0x00, 0x00, 0x00, 0x00, 0x00, 0x00, 0x00, 0x00, 0x00, 0x00, 0x00, 0x00, 0x00, 0x00, 0x00,
    0x00, 0x00, 0x00, 0x00, 0x00, 0x00, 0x00, 0x00, 0x00, 0x00, 0x00, 0x00, 0x00, 0x00, 0x00, 0x00,
    0x00, 0x00, 0x00, 0x00, 0x00, 0x00, 0x00, 0x00, 0x00, 0x00, 0x00, 0x00, 0x00, 0x00, 0x00, 0x00,
    0x03, 0x00, 0x00, 0x00, 0x00, 0x00, 0x00, 0x00, 0xc0, 0x33, 0x30, 0xc3, 0x03, 0x30, 0x30, 0x30,
    0xc3, 0x33, 0x00, 0xc0, 0xc0, 0x03, 0x0c, 0x0c, 0x30, 0x30, 0x30, 0x00, 0x00, 0x0c, 0x0c, 0x00,
    0xc0, 0x00, 0x30, 0x30, 0x00, 0x00, 0x00, 0x00, 0x00, 0x00, 0x00, 0x00, 0x00, 0x30, 0x00, 0x00,
    0x00, 0x00, 0x00, 0x00, 0x00, 0x00, 0x0c, 0x00, 0x00, 0x00, 0x03, 0x03, 0x00, 0x00, 0x00, 0x00,
    0x00, 0x00, 0x00, 0x00, 0x00, 0x00, 0x00, 0x00, 0x00, 0x00, 0x00, 0x00, 0x00, 0x00, 0x00, 0x00,
    0x00, 0x00, 0x00, 0x00, 0x00, 0x00, 0x00, 0x00, 0x00, 0x00, 0x00, 0x00, 0x00, 0x00, 0x00, 0x00,
    0x00, 0x00, 0x00, 0x00, 0x00, 0x00, 0x00, 0x00, 0x00, 0x00, 0x00, 0x00, 0x00, 0x00, 0x00, 0x00,
    0x00, 0x00, 0x00, 0x00, 0x00, 0x00, 0x00, 0x00, 0x00, 0x00, 0x0c, 0x00, 0x00, 0x30, 0x00, 0x00,
    0x03, 0x00, 0x03, 0x0c, 0x30, 0x0c, 0x03, 0x03, 0x0c, 0x00, 0xcc, 0x0c, 0x0c, 0xc0, 0xc0, 0xc0,
    0xc3, 0x03, 0x03, 0x03, 0x30, 0xc0, 0xc0, 0xcc, 0x03, 0x03, 0x00, 0x03, 0x00, 0x00, 0x00, 0x00,
    0x30, 0x00, 0x00, 0x0c, 0x03, 0x00, 0x00, 0x00, 0x00, 0x00, 0x00, 0x00, 0x00, 0x00, 0x00, 0x00,
    0x00, 0x00, 0x00, 0x00, 0x00, 0x30, 0x00, 0x00, 0x00, 0x00, 0x00, 0x00, 0x00, 0x00, 0x00, 0x00,
    0x00, 0x00, 0x00, 0x00, 0x00, 0x00, 0x00, 0x00, 0x00, 0x00, 0x00, 0x00, 0x00, 0x00, 0x00, 0x00,
    0x00, 0x00, 0x30, 0x00, 0x00, 0x00, 0x00, 0x00, 0x00, 0x00, 0x00, 0x00, 0x00, 0x00, 0x00, 0x00,
    0x00, 0x00, 0x00, 0x00, 0x00, 0x00, 0x00, 0x00, 0x00, 0x00, 0x00, 0x00, 0x00, 0x00, 0x00, 0x00,
    0x00, 0x00, 0xc0, 0x0c, 0x03, 0x00, 0x30, 0x30, 0x00, 0x03, 0x00, 0x00, 0x00, 0xc0, 0xc0, 0x00,
    0x00, 0x30, 0x00, 0x00, 0x00, 0x0c, 0x00, 0x0c, 0x00, 0x30, 0x30, 0x30, 0x00, 0x00, 0x0c, 0x00,
    0x30, 0x30, 0x0c, 0xc0, 0x00, 0x00, 0x00, 0x00, 0x00, 0x00, 0x03, 0x00, 0x00, 0x00, 0x00, 0x00,
    0x00, 0x00, 0x00, 0x0c, 0x00, 0x00, 0x00, 0x00, 0x0c, 0x00, 0x00, 0x00, 0x00, 0x00, 0x00, 0x00,
    0x00, 0x00, 0x00, 0x00, 0x00, 0x00, 0x00, 0x00, 0x00, 0x03, 0x00, 0x00, 0x00, 0x00, 0x00, 0x00,
    0x00, 0x00, 0x00, 0x00, 0x00, 0x00, 0x00, 0x00, 0x00, 0x00, 0x00, 0x00, 0x00, 0x00, 0x00, 0x00,
    0x00, 0x00, 0x00, 0x00, 0x00, 0x00, 0x00, 0x00, 0x00, 0x00, 0x00, 0x00, 0x00, 0x00, 0x00, 0x00,
    0x00, 0x00, 0x00, 0x00, 0x00, 0x00, 0x00, 0x00, 0x00, 0x00, 0x00, 0x00, 0x00, 0x00, 0x00, 0x00,
    0x00, 0x00, 0x00, 0x00, 0x00, 0x00, 0x00, 0x30, 0x00, 0x00, 0x00, 0xc0, 0xc0, 0x00, 0x0c, 0x00,
    0x03, 0x00, 0x00, 0x00, 0x0c, 0x30, 0xc0, 0x03, 0x00, 0x00, 0xc0, 0x03, 0x00, 0x00, 0x00, 0x00,
    0x00, 0x00, 0x00, 0x00, 0x00, 0x00, 0x00, 0x00, 0x30, 0x00, 0x00, 0xc0, 0x00, 0x0c, 0x00, 0x03,
    0x00, 0x00, 0x30, 0x00, 0x00, 0x00, 0x00, 0x00, 0x00, 0x00, 0x00, 0x00, 0x00, 0x00, 0x00, 0x00,
    0x00, 0x00, 0x00, 0x00, 0x00, 0x00, 0x00, 0x00, 0x00, 0x00, 0x00, 0x00, 0x00, 0x00, 0x00, 0x00,
    0x00, 0x00, 0x00, 0x00, 0x00, 0x00, 0x00, 0x00, 0x00, 0x00, 0x00, 0x00, 0x00, 0x00, 0x00, 0x00,
    0xc0, 0x00, 0x00, 0x00, 0x00, 0x00, 0x00, 0x00, 0x00, 0x00, 0x00, 0x00, 0x00, 0x00, 0x00, 0x00,
    0x00, 0x0c, 0x00, 0x00, 0x00, 0x00, 0x00, 0x00, 0x30, 0x30, 0x0c, 0x03, 0x0c, 0x00, 0x00, 0x00,
    0x30, 0x00, 0x00, 0x00, 0x00, 0x00, 0x00, 0x00, 0x00, 0x00, 0x00, 0x00, 0xc0, 0x00, 0x00, 0x30,
    0x00, 0x00, 0x00, 0x00, 0x00, 0x00, 0x00, 0x0c, 0x00, 0x00, 0x00, 0x00, 0x00, 0x00, 0x00, 0x00,
    0x00, 0x00, 0x0c, 0x00, 0x03, 0x00, 0x03, 0x00, 0x00, 0x0c, 0x00, 0x00, 0x00, 0x00, 0x03, 0x00,
    0x00, 0x00, 0x00, 0x00, 0x00, 0x00, 0x00, 0x00, 0x00, 0x00, 0x00, 0x00, 0x00, 0x00, 0x00, 0x00,
    0x00, 0x00, 0x00, 0x00, 0x00, 0x00, 0x00, 0x00, 0x00, 0x00, 0x00, 0x00, 0x00, 0x00, 0x00, 0x00,
    0x00, 0x00, 0x00, 0x00, 0x00, 0x00, 0x00, 0x00, 0x00, 0x03, 0x00, 0x00, 0x00, 0x00, 0x00, 0x00,
    0x00, 0x00, 0x00, 0x00, 0x00, 0x00, 0x00, 0x00, 0x00, 0xc0, 0x00, 0x00, 0x00, 0x00, 0x00, 0x00,
    0x00, 0x00, 0x00, 0x30, 0x00, 0x00, 0x0c, 0x00, 0x00, 0x03, 0x00, 0x00, 0x00, 0xc0, 0x00, 0x00,
    0xc0, 0x00, 0x03, 0x00, 0x00, 0x00, 0x00, 0x00, 0x00, 0xc0, 0x00, 0x00, 0x00, 0x03, 0x00, 0xc0,
    0x00, 0x00, 0xc0, 0x00, 0x00, 0x00, 0x00, 0x00, 0x00, 0x00, 0xc0, 0x00, 0x00, 0x00, 0x00, 0x00,
    0x00, 0x00, 0x00, 0x00, 0x03, 0x00, 0x00, 0x00, 0x00, 0x00, 0x00, 0x00, 0x03, 0x00, 0x00, 0x00,
    0x00, 0x00, 0x00, 0x00, 0x00, 0x00, 0x00, 0x00, 0x00, 0x00, 0x00, 0x00, 0x00, 0x00, 0x00, 0x00,
    0x00, 0x00, 0x00, 0x00, 0x00, 0x00, 0x00, 0x00, 0x00, 0x00, 0x00, 0x00, 0x00, 0x00, 0x00, 0x00,
    0x00, 0x00, 0x00, 0x00, 0x00, 0x00, 0x00, 0x00, 0x00, 0x00, 0x00, 0x00, 0x30, 0x00, 0x00, 0x00,
    0x00, 0x00, 0x00, 0x00, 0xc0, 0x03, 0x03, 0x03, 0x00, 0x00, 0x00, 0x00, 0x00, 0x03, 0x00, 0x00,
    0x00, 0xc0, 0x03, 0x00, 0x0c, 0x00, 0xc0, 0x30, 0x00, 0x03, 0x00, 0x00, 0x00, 0x00, 0x00, 0x00,
    0x00, 0x00, 0x00, 0x00, 0x00, 0xc0, 0x00, 0x00, 0x00, 0x00, 0x00, 0x00, 0x00, 0x00, 0x00, 0x00,
    0x00, 0x0c, 0x00, 0x00, 0x00, 0x00, 0x00, 0x00, 0x00, 0x00, 0x00, 0x30, 0x30, 0x00, 0x00, 0x00,
    0x00, 0x00, 0x00, 0x00, 0x00, 0x00, 0x00, 0x00, 0x00, 0x00, 0x00, 0x00, 0x00, 0x00, 0x00, 0x00,
    0x00, 0x00, 0x30, 0x00, 0x00, 0x00, 0x00, 0x00, 0x00, 0x00, 0x00, 0x00, 0x00, 0x00, 0x00, 0x00,
    0x00, 0x00, 0x00, 0x00, 0x00, 0x00, 0x00, 0x00, 0x00, 0x00, 0x00, 0x00, 0x00, 0x00, 0x00, 0x00,
    0x00, 0x00, 0x00, 0x00, 0x00, 0x00, 0x00, 0x00, 0x00, 0x00, 0x00, 0x30, 0x00, 0xc0, 0x00, 0x00,
    0x00, 0x03, 0x00, 0x00, 0x00, 0x30, 0x00, 0x0c, 0x00, 0x00, 0x00, 0x03, 0x00, 0x00, 0x00, 0x00,
    0x00, 0x00, 0x00, 0x00, 0x00, 0x00, 0x0c, 0x00, 0x00, 0x00, 0x0c, 0x00, 0x00, 0x00, 0x00, 0x00,
    0x00, 0x00, 0x00, 0x00, 0x00, 0x00, 0x00, 0x30, 0x00, 0x00, 0x00, 0x00, 0x00, 0x00, 0x00, 0x30,
    0xc0, 0xc0, 0x00, 0x00, 0x00, 0x00, 0x00, 0x00, 0x00, 0x00, 0x00, 0x00, 0x00, 0x00, 0x00, 0x00,
    0x00, 0x00, 0x00, 0x00, 0x00, 0x00, 0x00, 0x00, 0x00, 0x00, 0x00, 0x00, 0x00, 0x0c, 0x00, 0x00,
    0x00, 0x00, 0x00, 0x00, 0x00, 0x00, 0x00, 0x00, 0x00, 0x00, 0x00, 0x00, 0x00, 0x00, 0x00, 0x00,
    0x00, 0x00, 0x00, 0x00, 0x00, 0x00, 0x00, 0x00, 0x00, 0x00, 0x00, 0x00, 0x00, 0x00, 0x00, 0x00,
    0x00, 0x00, 0x00, 0x00, 0x00, 0x00, 0x00, 0x00, 0x00, 0xc0, 0x03, 0x00, 0x00, 0x00, 0x00, 0x00,
    0x00, 0x00, 0x00, 0x00, 0x00, 0x00, 0x00, 0x00, 0x00, 0xc0, 0x00, 0x0c, 0x03, 0x03, 0x00, 0x00,
    0x30, 0x03, 0x00, 0x00, 0x30, 0x00, 0x00, 0x00, 0x00, 0x00, 0x00, 0x00, 0x0c, 0x00, 0x0c, 0x00,
    0x03, 0x00, 0x00, 0x00, 0x00, 0x00, 0x30, 0x00, 0x00, 0x00, 0x03, 0x00, 0x00, 0x00, 0x00, 0x00,
    0x00, 0x00, 0x00, 0x00, 0x00, 0x00, 0x00, 0x00, 0x00, 0x00, 0x00, 0x00, 0x00, 0x00, 0x00, 0x00,
    0x00, 0x00, 0x00, 0x00, 0x00, 0x00, 0x00, 0x00, 0x00, 0x00, 0x00, 0x00, 0x00, 0x00, 0x00, 0x00,
    0x00, 0x00, 0x00, 0x00, 0x00, 0x00, 0x00, 0x00, 0x00, 0x00, 0x00, 0x00, 0x0c, 0x00, 0x00, 0x00,
    0x00, 0x00, 0x00, 0x00, 0x00, 0x00, 0x00, 0x00, 0x00, 0x00, 0x0c, 0x00, 0x00, 0x00, 0x00, 0x00,
    0x00, 0x00, 0x00, 0x00, 0x30, 0x00, 0x00, 0x00, 0x0c, 0x00, 0x00, 0x00, 0x00, 0x00, 0x00, 0x00,
    0x00, 0x00, 0x00, 0xc0, 0x00, 0x00, 0x00, 0x03, 0x00, 0x00, 0x00, 0x03, 0x00, 0x00, 0x00, 0x00,
    0x00, 0x30, 0x00, 0x03, 0x00, 0x03, 0x00, 0x00, 0x00, 0x00, 0x00, 0x00, 0x00, 0x00, 0x00, 0x00,
    0x00, 0x00, 0x30, 0x00, 0x00, 0x03, 0x00, 0x00, 0x00, 0x00, 0x00, 0x00, 0x00, 0x00, 0x00, 0x00,
    0x00, 0x00, 0x00, 0x00, 0x00, 0x00, 0x00, 0x00, 0x00, 0x00, 0x00, 0x00, 0x00, 0x00, 0x00, 0x00,
    0x00, 0x00, 0x00, 0x00, 0x00, 0x00, 0x00, 0x00, 0x00, 0x00, 0x00, 0x00, 0xc0, 0x00, 0x00, 0x00,
    0x00, 0x00, 0x00, 0x00, 0x00, 0x00, 0x00, 0x00, 0x00, 0x00, 0x00, 0x00, 0x00, 0x00, 0x00, 0x00,
    0x00, 0x00, 0xc0, 0x00, 0x00, 0x00, 0x00, 0x0c, 0x00, 0x00, 0x00, 0x00, 0x00, 0x00, 0x03, 0x00,
    0x00, 0x00, 0xc0, 0x30, 0x00, 0x00, 0x30, 0x30, 0x0c, 0x00, 0x0c, 0x00, 0x00, 0x00, 0x00, 0x00,
    0x00, 0x00, 0x00, 0x00, 0x00, 0x00, 0x00, 0x00, 0x00, 0x00, 0x00, 0x30, 0x00, 0x00, 0x00, 0x00,
    0x00, 0x00, 0x00, 0x00, 0x30, 0x0c, 0x00, 0x00, 0x00, 0x03, 0x00, 0x00, 0x00, 0x00, 0x00, 0x00,
    0x00, 0x00, 0x00, 0x00, 0x00, 0x00, 0x00, 0x00, 0x00, 0x00, 0x00, 0x00, 0x00, 0x00, 0x00, 0x00,
    0x00, 0x00, 0x00, 0x00, 0x00, 0x00, 0x00, 0x00, 0x00, 0x00, 0x00, 0x00, 0x00, 0x00, 0x00, 0x00,
    0x00, 0x00, 0x00, 0x00, 0x00, 0x00, 0x00, 0x00, 0x00, 0x00, 0x00, 0x00, 0x00, 0x00, 0x00, 0x00,
    0x00, 0x00, 0x00, 0x00, 0x00, 0x00, 0x00, 0x00, 0x00, 0xc0, 0x00, 0x00, 0x00, 0x00, 0x0c, 0x00,
    0x00, 0x00, 0x00, 0x03, 0x00, 0x00, 0x00, 0x00, 0x00, 0x00, 0x00, 0x00, 0x00, 0x30, 0x00, 0x00,
    0x00, 0x00, 0x00, 0x00, 0x00, 0x00, 0x00, 0x00, 0x00, 0x00, 0x00, 0x00, 0x00, 0x00, 0x00, 0x00,
    0x00, 0x00, 0x03, 0x00, 0x00, 0x00, 0x00, 0x00, 0x00, 0x00, 0x00, 0x00, 0x00, 0x00, 0x00, 0xc3,
    0x03, 0x00, 0x00, 0x00, 0x03, 0x00, 0x00, 0x00, 0x00, 0x00, 0x00, 0x00, 0x00, 0x00, 0x00, 0x00,
    0x00, 0x00, 0x00, 0x00, 0x00, 0x00, 0x00, 0x00, 0x00, 0x00, 0x00, 0x00, 0x00, 0x00, 0x00, 0x00,
    0x00, 0x00, 0x00, 0x00, 0x00, 0x00, 0x00, 0x00, 0x00, 0x00, 0x00, 0x00, 0x00, 0x00, 0x00, 0x00,
    0x00, 0x00, 0x00, 0x00, 0x00, 0x00, 0x00, 0x00, 0x00, 0x00, 0x00, 0x00, 0x00, 0x00, 0x00, 0x00,
    0x00, 0x00, 0x00, 0x00, 0x30, 0x30, 0x00, 0x00, 0x0c, 0x03, 0x03, 0x00, 0x00, 0x0c, 0x00, 0x03,
    0x00, 0x00, 0x00, 0x00, 0x03, 0x00, 0x00, 0x00, 0x00, 0x00, 0x00, 0x00, 0x00, 0x00, 0x00, 0x00,
    0x00, 0x00, 0x00, 0x00, 0x00, 0x00, 0x00, 0x00, 0x30, 0x00, 0x00, 0x00, 0x00, 0x00, 0x00, 0x03,
    0x0c, 0x30, 0x03, 0x00, 0x00, 0x00, 0x00, 0x00, 0x00, 0x00, 0x00, 0x00, 0xc0, 0x00, 0x00, 0x00,
    0x00, 0x00, 0x00, 0x00, 0x00, 0x00, 0x00, 0x00, 0x00, 0x00, 0x00, 0x00, 0x00, 0x00, 0x00, 0x00,
    0x00, 0x00, 0x00, 0x00, 0x00, 0x00, 0x00, 0x00, 0x00, 0x03, 0x00, 0x00, 0x00, 0x00, 0x00, 0x00,
    0x00, 0x00, 0x00, 0x00, 0x00, 0x00, 0x00, 0x00, 0x0c, 0x00, 0x00, 0x00, 0x00, 0x00, 0x00, 0x00,
    0x00, 0x00, 0x00, 0x00, 0x00, 0x00, 0x00, 0x00, 0x00, 0x00, 0x00, 0x03, 0x00, 0x00, 0x00, 0x00,
    0x00, 0x00, 0x00, 0x00, 0x00, 0x00, 0x00, 0x00, 0x00, 0x30, 0x00, 0x00, 0x00, 0x00, 0x00, 0x00,
    0x00, 0x00, 0x00, 0x00, 0x0c, 0x03, 0x00, 0xc0, 0x00, 0x30, 0x00, 0x00, 0x00, 0x00, 0x0c, 0x03,
    0x00, 0x00, 0x00, 0x00, 0x00, 0x00, 0x03, 0x30, 0xc3, 0x0c, 0xf0, 0x0c, 0x00, 0x00, 0x00, 0x00,
    0x00, 0x00, 0x00, 0x00, 0x00, 0x00, 0x00, 0x00, 0x00, 0x00, 0x00, 0x0c, 0x00, 0x00, 0x00, 0x00,
    0x00, 0x00, 0x00, 0x00, 0x00, 0x00, 0x00, 0x00, 0x00, 0x00, 0x00, 0x00, 0x00, 0x00, 0x00, 0x00,
    0x00, 0x00, 0x00, 0x00, 0x00, 0x00, 0x00, 0x00, 0x00, 0x00, 0x00, 0x00, 0x00, 0x00, 0x00, 0x00,
    0xc0, 0x00, 0x00, 0x00, 0x00, 0x00, 0x0c, 0x00, 0x00, 0x00, 0x00, 0x00, 0x00, 0x00, 0x00, 0x00,
    0x00, 0x00, 0x00, 0x00, 0x00, 0x00, 0x00, 0x00, 0x00, 0x00, 0x00, 0x00, 0x00, 0x00, 0x03, 0x00,
    0x00, 0x00, 0x03, 0x00, 0xc0, 0x00, 0x00, 0x00, 0x00, 0x03, 0x00, 0x00, 0x00, 0x00, 0x00, 0x00,
    0x00, 0x00, 0x03, 0x00, 0x00, 0x00, 0x00, 0x00, 0x00, 0x00, 0x00, 0x00, 0x00, 0x0c, 0x30, 0xcc,
    0xfc, 0xcf, 0xcf, 0xc0, 0xc3, 0x00, 0x30, 0x00, 0x00, 0x00, 0x00, 0x30, 0x00, 0x00, 0x00, 0x00,
    0x00, 0x00, 0x0c, 0x00, 0x00, 0x00, 0x00, 0x00, 0x00, 0x00, 0x00, 0x00, 0x00, 0x00, 0x00, 0x00,
    0x00, 0x00, 0x00, 0x00, 0x00, 0x00, 0x00, 0x00, 0x00, 0x00, 0x00, 0x00, 0x00, 0x00, 0x00, 0x00,
    0x00, 0x00, 0x00, 0x00, 0x00, 0x00, 0x00, 0x00, 0x00, 0x00, 0x00, 0x00, 0x00, 0x00, 0x00, 0x00,
    0x00, 0x00, 0x00, 0x03, 0x00, 0x00, 0x00, 0x00, 0x00, 0x03, 0x00, 0xc0, 0x00, 0x00, 0x30, 0x0c,
    0x00, 0x00, 0x00, 0x00, 0x03, 0x00, 0x30, 0x00, 0x00, 0x00, 0x00, 0x00, 0x00, 0x00, 0x00, 0xc0,
    0xc0, 0x30, 0x00, 0x00, 0x00, 0x00, 0x00, 0x00, 0x0c, 0x00, 0x00, 0x00, 0x00, 0x0c, 0x00, 0x00,
    0x00, 0x00, 0xc0, 0x00, 0x00, 0x00, 0x33, 0x33, 0xcf, 0xfc, 0xfc, 0xfc, 0xcc, 0x0c, 0x00, 0x30,
    0xc0, 0xc0, 0xc0, 0x00, 0x00, 0x00, 0x00, 0x00, 0x00, 0x00, 0xc0, 0x00, 0x00, 0x00, 0x00, 0x00,
    0x00, 0x00, 0x00, 0x00, 0x00, 0x00, 0x00, 0x00, 0x00, 0x00, 0x00, 0x00, 0x00, 0x00, 0x00, 0x00,
    0x00, 0x00, 0x00, 0x00, 0x00, 0x00, 0x00, 0x00, 0x00, 0x00, 0x00, 0x00, 0x00, 0x00, 0x00, 0xc0,
    0x00, 0x00, 0x00, 0x00, 0x00, 0x00, 0x00, 0x00, 0x00, 0x00, 0x00, 0x00, 0x00, 0x00, 0x00, 0x00,
    0x00, 0xc0, 0x00, 0x00, 0x00, 0x00, 0x00, 0x00, 0x00, 0xc0, 0x00, 0x0c, 0x00, 0x00, 0x00, 0x00,
    0x0c, 0x00, 0x00, 0x00, 0x00, 0x00, 0x0c, 0x00, 0x00, 0x00, 0x00, 0x30, 0x00, 0x00, 0x00, 0x00,
    0x00, 0x00, 0x00, 0x00, 0xc0, 0x00, 0x00, 0x00, 0x00, 0x00, 0x00, 0x00, 0x03, 0x33, 0x3c, 0xff,
    0xff, 0x7f, 0xdf, 0x73, 0xf7, 0xc3, 0x00, 0x00, 0x00, 0x00, 0x00, 0x00, 0x00, 0x0c, 0x00, 0x00,
    0x00, 0x0c, 0x00, 0x00, 0x00, 0x00, 0x00, 0x00, 0x00, 0x00, 0x00, 0x00, 0x00, 0x00, 0x00, 0x00,
    0x00, 0x00, 0x00, 0x00, 0x00, 0x00, 0x00, 0x00, 0x00, 0x00, 0x00, 0x00, 0x00, 0x00, 0x00, 0x00,
    0x00, 0x00, 0x00, 0x00, 0x00, 0x00, 0x00, 0x00, 0x00, 0x00, 0x00, 0x0c, 0x00, 0x00, 0x00, 0x00,
    0x00, 0x00, 0x00, 0x00, 0x00, 0x00, 0x00, 0x00, 0x00, 0x00, 0x00, 0x00, 0x00, 0x0c, 0x00, 0x00,
    0x00, 0x00, 0xc0, 0xc0, 0x00, 0x00, 0x00, 0x00, 0x00, 0x00, 0xc0, 0x00, 0x00, 0x00, 0xc0, 0x00,
    0x00, 0x00, 0x00, 0x00, 0x00, 0x00, 0x00, 0x00, 0x00, 0x00, 0x00, 0x00, 0x00, 0x00, 0x00, 0x00,
    0x00, 0x00, 0x00, 0x00, 0xc0, 0xcc, 0xf7, 0xdc, 0xdf, 0xff, 0xff, 0xfc, 0xf3, 0x3c, 0xcc, 0x00,
    0x00, 0x00, 0x00, 0x00, 0x03, 0x00, 0x00, 0x0c, 0x00, 0x00, 0x00, 0x00, 0x00, 0x00, 0x00, 0x00,
    0x00, 0x00, 0x00, 0x00, 0x00, 0x00, 0x00, 0x00, 0x00, 0x00, 0x30, 0x00, 0x00, 0x00, 0x00, 0x00,
    0x00, 0x00, 0x00, 0x00, 0x00, 0x00, 0x00, 0x00, 0x00, 0x00, 0x00, 0x00, 0x00, 0x00, 0x00, 0x00,
    0x00, 0x00, 0x00, 0x00, 0x00, 0x00, 0x00, 0x00, 0x00, 0xc0, 0x00, 0x00, 0x00, 0x00, 0x00, 0x00,
    0x00, 0x00, 0x00, 0x00, 0x03, 0x00, 0x00, 0x00, 0x0c, 0x00, 0x00, 0x00, 0x00, 0x00, 0x00, 0x00,
    0x00, 0x00, 0x00, 0x00, 0x00, 0x00, 0x00, 0x00, 0x00, 0x00, 0x00, 0x00, 0x03, 0x00, 0x30, 0x03,
    0x00, 0x00, 0x00, 0x00, 0x00, 0x00, 0x00, 0x00, 0x00, 0x0c, 0x00, 0x0c, 0x03, 0x33, 0xff, 0xff,
    0xff, 0xcf, 0x33, 0xcf, 0xff, 0xcf, 0x30, 0x0c, 0x00, 0x00, 0x03, 0x00, 0x30, 0x00, 0x00, 0x00,
    0x00, 0x00, 0x00, 0x00, 0x00, 0x00, 0x00, 0x00, 0x00, 0x00, 0xc0, 0x00, 0x00, 0x00, 0x00, 0x00,
    0x00, 0x00, 0x00, 0x00, 0x00, 0xc0, 0x00, 0x00, 0x00, 0x00, 0x00, 0x00, 0x00, 0x00, 0x00, 0x00,
    0x00, 0x00, 0x00, 0x00, 0x00, 0x00, 0x00, 0x00, 0x00, 0x00, 0x00, 0x00, 0x00, 0x30, 0x00, 0x00,
    0x00, 0x00, 0x00, 0x00, 0x00, 0x00, 0x00, 0x00, 0x00, 0x00, 0x00, 0x00, 0x30, 0x00, 0x00, 0x00,
    0xc0, 0x00, 0x00, 0x00, 0x00, 0x0c, 0x00, 0x03, 0x00, 0x00, 0x00, 0x30, 0x0c, 0x00, 0x00, 0x00,
    0x00, 0x00, 0x00, 0x00, 0x30, 0x00, 0x00, 0x00, 0x00, 0x00, 0xc0, 0x00, 0x00, 0x00, 0x00, 0x30,
    0x00, 0xc0, 0x00, 0x00, 0x33, 0xcf, 0xcf, 0x3f, 0xf3, 0xff, 0xff, 0xff, 0x33, 0xf7, 0x3f, 0xc0,
    0x0c, 0x0c, 0x00, 0x00, 0x00, 0x00, 0x00, 0x00, 0x00, 0x00, 0x00, 0x00, 0x00, 0x00, 0x00, 0x00,
    0x00, 0x00, 0x00, 0x00, 0x00, 0x00, 0x00, 0x00, 0x00, 0x00, 0x00, 0x00, 0x00, 0x00, 0x00, 0x00,
    0x00, 0x00, 0x00, 0x00, 0x00, 0x00, 0x00, 0x00, 0x00, 0x00, 0x00, 0x0c, 0x00, 0x00, 0x00, 0x00,
    0x00, 0x00, 0x00, 0x00, 0x00, 0x00, 0x00, 0x00, 0x00, 0x00, 0x00, 0x00, 0x00, 0x00, 0x00, 0x00,
    0x00, 0x00, 0x0c, 0x0c, 0x00, 0x00, 0x00, 0xc0, 0x00, 0x00, 0x00, 0x00, 0x0c, 0x00, 0x00, 0x30,
    0x00, 0x0c, 0x00, 0x00, 0x00, 0x00, 0x00, 0x00, 0x00, 0x00, 0x0c, 0x00, 0x00, 0x00, 0x00, 0x00,
    0x00, 0x00, 0x00, 0x30, 0x00, 0x00, 0x03, 0x00, 0x00, 0x00, 0x00, 0xc3, 0x0c, 0xff, 0xff, 0xfc,
    0xff, 0xff, 0xff, 0x3f, 0xdf, 0x3f, 0xc4, 0x33, 0x00, 0x00, 0x00, 0x00, 0x00, 0x00, 0x00, 0x00,
    0x00, 0x00, 0x00, 0x00, 0x00, 0x00, 0x00, 0x00, 0x00, 0x00, 0x00, 0x00, 0x00, 0x00, 0x00, 0x00,
    0x00, 0x00, 0x00, 0x00, 0x00, 0x00, 0x00, 0x00, 0x00, 0x00, 0x00, 0x00, 0x00, 0x00, 0x00, 0x00,
    0x00, 0x00, 0x00, 0x00, 0x00, 0x00, 0x00, 0x00, 0x00, 0x00, 0x00, 0x00, 0x00, 0x00, 0x00, 0x00,
    0x00, 0x00, 0x00, 0x00, 0x00, 0x00, 0x00, 0x00, 0x00, 0xc0, 0xc0, 0x00, 0x00, 0x00, 0x00, 0x00,
    0x00, 0x00, 0x00, 0x00, 0x00, 0x00, 0x03, 0x00, 0x00, 0x00, 0x00, 0x00, 0x00, 0x00, 0x00, 0x00,
    0x0c, 0x0c, 0x00, 0x00, 0x00, 0x00, 0x00, 0x00, 0x00, 0x00, 0x00, 0x00, 0x00, 0xc0, 0xc0, 0x00,
    0x00, 0x00, 0x00, 0x0c, 0xff, 0xf7, 0xff, 0xff, 0xff, 0xf3, 0xff, 0xf3, 0xff, 0xcf, 0x3f, 0xcc,
    0xc0, 0x00, 0x00, 0x0c, 0x00, 0x00, 0x00, 0x00, 0x00, 0x00, 0x00, 0x00, 0x00, 0x00, 0x00, 0x00,
    0x00, 0x00, 0x00, 0x00, 0x00, 0x00, 0x00, 0x00, 0x00, 0x00, 0x00, 0x00, 0x00, 0x00, 0x00, 0x00,
    0x00, 0x00, 0x00, 0x00, 0x00, 0x00, 0x00, 0x00, 0x00, 0x00, 0x00, 0x00, 0x00, 0x00, 0x00, 0x00,
    0x00, 0x00, 0x00, 0x00, 0x00, 0x00, 0x00, 0x00, 0x00, 0x00, 0x00, 0x00, 0x00, 0x00, 0x00, 0x00,
    0x00, 0x00, 0x00, 0x00, 0x00, 0x00, 0x00, 0x00, 0x00, 0x00, 0xc0, 0x03, 0x00, 0x00, 0x00, 0x00,
    0x00, 0x00, 0x00, 0x00, 0x00, 0x0c, 0x00, 0x00, 0xc0, 0x00, 0x00, 0x00, 0x00, 0x00, 0x00, 0x00,
    0x00, 0x30, 0x00, 0x00, 0x00, 0x00, 0x00, 0x00, 0x00, 0x00, 0x03, 0x0c, 0xcd, 0xff, 0xff, 0xf3,
    0xf3, 0xff, 0xf3, 0xfe, 0xcc, 0xfb, 0xf3, 0x3d, 0x30, 0x00, 0x30, 0x00, 0x00, 0x00, 0x00, 0x00,
    0x00, 0x00, 0x00, 0x00, 0x00, 0x00, 0x00, 0x00, 0x00, 0x00, 0x00, 0x00, 0x00, 0x00, 0x00, 0x00,
    0x00, 0x00, 0x00, 0x00, 0x00, 0x00, 0x00, 0x00, 0x00, 0x00, 0x00, 0x00, 0x00, 0x00, 0x00, 0x00,
    0x00, 0x00, 0x00, 0x00, 0x00, 0x00, 0x00, 0x00, 0x00, 0x00, 0x00, 0x00, 0x00, 0x00, 0x00, 0x00,
    0x00, 0x00, 0x00, 0x0c, 0x00, 0x00, 0x00, 0x00, 0x00, 0x00, 0x00, 0x00, 0x00, 0x00, 0x30, 0x00,
    0x00, 0x0c, 0x00, 0xc0, 0x00, 0x00, 0x00, 0x00, 0x00, 0xc0, 0x00, 0x00, 0x00, 0x00, 0x00, 0x30,
    0x00, 0x00, 0x00, 0x00, 0x00, 0x00, 0xc0, 0x30, 0x03, 0x00, 0x00, 0x00, 0x00, 0x00, 0x00, 0x00,
    0x00, 0x00, 0x00, 0x0f, 0x3f, 0xcf, 0xff, 0x3f, 0xff, 0xff, 0x3f, 0xef, 0xff, 0x8f, 0x3f, 0xcf,
    0x0c, 0x0c, 0x00, 0x00, 0x00, 0xc0, 0x00, 0x00, 0x00, 0x00, 0x00, 0x00, 0x00, 0x00, 0x00, 0x00,
    0x00, 0x00, 0x00, 0x00, 0x00, 0x00, 0x00, 0x00, 0x00, 0x00, 0x00, 0x00, 0x00, 0x00, 0x00, 0x00,
    0x00, 0x00, 0x00, 0x00, 0x00, 0x00, 0x00, 0x00, 0x00, 0x00, 0x00, 0x00, 0x00, 0x00, 0x00, 0x00,
    0x00, 0x00, 0x00, 0x00, 0x00, 0x00, 0x00, 0x00, 0x00, 0x00, 0x00, 0x00, 0x00, 0x00, 0x00, 0x00,
    0x00, 0x00, 0x00, 0x00, 0x00, 0x03, 0x00, 0x00, 0x00, 0x00, 0x00, 0x00, 0x00, 0x00, 0xc0, 0x00,
    0x00, 0x00, 0x03, 0x03, 0x00, 0x00, 0x03, 0x00, 0x00, 0x00, 0x00, 0x03, 0x00, 0x00, 0x00, 0x00,
    0x00, 0x00, 0x00, 0x00, 0x00, 0x00, 0x00, 0x00, 0x0c, 0x00, 0x30, 0xcf, 0xff, 0xff, 0x3f, 0xff,
    0xef, 0x3f, 0xff, 0xf3, 0xfc, 0xf3, 0xf2, 0xd3, 0xc0, 0xc0, 0x00, 0x00, 0x0c, 0x00, 0x0c, 0x00,
    0x00, 0x00, 0x00, 0x00, 0x00, 0x00, 0x00, 0x00, 0x00, 0x00, 0x00, 0x00, 0x00, 0x00, 0x00, 0x00,
    0x00, 0x00, 0x00, 0x00, 0x00, 0x00, 0x00, 0x00, 0x00, 0x00, 0x00, 0x00, 0x00, 0x00, 0x00, 0x00,
    0x00, 0x00, 0x00, 0x00, 0x00, 0x00, 0x00, 0x00, 0x00, 0x00, 0x00, 0x00, 0x00, 0x00, 0x00, 0x00,
    0xc0, 0x00, 0x00, 0x00, 0x00, 0x00, 0x00, 0x00, 0x00, 0x00, 0x00, 0x00, 0x00, 0x30, 0x00, 0x0c,
    0x0c, 0x00, 0x00, 0x00, 0x00, 0x0c, 0x00, 0x00, 0x00, 0x00, 0x00, 0x00, 0x03, 0x00, 0x00, 0x00,
    0x00, 0x00, 0x00, 0x00, 0x00, 0x00, 0x00, 0x00, 0x00, 0x00, 0x00, 0x00, 0x30, 0x00, 0x00, 0x00,
    0x00, 0x03, 0x03, 0x3c, 0xfc, 0xff, 0xff, 0xff, 0xf3, 0xff, 0xfe, 0xff, 0x3f, 0xff, 0xdc, 0xfc,
    0xcf, 0x00, 0x00, 0xc0, 0x00, 0x00, 0x00, 0x00, 0x00, 0x00, 0x00, 0x00, 0x00, 0x00, 0x00, 0x00,
    0x00, 0x00, 0x00, 0x00, 0x00, 0x00, 0x00, 0x00, 0x00, 0x03, 0x00, 0x00, 0x00, 0x00, 0x00, 0x00,
    0x00, 0x00, 0x00, 0x00, 0x00, 0x00, 0x00, 0x00, 0x00, 0x0c, 0x00, 0x00, 0x00, 0x00, 0x00, 0x00,
    0x00, 0x00, 0x00, 0xc0, 0x00, 0x00, 0x00, 0x00, 0x00, 0x00, 0x00, 0x00, 0x00, 0x00, 0x00, 0x00,
    0x00, 0xc0, 0x00, 0x30, 0x30, 0x00, 0x00, 0x00, 0x00, 0x00, 0x00, 0x00, 0x00, 0x00, 0x00, 0x00,
    0x00, 0x00, 0x00, 0x00, 0x00, 0x00, 0x00, 0x00, 0x00, 0x00, 0x00, 0x00, 0x00, 0x30, 0x00, 0x00,
    0x00, 0x00, 0x00, 0xc0, 0x00, 0x00, 0x00, 0x00, 0x00, 0x00, 0x33, 0xcf, 0xff, 0xff, 0xf3, 0xff,
    0xff, 0xf3, 0xef, 0xff, 0xfc, 0xcf, 0xff, 0x33, 0x3c, 0xcc, 0x00, 0x00, 0x00, 0x00, 0x00, 0x00,
    0x00, 0x00, 0x00, 0x00, 0x00, 0x00, 0x00, 0x00, 0x00, 0x00, 0x00, 0x00, 0x00, 0x00, 0x00, 0x00,
    0x00, 0x00, 0x00, 0x00, 0x00, 0x00, 0x00, 0x00, 0x00, 0x00, 0x00, 0x00, 0x00, 0x00, 0x00, 0x00,
    0x00, 0x00, 0x00, 0x00, 0x00, 0x00, 0x00, 0x00, 0x00, 0x00, 0x00, 0x00, 0x00, 0x00, 0x00, 0x30,
    0x00, 0x00, 0x00, 0x00, 0x00, 0x00, 0x00, 0x00, 0x00, 0x00, 0x30, 0x00, 0x00, 0x00, 0x00, 0x00,
    0x00, 0x00, 0x00, 0x00, 0x03, 0x00, 0x00, 0x00, 0xc0, 0x00, 0xc0, 0x00, 0x00, 0x00, 0x00, 0x00,
    0x00, 0x00, 0x0c, 0x00, 0x00, 0x00, 0x00, 0x00, 0x00, 0x00, 0x00, 0x00, 0x00, 0x00, 0x00, 0x03,
    0x00, 0x0c, 0xcf, 0xff, 0xdf, 0xf3, 0xff, 0xfe, 0xff, 0xff, 0xff, 0x3c, 0xff, 0xfc, 0xcf, 0x3c,
    0xcc, 0x00, 0x30, 0x00, 0xc0, 0x00, 0x00, 0x00, 0x00, 0x00, 0x00, 0x00, 0x00, 0x00, 0x00, 0x00,
    0x00, 0x00, 0x00, 0x00, 0x00, 0x00, 0x00, 0x00, 0x00, 0x00, 0x00, 0x00, 0x00, 0x00, 0x00, 0x00,
    0x00, 0x00, 0x00, 0x00, 0x00, 0x00, 0x00, 0x00, 0x00, 0x00, 0x00, 0x00, 0x00, 0x00, 0x00, 0x00,
    0x00, 0x00, 0x00, 0x00, 0x00, 0x00, 0x00, 0x00, 0x00, 0x00, 0x00, 0x00, 0x00, 0x00, 0x00, 0x00,
    0x00, 0x00, 0x00, 0x00, 0x00, 0x00, 0x00, 0x00, 0x00, 0x00, 0x00, 0x00, 0x30, 0x00, 0x00, 0x0c,
    0x00, 0x0c, 0x00, 0x00, 0x00, 0x00, 0xc0, 0x00, 0x00, 0x00, 0xc0, 0x00, 0x00, 0x00, 0x00, 0x00,
    0x30, 0x00, 0x00, 0x00, 0x00, 0x0c, 0x0c, 0x00, 0x00, 0xc3, 0x3c, 0xff, 0xff, 0xff, 0xff, 0xcf,
    0xff, 0xff, 0xff, 0xff, 0xf3, 0x7f, 0xf3, 0xcf, 0x73, 0x73, 0x00, 0x00, 0x00, 0x00, 0x00, 0x00,
    0x00, 0x00, 0x00, 0x00, 0x00, 0x00, 0x00, 0x00, 0x00, 0x00, 0x00, 0x00, 0x00, 0x00, 0x00, 0x00,
    0x00, 0x00, 0x00, 0x00, 0x00, 0x00, 0x00, 0x00, 0x00, 0x00, 0x00, 0x00, 0x00, 0x00, 0x00, 0x00,
    0x00, 0x00, 0x00, 0x00, 0x00, 0x00, 0x0c, 0x00, 0xc0, 0x00, 0x00, 0x00, 0x00, 0xc0, 0x00, 0x00,
    0x00, 0x00, 0x00, 0x00, 0x00, 0x00, 0x00, 0x00, 0x00, 0x00, 0x00, 0x00, 0x00, 0x00, 0x00, 0x00,
    0x00, 0x03, 0x03, 0x03, 0x00, 0x00, 0x00, 0x00, 0x00, 0x00, 0x00, 0x00, 0x00, 0x00, 0x00, 0x00,
    0x00, 0x30, 0x00, 0x00, 0x30, 0x00, 0x00, 0xc0, 0x00, 0x00, 0x00, 0x00, 0x00, 0x00, 0x00, 0x00,
    0x00, 0x03, 0xcf, 0xf7, 0xfc, 0xff, 0xfc, 0xff, 0xfc, 0xfe, 0xf3, 0xff, 0xff, 0xcc, 0xff, 0x3b,
    0x33, 0x30, 0x00, 0x00, 0x00, 0x30, 0x00, 0x00, 0x00, 0x00, 0x00, 0x00, 0x00, 0x00, 0x00, 0x00,
    0x00, 0x0c, 0x00, 0x00, 0x00, 0x00, 0x00, 0x00, 0x00, 0x00, 0x00, 0x00, 0x00, 0x00, 0x00, 0x00,
    0x00, 0x00, 0x00, 0x00, 0x00, 0x00, 0x00, 0x00, 0x00, 0x00, 0x00, 0x00, 0x00, 0x00, 0x00, 0x00,
    0x00, 0x03, 0x00, 0x00, 0x00, 0x00, 0x00, 0x00, 0x00, 0x00, 0x00, 0x00, 0x00, 0x00, 0x00, 0x00,
    0x00, 0x00, 0x00, 0x00, 0x00, 0x00, 0x03, 0x03, 0x00, 0xc0, 0x00, 0x00, 0x00, 0x00, 0x00, 0xc0,
    0x00, 0x00, 0x00, 0x0c, 0x00, 0x30, 0x00, 0x00, 0x03, 0x00, 0x00, 0x03, 0x00, 0x00, 0x00, 0x00,
    0x00, 0x00, 0xc0, 0x00, 0x00, 0x00, 0x00, 0x00, 0x00, 0x3c, 0xff, 0xff, 0xcf, 0xfd, 0xff, 0xff,
    0xff, 0xff, 0xff, 0xcf, 0x3f, 0xff, 0xec, 0xf3, 0xf3, 0x3d, 0xc0, 0x30, 0x00, 0x00, 0x00, 0x00,
    0x00, 0x00, 0x00, 0x00, 0x00, 0x00, 0x00, 0x00, 0x00, 0x00, 0x00, 0x00, 0x00, 0x00, 0x00, 0x00,
    0x00, 0x00, 0x00, 0x00, 0x00, 0x00, 0x00, 0x00, 0x00, 0x00, 0x00, 0x00, 0x00, 0x00, 0x00, 0x00,
    0x00, 0x00, 0x00, 0x00, 0x00, 0x00, 0x00, 0x00, 0x00, 0x00, 0x00, 0x00, 0x00, 0x00, 0x00, 0x00,
    0x00, 0x00, 0x00, 0x00, 0x00, 0x00, 0x00, 0x00, 0x00, 0x30, 0x00, 0x03, 0x00, 0xc0, 0xc0, 0x00,
    0x00, 0x00, 0x00, 0x00, 0x00, 0x00, 0x0c, 0x00, 0x00, 0x00, 0x00, 0x00, 0x0c, 0x00, 0x00, 0x0c,
    0x00, 0x00, 0x00, 0x00, 0x00, 0x00, 0x30, 0x00, 0x00, 0x00, 0x00, 0x00, 0xc0, 0x00, 0x00, 0x00,
    0x0c, 0xcf, 0x3f, 0x7f, 0xff, 0xff, 0xff, 0xff, 0xcf, 0xff, 0x3f, 0xff, 0xff, 0x3b, 0xff, 0xcf,
    0x38, 0xcc, 0xc0, 0x00, 0x03, 0x00, 0x00, 0x00, 0x00, 0x00, 0x00, 0x00, 0x00, 0x00, 0x00, 0x00,
    0x00, 0x00, 0x00, 0x00, 0x00, 0x00, 0x00, 0x00, 0x00, 0x00, 0x00, 0x00, 0x00, 0x00, 0x00, 0x00,
    0x00, 0x00, 0x30, 0x00, 0x00, 0x00, 0x00, 0x00, 0x00, 0x00, 0x00, 0x00, 0x00, 0x00, 0x00, 0x00,
    0x00, 0x00, 0x00, 0x00, 0x00, 0x00, 0x00, 0x00, 0x00, 0x00, 0x00, 0x00, 0x00, 0x00, 0x00, 0x00,
    0x00, 0x00, 0x30, 0x30, 0x00, 0x00, 0x00, 0x00, 0x00, 0x00, 0x00, 0x00, 0x00, 0x00, 0x00, 0x00,
    0x00, 0x00, 0x00, 0x00, 0x00, 0x00, 0x00, 0x00, 0x00, 0x00, 0x00, 0x00, 0x00, 0x00, 0x00, 0x00,
    0x00, 0x00, 0x00, 0x0c, 0x00, 0x00, 0x00, 0x00, 0x00, 0xcf, 0xff, 0xff, 0xff, 0xfc, 0xff, 0xbc,
    0xff, 0xf3, 0xff, 0xff, 0xff, 0xf3, 0xcf, 0x33, 0xcf, 0xdf, 0x30, 0x00, 0x00, 0x00, 0x00, 0x00,
    0x00, 0x00, 0x00, 0x00, 0x00, 0x00, 0x00, 0x00, 0x00, 0x00, 0x00, 0x00, 0x00, 0x00, 0x00, 0x00,
    0x00, 0x00, 0x00, 0x00, 0x00, 0x00, 0x00, 0x00, 0x00, 0x00, 0x00, 0x00, 0x00, 0x00, 0x00, 0x00,
    0x00, 0x00, 0x00, 0x00, 0x00, 0x00, 0x00, 0x00, 0x00, 0x00, 0x00, 0x00, 0x00, 0x00, 0x00, 0x00,
    0x00, 0x00, 0x00, 0x00, 0x00, 0x00, 0x00, 0x00, 0x00, 0x00, 0x00, 0x00, 0x00, 0x00, 0x00, 0x00,
    0x00, 0x00, 0x00, 0x00, 0x00, 0x03, 0x00, 0x00, 0x00, 0xc0, 0x03, 0x00, 0x00, 0x00, 0x00, 0x00,
    0x00, 0x00, 0x00, 0x00, 0x00, 0x00, 0x00, 0x00, 0x00, 0x00, 0x00, 0x00, 0x00, 0x30, 0x00, 0x30,
    0x33, 0x3f, 0x7f, 0xfc, 0xff, 0xcf, 0xfb, 0xff, 0xff, 0xff, 0xff, 0xff, 0x7f, 0xff, 0xff, 0xfc,
    0xf0, 0xcc, 0xcc, 0x00, 0xc0, 0x00, 0x00, 0xc0, 0x00, 0x00, 0x00, 0x00, 0x00, 0x00, 0x00, 0x00,
    0x00, 0x00, 0x00, 0x00, 0x00, 0x00, 0x00, 0x00, 0x00, 0x00, 0x00, 0x00, 0x00, 0x00, 0x00, 0x00,
    0x00, 0x00, 0x00, 0x00, 0x00, 0x00, 0x00, 0x00, 0x00, 0x00, 0x00, 0x00, 0x00, 0x00, 0x00, 0x00,
    0x00, 0x00, 0x00, 0x00, 0x00, 0x00, 0x00, 0x00, 0x00, 0x00, 0x00, 0x00, 0x00, 0x00, 0x00, 0x00,
    0x00, 0x00, 0x00, 0x00, 0x00, 0x00, 0x00, 0x00, 0x00, 0x00, 0x00, 0x00, 0x00, 0x00, 0x00, 0x00,
    0x00, 0x00, 0x00, 0x00, 0x00, 0x00, 0x03, 0x00, 0x00, 0x00, 0x00, 0x00, 0x00, 0x0c, 0x00, 0x00,
    0x00, 0xc0, 0x00, 0x00, 0x00, 0x00, 0x03, 0x00, 0x0c, 0xf7, 0xfc, 0xff, 0xfc, 0xff, 0xff, 0xff,
    0xff, 0xff, 0xff, 0xcf, 0xfc, 0xf3, 0xff, 0xce, 0xcf, 0x3e, 0xc4, 0xc0, 0x00, 0x00, 0x00, 0x00,
    0x03, 0x00, 0x00, 0x00, 0x00, 0x00, 0x00, 0x00, 0x00, 0x00, 0x00, 0x00, 0x00, 0x00, 0x00, 0x00,
    0x00, 0x00, 0x00, 0x00, 0x00, 0xc0, 0x00, 0x00, 0x00, 0x00, 0x00, 0x00, 0x00, 0x00, 0x00, 0x00,
    0x0c, 0x00, 0x00, 0x00, 0x00, 0x00, 0x00, 0x00, 0x00, 0x00, 0x00, 0x00, 0x00, 0x00, 0x00, 0x00,
    0x00, 0x00, 0x00, 0x03, 0x00, 0x00, 0x00, 0x00, 0x00, 0xc0, 0x00, 0x00, 0x00, 0x00, 0x00, 0x00,
    0x30, 0x00, 0x30, 0x30, 0x0c, 0x00, 0x00, 0x00, 0x00, 0x00, 0x00, 0x00, 0x00, 0x00, 0x00, 0x00,
    0x00, 0x00, 0x00, 0x00, 0x00, 0x00, 0x00, 0x00, 0x30, 0x00, 0x00, 0x00, 0x00, 0x00, 0x00, 0x00,
    0x33, 0xff, 0xff, 0xff, 0xcf, 0xff, 0xff, 0x3f, 0xdf, 0xcf, 0xfd, 0xff, 0xff, 0xff, 0xcf, 0xf3,
    0x33, 0x23, 0x3c, 0x00, 0x00, 0x00, 0x00, 0x00, 0x00, 0x00, 0x00, 0x00, 0x00, 0x00, 0x00, 0x00,
    0x00, 0x00, 0x00, 0x00, 0x00, 0x00, 0x00, 0x00, 0x00, 0x00, 0x00, 0x00, 0x00, 0x00, 0x00, 0x00,
    0x00, 0x00, 0x00, 0x00, 0x00, 0x00, 0x00, 0x00, 0x00, 0x00, 0x00, 0x00, 0x00, 0xc0, 0x00, 0x00,
    0x00, 0x00, 0x00, 0x00, 0x00, 0x00, 0x00, 0xc0, 0x00, 0x00, 0x00, 0x00, 0x00, 0x00, 0x00, 0x00,
    0x00, 0x00, 0x00, 0x00, 0x03, 0x00, 0x00, 0x30, 0x00, 0x0c, 0x00, 0x00, 0x00, 0x00, 0x00, 0x00,
    0x00, 0x00, 0xc0, 0x00, 0x00, 0x00, 0x00, 0x00, 0x00, 0x00, 0x00, 0xc0, 0x00, 0x00, 0x00, 0x00,
    0x00, 0x00, 0x0c, 0x00, 0x00, 0x00, 0x00, 0x00, 0x3f, 0x7f, 0xcf, 0xff, 0xff, 0xff, 0xbf, 0xfc,
    0xff, 0xff, 0xdf, 0xff, 0x3f, 0xcf, 0xfd, 0xfd, 0xfd, 0xfc, 0xcc, 0xc0, 0x00, 0x30, 0x00, 0x00,
    0x00, 0x00, 0x00, 0x00, 0x00, 0x00, 0x00, 0x00, 0x00, 0x00, 0x00, 0x00, 0x00, 0x00, 0x00, 0x00,
    0x00, 0x0c, 0x00, 0x00, 0x00, 0x00, 0x00, 0x00, 0x00, 0x00, 0x00, 0x00, 0x00, 0x00, 0x00, 0x00,
    0x00, 0x00, 0x00, 0x00, 0x00, 0x00, 0x00, 0x00, 0x00, 0x00, 0x00, 0x00, 0x00, 0x00, 0x00, 0x00,
    0x00, 0x00, 0x00, 0x00, 0x00, 0x00, 0x00, 0x00, 0x00, 0x00, 0x30, 0x00, 0x30, 0x00, 0xc0, 0x00,
    0x00, 0x00, 0x00, 0x00, 0x00, 0x00, 0x00, 0x00, 0xc0, 0x00, 0x00, 0x00, 0xc0, 0x30, 0x00, 0x00,
    0x30, 0x0c, 0x00, 0x00, 0x30, 0x00, 0x00, 0x0c, 0x00, 0x00, 0x00, 0x00, 0x00, 0x00, 0x00, 0x00,
    0xcf, 0xfc, 0xff, 0xcf, 0xff, 0xff, 0xf3, 0xff, 0xff, 0xff, 0xff, 0xff, 0xff, 0xfd, 0xff, 0xcc,
    0xcf, 0x33, 0xcd, 0x00, 0x0c, 0x00, 0x00, 0x00, 0x00, 0x00, 0x00, 0x00, 0x00, 0x00, 0x00, 0x00,
    0x00, 0x00, 0x00, 0x00, 0x00, 0x00, 0x00, 0x00, 0x00, 0x00, 0x00, 0x00, 0x00, 0x00, 0x00, 0x00,
    0x00, 0x00, 0x00, 0x00, 0x00, 0x00, 0x00, 0x00, 0x00, 0x00, 0x00, 0x00, 0x00, 0x00, 0x00, 0x00,
    0x00, 0x00, 0x00, 0x00, 0x00, 0x00, 0x00, 0x00, 0x00, 0x00, 0x00, 0x00, 0x00, 0x00, 0x00, 0x00,
    0x00, 0x00, 0x00, 0x0c, 0x00, 0x00, 0x00, 0x00, 0x00, 0x00, 0x00, 0x00, 0x00, 0x00, 0x00, 0x30,
    0x00, 0x00, 0x00, 0x00, 0x00, 0x00, 0x00, 0x00, 0x00, 0x00, 0x00, 0x00, 0x00, 0x00, 0x00, 0x00,
    0x00, 0x00, 0x00, 0x00, 0x03, 0x00, 0xc0, 0x00, 0xf3, 0xcf, 0xff, 0xff, 0xef, 0xef, 0x3f, 0xff,
    0xff, 0xfb, 0xff, 0xff, 0xff, 0xef, 0xff, 0xff, 0x3c, 0xfc, 0xdc, 0xf0, 0xc0, 0x00, 0x00, 0x00,
    0x00, 0x00, 0x00, 0x00, 0x00, 0x00, 0x00, 0x00, 0x00, 0x00, 0x00, 0x00, 0x00, 0x00, 0x00, 0x00,
    0x00, 0x00, 0x00, 0x00, 0x00, 0x00, 0x00, 0x00, 0x00, 0x00, 0x00, 0x00, 0x00, 0x00, 0x00, 0x00,
    0x00, 0x00, 0x00, 0x00, 0x00, 0x00, 0x00, 0x00, 0x00, 0x00, 0x00, 0x00, 0x00, 0xc0, 0x00, 0x00,
    0x00, 0x00, 0x00, 0x00, 0x00, 0x00, 0x00, 0x00, 0x00, 0x00, 0x00, 0x00, 0x00, 0x00, 0x00, 0x00,
    0x00, 0x00, 0x00, 0x00, 0x00, 0x0c, 0x0c, 0x00, 0x00, 0x30, 0x00, 0x0c, 0x00, 0x00, 0x0c, 0x00,
    0x00, 0x00, 0x00, 0x00, 0x00, 0x00, 0x00, 0x00, 0x00, 0x00, 0x00, 0x00, 0xc0, 0x00, 0x00, 0x03,
    0x3f, 0xff, 0xff, 0xff, 0xff, 0xff, 0xff, 0xf7, 0xfc, 0xff, 0xf3, 0xff, 0xf3, 0xf3, 0xcf, 0x33,
    0xef, 0xcf, 0x8c, 0xc0, 0x00, 0x00, 0x00, 0x00, 0x00, 0x00, 0x00, 0x00, 0x00, 0x00, 0x00, 0x00,
    0x00, 0x00, 0x00, 0x00, 0x00, 0x00, 0x00, 0x00, 0x00, 0x00, 0x00, 0x00, 0x00, 0x00, 0x00, 0x00,
    0x00, 0x00, 0x00, 0x00, 0x00, 0x00, 0x00, 0x00, 0x00, 0x00, 0x00, 0x00, 0x00, 0x00, 0x00, 0x00,
    0x00, 0x00, 0x00, 0x00, 0x0c, 0x00, 0x00, 0x00, 0x00, 0x00, 0x00, 0x00, 0x00, 0x00, 0x00, 0x00,
    0x00, 0x30, 0x00, 0x00, 0x00, 0x00, 0x00, 0x00, 0x03, 0x00, 0x00, 0x03, 0x00, 0xc0, 0x00, 0x00,
    0x00, 0x00, 0x00, 0x00, 0x00, 0x00, 0x00, 0x00, 0x00, 0x00, 0x00, 0x00, 0x00, 0x00, 0xc0, 0x00,
    0x00, 0x00, 0x00, 0x00, 0x00, 0x00, 0x00, 0x30, 0xff, 0x3f, 0xfb, 0xfb, 0xcf, 0xcf, 0xff, 0x7f,
    0xcf, 0xff, 0x3f, 0xff, 0x3f, 0xff, 0xff, 0xfe, 0x3c, 0xf7, 0x33, 0x20, 0x00, 0x00, 0x03, 0x00,
    0x00, 0x00, 0x00, 0x00, 0x00, 0x00, 0x00, 0x00, 0x00, 0x00, 0x00, 0x00, 0x00, 0x00, 0x00, 0x00,
    0x00, 0x00, 0x00, 0x00, 0x00, 0x00, 0x00, 0x00, 0x00, 0x00, 0x00, 0x00, 0x00, 0x00, 0x00, 0x00,
    0x00, 0x00, 0x00, 0x00, 0x00, 0x00, 0x00, 0x00, 0x00, 0xc0, 0x00, 0x00, 0x00, 0x00, 0x00, 0x00,
    0x00, 0x00, 0x00, 0x00, 0x00, 0x00, 0x00, 0x00, 0x00, 0x00, 0x00, 0xc0, 0x00, 0x00, 0x03, 0x00,
    0xc0, 0x00, 0x0c, 0x00, 0x00, 0x00, 0x00, 0x00, 0x00, 0x00, 0x00, 0xc0, 0x00, 0x00, 0x00, 0x03,
    0x00, 0x00, 0x03, 0x00, 0x00, 0x0c, 0x00, 0x00, 0x00, 0x00, 0xc0, 0x00, 0x00, 0x00, 0x00, 0x00,
    0xf7, 0xff, 0xff, 0xff, 0xff, 0xff, 0xdf, 0xff, 0xff, 0xf3, 0xff, 0xf3, 0xff, 0xff, 0xff, 0xb3,
    0xcf, 0xb3, 0xf2, 0xcc, 0x00, 0x00, 0x00, 0x00, 0x00, 0x00, 0x00, 0x00, 0x00, 0x00, 0x00, 0x00,
    0x00, 0x00, 0x00, 0x00, 0x00, 0x00, 0x00, 0x00, 0x00, 0x00, 0x00, 0x00, 0x00, 0x00, 0x00, 0x00,
    0x00, 0x00, 0x00, 0x00, 0x00, 0x00, 0x00, 0x00, 0x00, 0x00, 0x00, 0x00, 0x00, 0x00, 0x00, 0x00,
    0x30, 0x00, 0x00, 0x00, 0x00, 0x00, 0x00, 0x00, 0x00, 0x00, 0x00, 0x00, 0x00, 0x00, 0x00, 0x00,
    0x00, 0x00, 0x0c, 0x00, 0x00, 0x0c, 0x00, 0x00, 0x00, 0x00, 0xc0, 0x00, 0x00, 0x00, 0x00, 0x00,
    0x00, 0x00, 0x00, 0x00, 0x00, 0x00, 0x00, 0x00, 0x00, 0x00, 0x30, 0x00, 0x00, 0x00, 0x00, 0x00,
    0x00, 0x00, 0x00, 0x30, 0x00, 0x00, 0x00, 0x03, 0xff, 0xff, 0x7c, 0xff, 0xff, 0xfd, 0xff, 0xf3,
    0xff, 0xff, 0xff, 0xff, 0xff, 0xf3, 0x3f, 0xfc, 0xf3, 0x3c, 0xcc, 0x30, 0x00, 0x0c, 0x00, 0x00,
    0x00, 0x00, 0x00, 0x00, 0x00, 0x00, 0x00, 0x00, 0x00, 0x00, 0x00, 0x00, 0x00, 0x00, 0x00, 0x00,
    0x00, 0x00, 0x00, 0x00, 0x00, 0x00, 0x00, 0x00, 0x00, 0x00, 0x00, 0x00, 0x00, 0x00, 0x00, 0x00,
    0x00, 0x00, 0x00, 0x00, 0x00, 0x00, 0x00, 0x00, 0x00, 0x00, 0x00, 0x00, 0x00, 0x00, 0x00, 0x00,
    0x00, 0x00, 0x00, 0x00, 0x00, 0x00, 0x00, 0x00, 0x00, 0x00, 0x00, 0x00, 0x00, 0xc0, 0x00, 0x00,
    0x00, 0x00, 0x00, 0x00, 0x00, 0x00, 0x00, 0x00, 0x00, 0x00, 0x00, 0x00, 0x00, 0x30, 0x00, 0x00,
    0x00, 0x30, 0x00, 0x00, 0x0c, 0x00, 0x00, 0x30, 0x00, 0xc0, 0x00, 0x00, 0x00, 0x00, 0x00, 0x0c,
    0xf3, 0xff, 0xff, 0xff, 0x3f, 0x7f, 0xfc, 0xff, 0xfb, 0xff, 0xff, 0xff, 0xff, 0x3f, 0xfb, 0x3f,
    0x7f, 0xfe, 0xce, 0xc0, 0x00, 0xc0, 0x00, 0x00, 0x00, 0x00, 0x00, 0x00, 0x00, 0x00, 0x00, 0x00,
    0x00, 0x00, 0x00, 0x00, 0x00, 0x00, 0x00, 0x00, 0x00, 0x00, 0x00, 0x00, 0x30, 0x00, 0x00, 0x00,
    0x00, 0x00, 0x00, 0x00, 0x00, 0x00, 0x00, 0x00, 0x00, 0x00, 0x00, 0x00, 0x00, 0x00, 0x00, 0x00,
    0x00, 0x00, 0x00, 0x0c, 0x00, 0x00, 0x00, 0x00, 0x00, 0x00, 0x00, 0x0c, 0x00, 0x00, 0x00, 0x00,
    0x00, 0x03, 0x00, 0x00, 0x0c, 0x00, 0x00, 0x00, 0x00, 0x00, 0x00, 0x00, 0x00, 0x00, 0x00, 0x00,
    0x0c, 0x00, 0xc0, 0x00, 0x03, 0x00, 0x0c, 0x00, 0x00, 0x00, 0x00, 0x00, 0x00, 0x00, 0x00, 0x00,
    0x0c, 0x00, 0x00, 0x00, 0x00, 0x03, 0x03, 0x03, 0xff, 0xf3, 0xff, 0xf3, 0xff, 0xfc, 0xff, 0xff,
    0xbf, 0x3e, 0xfe, 0xff, 0xff, 0xff, 0xbf, 0xfc, 0xf2, 0x33, 0x34, 0xcc, 0x0c, 0x00, 0x00, 0x00,
    0x00, 0x00, 0x00, 0x00, 0x00, 0x00, 0x00, 0x00, 0x00, 0x00, 0x00, 0x00, 0x00, 0x00, 0x00, 0x00,
    0x00, 0x00, 0x00, 0x00, 0x00, 0x00, 0x00, 0x00, 0x00, 0x00, 0x00, 0x00, 0x00, 0x00, 0x00, 0x00,
    0x00, 0x00, 0x00, 0x00, 0x00, 0x00, 0x00, 0x00, 0x00, 0x00, 0x00, 0x00, 0x00, 0x00, 0x00, 0x00,
    0x00, 0x00, 0x00, 0x00, 0x00, 0x00, 0x00, 0x00, 0x00, 0xc0, 0x00, 0x00, 0x00, 0x00, 0x00, 0x00,
    0x00, 0x00, 0x00, 0x00, 0xc0, 0x00, 0x00, 0x03, 0x00, 0x00, 0x00, 0x00, 0x00, 0x00, 0x00, 0x00,
    0x00, 0x00, 0x00, 0x00, 0x00, 0x00, 0x00, 0x00, 0x00, 0x00, 0x00, 0x00, 0x00, 0x30, 0x00, 0x0c,
    0xff, 0x7f, 0xf3, 0xff, 0xff, 0x3f, 0xcf, 0xbf, 0xcf, 0xff, 0xff, 0xcf, 0xef, 0xff, 0xcf, 0xcf,
    0xcf, 0xfd, 0xf3, 0x31, 0x00, 0x00, 0x00, 0x00, 0x00, 0x00, 0x00, 0x00, 0x00, 0x00, 0x00, 0x00,
    0x00, 0x00, 0x00, 0x00, 0x00, 0x00, 0x00, 0x00, 0x00, 0x00, 0x00, 0x00, 0x00, 0x00, 0x00, 0x00,
    0x00, 0x00, 0x00, 0x00, 0x00, 0x00, 0x00, 0x00, 0xc0, 0x00, 0x00, 0x00, 0x00, 0x00, 0x00, 0x00,
    0x00, 0x00, 0x00, 0x00, 0x00, 0x00, 0x00, 0x00, 0x00, 0x00, 0x00, 0x00, 0x00, 0x00, 0x00, 0x00,
    0x00, 0x00, 0x00, 0x00, 0x00, 0x00, 0x00, 0xc0, 0xc0, 0x30, 0x00, 0x0c, 0x00, 0x30, 0x0c, 0x00,
    0x00, 0x00, 0x00, 0x00, 0x00, 0x00, 0x00, 0x00, 0x0c, 0x00, 0x00, 0x00, 0x00, 0x00, 0x00, 0x00,
    0x00, 0x00, 0x00, 0x00, 0x03, 0x00, 0x00, 0x0f, 0xcf, 0xff, 0xff, 0xff, 0xfb, 0xfb, 0xfb, 0xf3,
    0xff, 0xef, 0x3f, 0xff, 0xfc, 0xfb, 0xfc, 0xfe, 0xf3, 0x73, 0x3b, 0x23, 0x00, 0x00, 0x00, 0x00,
    0x00, 0x00, 0x00, 0x00, 0x00, 0x00, 0x00, 0x00, 0x00, 0x00, 0x00, 0x00, 0x00, 0x00, 0x00, 0x00,
    0x00, 0x00, 0x00, 0x00, 0x00, 0x00, 0x00, 0x00, 0x00, 0x00, 0x00, 0x00, 0x00, 0x00, 0x00, 0x00,
    0x00, 0x00, 0x00, 0x00, 0x00, 0x00, 0x00, 0x00, 0x00, 0x00, 0x00, 0x00, 0x00, 0x00, 0x00, 0x00,
    0x00, 0x00, 0x00, 0x00, 0x00, 0x00, 0x00, 0x00, 0x00, 0x00, 0x00, 0x03, 0x00, 0x00, 0x00, 0x00,
    0x00, 0x00, 0x00, 0x00, 0x00, 0x00, 0x00, 0x00, 0x00, 0x00, 0x00, 0x0c, 0x00, 0x00, 0x00, 0x03,
    0x00, 0x00, 0x00, 0x00, 0xc0, 0x00, 0x00, 0x00, 0x00, 0x00, 0x00, 0x00, 0x00, 0x00, 0x00, 0x03,
    0xff, 0xff, 0xbf, 0xff, 0xff, 0x3c, 0xec, 0xff, 0xec, 0xff, 0xfc, 0xff, 0x3f, 0xfc, 0xff, 0xdc,
    0xce, 0xce, 0xcc, 0xdc, 0x00, 0x00, 0x00, 0x00, 0x00, 0x00, 0x00, 0x00, 0x00, 0x00, 0x00, 0x00,
    0x00, 0x00, 0x00, 0x00, 0x00, 0x00, 0x00, 0x00, 0x00, 0x00, 0x00, 0x00, 0x00, 0x00, 0x00, 0x00,
    0x00, 0x00, 0x00, 0x00, 0x00, 0x00, 0x00, 0x00, 0x00, 0x00, 0x00, 0x00, 0x03, 0x00, 0x00, 0x00,
    0x00, 0x00, 0x00, 0x00, 0x00, 0x00, 0x00, 0x0c, 0x00, 0x00, 0x00, 0x00, 0x00, 0x00, 0x00, 0x00,
    0x00, 0x00, 0x00, 0x30, 0x00, 0x00, 0x0c, 0x00, 0x00, 0x00, 0x0c, 0x00, 0x00, 0x00, 0x00, 0x00,
    0x00, 0x00, 0x00, 0xc0, 0x00, 0x00, 0x00, 0x00, 0x00, 0x00, 0x00, 0x00, 0x00, 0x00, 0x00, 0x00,
    0x00, 0x00, 0x00, 0xc0, 0x30, 0x00, 0x00, 0x0c, 0xdc, 0xf3, 0xff, 0x7d, 0xf3, 0xdf, 0x7f, 0xfb,
    0x3f, 0x73, 0xff, 0xff, 0xff, 0xcf, 0xcd, 0xf3, 0xec, 0xf3, 0x33, 0x30, 0x00, 0x00, 0x00, 0x00,
    0x00, 0x00, 0x00, 0x00, 0x00, 0x00, 0x00, 0x00, 0x00, 0x00, 0x00, 0x00, 0x00, 0x00, 0x00, 0x00,
    0x00, 0x00, 0x00, 0x00, 0x00, 0x00, 0x00, 0x00, 0x00, 0x00, 0x00, 0x00, 0x00, 0x00, 0x00, 0x00,
    0x00, 0x00, 0x00, 0x00, 0x00, 0x00, 0x00, 0x03, 0x00, 0x00, 0x00, 0x00, 0x00, 0x00, 0x00, 0x00,
    0x00, 0x00, 0x00, 0x00, 0x00, 0x00, 0x00, 0x00, 0x00, 0x00, 0x03, 0x00, 0x00, 0x00, 0x00, 0x00,
    0x00, 0x00, 0x00, 0x00, 0x00, 0x00, 0x00, 0x00, 0x00, 0x0c, 0x0c, 0x00, 0x00, 0x00, 0x00, 0x00,
    0x00, 0x00, 0x00, 0x30, 0x00, 0x00, 0xc0, 0x30, 0x00, 0x00, 0x0c, 0x00, 0x00, 0x00, 0x00, 0x03,
    0xff, 0xff, 0xff, 0xff, 0xff, 0xf3, 0xcc, 0xf3, 0xf3, 0xef, 0x7e, 0xf7, 0xec, 0xfd, 0xfc, 0xef,
    0x33, 0x2c, 0xdc, 0xc8, 0xc0, 0x00, 0x00, 0x00, 0x00, 0x00, 0x00, 0x00, 0x00, 0x00, 0x00, 0x00,
    0x00, 0x00, 0x30, 0x00, 0x00, 0x00, 0x00, 0x00, 0x00, 0x0c, 0x00, 0x00, 0x00, 0x00, 0x00, 0x00,
    0x00, 0x00, 0x00, 0x00, 0x00, 0x00, 0x00, 0x00, 0x00, 0x00, 0x00, 0x00, 0x00, 0x00, 0x00, 0x00,
    0x00, 0x00, 0x00, 0x00, 0x00, 0x00, 0x00, 0x00, 0x00, 0x00, 0x0c, 0x00, 0x00, 0x00, 0x00, 0x00,
    0x00, 0x03, 0x00, 0x00, 0x00, 0x0c, 0x00, 0x00, 0x00, 0x00, 0x00, 0x00, 0x00, 0x00, 0x00, 0x00,
    0x00, 0xc0, 0x00, 0x00, 0x00, 0x0c, 0x0c, 0x00, 0x00, 0x00, 0xc0, 0x00, 0x00, 0x00, 0x00, 0x00,
    0x00, 0x00, 0x00, 0x00, 0x00, 0x00, 0x00, 0x0f, 0x3f, 0xff, 0xcf, 0xf3, 0xfe, 0xce, 0xcf, 0xbd,
    0xde, 0x33, 0xec, 0xfe, 0xff, 0xef, 0x3b, 0x33, 0x63, 0x73, 0x23, 0x71, 0x00, 0x30, 0x00, 0x00,
    0x00, 0x00, 0x00, 0x00, 0x00, 0x00, 0x00, 0x00, 0x00, 0x00, 0x00, 0x00, 0x00, 0x00, 0x00, 0x00,
    0x00, 0x00, 0x00, 0x30, 0x00, 0x00, 0x00, 0x00, 0x00, 0x00, 0x00, 0x00, 0x00, 0x00, 0x00, 0x00,
    0x00, 0x00, 0x00, 0x00, 0x00, 0x00, 0x00, 0x00, 0x00, 0x00, 0x00, 0x00, 0x00, 0x00, 0x00, 0x00,
    0x00, 0x00, 0xc0, 0x00, 0x00, 0x00, 0x00, 0x00, 0x00, 0xc0, 0x00, 0x00, 0x00, 0x00, 0x00, 0x00,
    0x03, 0x03, 0x00, 0x00, 0x00, 0xc0, 0x30, 0x0c, 0x00, 0x00, 0x00, 0x00, 0x03, 0x00, 0x00, 0x00,
    0x00, 0x00, 0x00, 0x00, 0x00, 0x00, 0x00, 0x00, 0x03, 0x00, 0x00, 0x00, 0x00, 0x00, 0x00, 0xc3,
    0xfc, 0xfb, 0xff, 0xff, 0xcf, 0xf8, 0xf8, 0xcc, 0xe3, 0xf7, 0x3f, 0x73, 0x33, 0xcc, 0xd3, 0x36,
    0x32, 0x32, 0x72, 0x33, 0x00, 0x00, 0x00, 0x00, 0x00, 0x00, 0x00, 0x00, 0x00, 0x00, 0x00, 0x00,
    0x00, 0x00, 0x00, 0x00, 0x00, 0x00, 0x00, 0x00, 0x00, 0x00, 0x00, 0x00, 0x00, 0x00, 0x00, 0x00,
    0x00, 0x00, 0x00, 0x00, 0x00, 0x00, 0x00, 0x00, 0x00, 0x00, 0x00, 0x00, 0x00, 0x00, 0x00, 0x00,
    0x00, 0x00, 0x00, 0x00, 0x00, 0x00, 0x00, 0x00, 0x00, 0x00, 0x00, 0x00, 0x00, 0x00, 0x00, 0x00,
    0x00, 0x00, 0x00, 0x00, 0x00, 0xc0, 0x00, 0x00, 0xc0, 0x00, 0x00, 0x00, 0x30, 0x00, 0x00, 0x00,
    0x00, 0x00, 0x00, 0x00, 0x00, 0x00, 0x00, 0x00, 0x00, 0x00, 0x00, 0x00, 0x00, 0x0c, 0x00, 0x00,
    0x00, 0x00, 0x00, 0x00, 0x00, 0x00, 0x0c, 0x03, 0x7f, 0xff, 0xfd, 0xff, 0xfd, 0xcf, 0x1c, 0xdb,
    0x38, 0xc8, 0xc8, 0xfb, 0xfd, 0xed, 0xc8, 0x8c, 0x23, 0x13, 0x23, 0x20, 0x00, 0x00, 0x00, 0xc0,
    0x00, 0x00, 0x00, 0x00, 0x00, 0xc0, 0x00, 0x00, 0x00, 0x00, 0x00, 0x00, 0x00, 0x00, 0x00, 0x00,
    0x00, 0x00, 0x00, 0x00, 0x00, 0x00, 0x00, 0x00, 0x00, 0x00, 0x00, 0x00, 0x00, 0x00, 0x00, 0x00,
    0x00, 0x00, 0x00, 0x00, 0x00, 0x00, 0x00, 0x00, 0x00, 0x00, 0x00, 0x00, 0x00, 0x00, 0x03, 0x00,
    0x00, 0x00, 0x00, 0x00, 0x00, 0x00, 0x00, 0x00, 0x00, 0x00, 0x00, 0x00, 0x00, 0x00, 0x00, 0x0c,
    0x00, 0x00, 0x00, 0x30, 0x00, 0x00, 0x00, 0x00, 0x00, 0x00, 0x00, 0x00, 0x00, 0x00, 0x00, 0x03,
    0x00, 0xc0, 0x00, 0x00, 0x00, 0x00, 0x00, 0x00, 0x00, 0x00, 0xc0, 0x00, 0x00, 0x00, 0x00, 0x03,
    0xf3, 0xf3, 0xdf, 0xf3, 0xef, 0x34, 0xcc, 0x8c, 0x8c, 0x8d, 0xb3, 0x33, 0x23, 0x32, 0x23, 0x12,
    0x04, 0x88, 0x31, 0xce, 0x00, 0x00, 0x00, 0x00, 0x00, 0x00, 0xc0, 0x00, 0x00, 0x00, 0x00, 0x00,
    0x00, 0x00, 0x00, 0x00, 0x00, 0x00, 0x00, 0x00, 0x00, 0x00, 0x00, 0x00, 0x00, 0x00, 0x00, 0x00,
    0x00, 0x00, 0x30, 0x00, 0x00, 0x00, 0x00, 0x00, 0x00, 0x00, 0x00, 0x00, 0x00, 0x00, 0x00, 0x00,
    0x00, 0x00, 0x00, 0x00, 0x00, 0x00, 0x30, 0x00, 0x00, 0x00, 0x00, 0x00, 0x00, 0x00, 0x00, 0x00,
    0x00, 0x00, 0x00, 0x00, 0x30, 0x00, 0x00, 0xc0, 0x00, 0x00, 0x00, 0x00, 0x00, 0x00, 0x00, 0x00,
    0x0c, 0x00, 0x00, 0x00, 0x00, 0x00, 0x00, 0x00, 0x00, 0x00, 0x00, 0x00, 0x00, 0x00, 0x00, 0x00,
    0x00, 0x00, 0x00, 0x00, 0x00, 0x03, 0x00, 0x03, 0x3f, 0xff, 0xff, 0x3f, 0xf3, 0xec, 0x88, 0xc8,
    0xc7, 0x32, 0x0d, 0x88, 0xdc, 0x84, 0xc4, 0x8c, 0x70, 0x31, 0x08, 0x33, 0x03, 0x00, 0x00, 0x00,
    0x00, 0x30, 0x00, 0x00, 0x00, 0x00, 0x00, 0x00, 0x00, 0x00, 0x00, 0x00, 0x00, 0x00, 0x00, 0x00,
    0x00, 0x00, 0x00, 0x00, 0x00, 0x00, 0x00, 0x00, 0x00, 0x00, 0x00, 0x00, 0x00, 0x00, 0x00, 0x00,
    0x00, 0x00, 0x00, 0x00, 0x00, 0x00, 0x00, 0x00, 0x00, 0x00, 0x00, 0x00, 0x00, 0x03, 0x00, 0x00,
    0x00, 0x00, 0x00, 0x00, 0x00, 0x00, 0x00, 0x00, 0x00, 0x00, 0x00, 0xc0, 0x00, 0x00, 0x00, 0x00,
    0x00, 0x00, 0x00, 0x00, 0x00, 0x00, 0x00, 0x00, 0x00, 0x00, 0x00, 0x00, 0x00, 0x00, 0x00, 0x00,
    0x00, 0x00, 0x00, 0x00, 0x0c, 0x00, 0x00, 0x00, 0xc0, 0x00, 0x00, 0x00, 0xc0, 0xc0, 0x00, 0x03,
    0xfe, 0xdf, 0x3f, 0xfb, 0x3e, 0x33, 0x33, 0x33, 0x22, 0x1c, 0xd2, 0x32, 0x22, 0x32, 0x08, 0x00,
    0x02, 0x00, 0x81, 0x23, 0x00, 0x00, 0x00, 0x00, 0x00, 0x00, 0x00, 0x00, 0x00, 0x00, 0x00, 0x00,
    0x00, 0x00, 0x00, 0x00, 0x00, 0x00, 0x00, 0x00, 0x00, 0x00, 0x00, 0x00, 0x00, 0x00, 0x00, 0x00,
    0x00, 0x00, 0x00, 0x00, 0x00, 0x00, 0x00, 0x00, 0x00, 0x00, 0x00, 0x00, 0x00, 0x00, 0x00, 0x00,
    0x00, 0x00, 0x00, 0x00, 0x30, 0x00, 0x00, 0x00, 0x00, 0x00, 0x00, 0x00, 0x00, 0x00, 0x00, 0x00,
    0x00, 0x00, 0xc0, 0x00, 0x00, 0x00, 0x0c, 0x00, 0x00, 0x00, 0x0c, 0x00, 0x00, 0x00, 0x03, 0x00,
    0x00, 0x00, 0x00, 0x0c, 0x00, 0x00, 0x00, 0x00, 0x00, 0x00, 0x0c, 0x0c, 0x00, 0x00, 0x00, 0x30,
    0x00, 0x00, 0x00, 0x00, 0x00, 0x00, 0x00, 0x03, 0x3f, 0xff, 0xfe, 0xf3, 0xf3, 0x32, 0x18, 0x48,
    0x73, 0x22, 0x23, 0x27, 0x13, 0x12, 0x31, 0xc8, 0x80, 0x48, 0x00, 0xcc, 0x40, 0x00, 0x30, 0x00,
    0x00, 0x00, 0x00, 0x00, 0x00, 0x00, 0x00, 0x00, 0x00, 0x00, 0x00, 0x00, 0x00, 0x00, 0x00, 0x00,
    0x00, 0x00, 0x00, 0x00, 0x00, 0x00, 0x00, 0x00, 0x00, 0x00, 0x00, 0x00, 0x00, 0x00, 0x00, 0x00,
    0x00, 0x00, 0x00, 0x00, 0x00, 0x00, 0x00, 0x00, 0x00, 0x00, 0x00, 0x30, 0x00, 0x00, 0x00, 0x00,
    0x00, 0x00, 0x00, 0x00, 0x00, 0x00, 0x00, 0x00, 0x00, 0xc0, 0x00, 0x00, 0x00, 0x00, 0x00, 0x00,
    0x00, 0x03, 0x00, 0x00, 0x00, 0x03, 0x00, 0x00, 0xc0, 0x00, 0xc0, 0xc0, 0x03, 0x00, 0x30, 0x30,
    0x00, 0x00, 0x00, 0x00, 0x00, 0x00, 0x00, 0x00, 0x00, 0x00, 0x00, 0x00, 0x00, 0x00, 0x00, 0x03,
    0xf3, 0x3c, 0xfc, 0xff, 0xfd, 0xc8, 0xcc, 0xc7, 0x08, 0xcc, 0xcc, 0x81, 0xc8, 0x8c, 0x40, 0x20,
    0x21, 0x00, 0x48, 0x27, 0x00, 0x00, 0x00, 0x00, 0x00, 0x00, 0x00, 0x00, 0x00, 0x00, 0x00, 0x00,
    0x00, 0x00, 0x00, 0x00, 0x00, 0x00, 0x00, 0x00, 0x00, 0x00, 0x00, 0x00, 0x00, 0x00, 0x00, 0x00,
    0x00, 0x00, 0x00, 0x00, 0x00, 0x00, 0x00, 0x03, 0x00, 0x00, 0x00, 0x00, 0x30, 0x00, 0x00, 0x03,
    0x00, 0x00, 0x03, 0x00, 0x00, 0x00, 0x00, 0x00, 0x00, 0x00, 0x00, 0x00, 0x00, 0x00, 0x00, 0x00,
    0x00, 0x00, 0x00, 0x00, 0x00, 0x03, 0x00, 0x00, 0x00, 0x30, 0x00, 0x00, 0x03, 0x00, 0x00, 0x00,
    0x00, 0x00, 0x00, 0x00, 0x00, 0x00, 0x00, 0x00, 0x00, 0x03, 0x00, 0x00, 0x00, 0x00, 0x0c, 0x00,
    0x00, 0x00, 0x00, 0x30, 0x00, 0x00, 0x00, 0x00, 0xff, 0xff, 0xef, 0xcf, 0x73, 0x2c, 0x48, 0x20,
    0xcc, 0x48, 0x48, 0x72, 0x31, 0x31, 0x22, 0x07, 0x03, 0x08, 0x00, 0x70, 0xc0, 0x0c, 0x00, 0x00,
    0x00, 0x00, 0x00, 0x00, 0x00, 0x00, 0x00, 0x00, 0x00, 0x00, 0x00, 0x00, 0x00, 0x00, 0x00, 0x00,
    0x00, 0x00, 0x00, 0x00, 0x00, 0x00, 0x00, 0x00, 0x00, 0x00, 0x00, 0x00, 0x00, 0x00, 0x00, 0x00,
    0x00, 0x00, 0x00, 0x00, 0x00, 0x00, 0x00, 0x00, 0x00, 0x00, 0x30, 0x00, 0x00, 0x00, 0x00, 0x00,
    0x00, 0x00, 0x00, 0x00, 0x00, 0x00, 0x00, 0x30, 0x00, 0x00, 0x00, 0x00, 0xc0, 0x30, 0x00, 0x00,
    0x00, 0x00, 0x00, 0x00, 0xc0, 0x00, 0x00, 0x00, 0x00, 0x00, 0x00, 0x00, 0x00, 0x00, 0x00, 0x00,
    0x03, 0x00, 0x00, 0x00, 0x00, 0x00, 0xc0, 0x00, 0x00, 0x0c, 0x03, 0x00, 0x00, 0x00, 0x00, 0x03,
    0x37, 0xcf, 0xcf, 0xfb, 0xce, 0x33, 0x33, 0x32, 0x21, 0xcc, 0xc8, 0xc8, 0xc8, 0xc8, 0x8c, 0x40,
    0x44, 0x00, 0x04, 0x0c, 0x00, 0x00, 0x00, 0x00, 0x00, 0x00, 0x00, 0x00, 0x00, 0x00, 0x00, 0x00,
    0x00, 0x03, 0x00, 0x00, 0x00, 0x00, 0x00, 0x00, 0x00, 0x00, 0x00, 0x00, 0x00, 0x00, 0x00, 0x00,
    0x00, 0x00, 0x00, 0x00, 0x00, 0x00, 0x00, 0x00, 0x00, 0x00, 0x00, 0x00, 0x00, 0x00, 0x00, 0x00,
    0x00, 0x03, 0x00, 0x00, 0x00, 0x00, 0x00, 0x00, 0x00, 0x00, 0x00, 0x00, 0x00, 0x00, 0x00, 0x00,
    0x00, 0x00, 0x00, 0x30, 0x00, 0x00, 0x00, 0x00, 0x0c, 0x00, 0x00, 0x00, 0x00, 0x00, 0x00, 0x00,
    0x00, 0x0c, 0x00, 0x00, 0x00, 0x00, 0x00, 0x00, 0x00, 0x00, 0x00, 0x00, 0x00, 0x00, 0x00, 0x00,
    0x00, 0x00, 0x00, 0x00, 0x00, 0x00, 0x00, 0xc0, 0xfc, 0xfe, 0xfd, 0xcc, 0xf3, 0x12, 0x08, 0x4c,
    0xc4, 0x88, 0x8c, 0x4c, 0x4c, 0x48, 0x10, 0x8c, 0x20, 0x84, 0xc0, 0xcb, 0x00, 0xc0, 0x00, 0x00,
    0x00, 0x00, 0x00, 0x00, 0x00, 0x00, 0x00, 0x00, 0x00, 0x00, 0x00, 0x00, 0x00, 0x00, 0x00, 0x00,
    0x00, 0x0c, 0x00, 0x00, 0x00, 0x00, 0x00, 0x00, 0x00, 0x00, 0x00, 0x00, 0x00, 0x00, 0x00, 0x00,
    0x00, 0x00, 0x00, 0x00, 0x00, 0x00, 0x00, 0x00, 0x00, 0x00, 0x00, 0x00, 0x00, 0x00, 0x00, 0x00,
    0x00, 0x00, 0x00, 0x00, 0x00, 0x00, 0x00, 0x00, 0x00, 0x00, 0x30, 0x00, 0x00, 0x00, 0x00, 0x00,
    0x00, 0x00, 0x00, 0x00, 0x00, 0x00, 0x00, 0x00, 0x00, 0x00, 0x00, 0x00, 0x00, 0x00, 0x00, 0x00,
    0x00, 0x00, 0x00, 0x00, 0x00, 0x00, 0x00, 0x00, 0x00, 0x00, 0x00, 0x00, 0x00, 0x00, 0x30, 0x03,
    0x3f, 0xfc, 0xff, 0xff, 0xb7, 0x33, 0x31, 0xc2, 0x23, 0x33, 0x13, 0x22, 0x22, 0x23, 0x23, 0x02,
    0x02, 0x00, 0x00, 0x20, 0x40, 0x00, 0x00, 0x00, 0x00, 0x00, 0x00, 0x00, 0x00, 0x00, 0x00, 0x00,
    0x00, 0x00, 0x00, 0x00, 0x00, 0x00, 0x00, 0x00, 0x00, 0x00, 0x00, 0x00, 0x00, 0x00, 0x00, 0x00,
    0x00, 0x00, 0x00, 0x00, 0x00, 0x00, 0x00, 0x00, 0x00, 0x00, 0x00, 0x00, 0x00, 0x00, 0x00, 0x00,
    0x00, 0x00, 0x00, 0x00, 0x00, 0x00, 0x00, 0x00, 0x00, 0x00, 0x00, 0x00, 0x00, 0x00, 0x00, 0x00,
    0x00, 0x30, 0x00, 0x00, 0x00, 0x00, 0x00, 0x0c, 0x00, 0x00, 0x00, 0x0c, 0x00, 0x00, 0x00, 0xc0,
    0xc0, 0x00, 0x00, 0x00, 0x00, 0x0c, 0x00, 0x00, 0x00, 0x00, 0x00, 0x00, 0x00, 0xc0, 0x00, 0x00,
    0x00, 0x00, 0x00, 0x00, 0x00, 0xc0, 0x00, 0x00, 0xf3, 0xcf, 0xcc, 0xcd, 0xcc, 0x8c, 0x4c, 0x23,
    0x32, 0x21, 0xc8, 0x8c, 0xc7, 0x11, 0x04, 0x21, 0x20, 0x12, 0x08, 0x1c, 0x00, 0x00, 0x00, 0x00,
    0x00, 0x00, 0x00, 0x00, 0x00, 0x00, 0x00, 0x00, 0x00, 0x00, 0x00, 0x00, 0x00, 0x00, 0x00, 0x00,
    0x00, 0x00, 0x00, 0x00, 0x00, 0x00, 0x00, 0x00, 0x00, 0x00, 0x00, 0x00, 0x00, 0x00, 0x00, 0x00,
    0x00, 0x00, 0x00, 0x00, 0x00, 0x00, 0x00, 0x00, 0x00, 0x00, 0x00, 0x00, 0x00, 0x00, 0x00, 0x00,
    0x00, 0x00, 0x00, 0x00, 0x00, 0x00, 0x00, 0x00, 0x00, 0x00, 0x00, 0x00, 0x00, 0x00, 0x00, 0x00,
    0x00, 0x00, 0x00, 0xc0, 0x00, 0x00, 0x30, 0x00, 0x00, 0x00, 0x00, 0x00, 0x0c, 0x00, 0x03, 0x00,
    0xc0, 0x00, 0x00, 0x00, 0xc0, 0x00, 0x00, 0x00, 0x03, 0x00, 0x00, 0x00, 0x00, 0x00, 0x00, 0x00,
    0xdf, 0xfd, 0xff, 0xbf, 0x3b, 0x32, 0x32, 0x31, 0x0c, 0xcc, 0x8c, 0xd2, 0x20, 0x8c, 0x8c, 0x82,
    0x04, 0xc0, 0x00, 0x0c, 0xc0, 0x00, 0x00, 0x00, 0x00, 0x00, 0x00, 0x00, 0x00, 0x00, 0x00, 0x00,
    0x00, 0x00, 0x00, 0x00, 0x00, 0x00, 0x00, 0x00, 0x00, 0x00, 0x00, 0x00, 0x00, 0x00, 0x00, 0x00,
    0x00, 0x00, 0x00, 0x00, 0x00, 0x00, 0x00, 0x00, 0x00, 0x00, 0x00, 0x00, 0x00, 0x00, 0x00, 0x00,
    0x00, 0x00, 0x00, 0x00, 0x00, 0x00, 0x00, 0x00, 0x00, 0x00, 0x00, 0x00, 0x00, 0x00, 0x00, 0x00,
    0x00, 0x00, 0x00, 0x00, 0x00, 0x00, 0x03, 0x00, 0x00, 0x00, 0x00, 0x00, 0x00, 0x03, 0x00, 0x00,
    0x00, 0x00, 0x00, 0x30, 0x00, 0x00, 0x00, 0x00, 0x00, 0x00, 0x00, 0x30, 0x00, 0x00, 0x00, 0x00,
    0x00, 0x00, 0x00, 0x00, 0x00, 0x00, 0x00, 0x00, 0xcf, 0x3f, 0xcd, 0xcc, 0xf3, 0x23, 0x23, 0x08,
    0xc8, 0x48, 0xc8, 0x8c, 0x73, 0x22, 0x04, 0x10, 0xc0, 0x08, 0x10, 0x88, 0x00, 0x00, 0x00, 0x00,
    0x00, 0x00, 0x00, 0x00, 0x00, 0x00, 0x00, 0x00, 0x00, 0x00, 0x00, 0x00, 0x00, 0x00, 0x00, 0x00,
    0x00, 0x00, 0x00, 0x00, 0x00, 0x00, 0x00, 0x00, 0x00, 0x00, 0x00, 0x00, 0x00, 0x00, 0x00, 0x00,
    0x00, 0x00, 0x00, 0x00, 0x00, 0x00, 0x00, 0x00, 0x00, 0x00, 0x00, 0x00, 0x00, 0x00, 0x00, 0x00,
    0x00, 0x00, 0x00, 0x00, 0x00, 0x00, 0x00, 0x00, 0x00, 0x00, 0x00, 0x00, 0x0c, 0x0c, 0x00, 0x00,
    0x00, 0x0c, 0x00, 0x00, 0x00, 0x30, 0x00, 0x00, 0x00, 0x30, 0x0c, 0x00, 0x00, 0x00, 0x00, 0x00,
    0x00, 0x03, 0x00, 0x00, 0x00, 0x00, 0x00, 0x00, 0xc0, 0x00, 0x00, 0x00, 0x30, 0x00, 0x00, 0x00,
    0xf3, 0xec, 0xff, 0x3f, 0x72, 0x31, 0x30, 0x8c, 0x8c, 0xcc, 0x8d, 0x32, 0x21, 0x8c, 0x72, 0x31,
    0x08, 0x80, 0x08, 0x30, 0x00, 0xc0, 0x00, 0x00, 0x00, 0x00, 0x00, 0x00, 0x00, 0x00, 0x00, 0x00,
    0x00, 0x00, 0x00, 0x00, 0x00, 0x00, 0x00, 0x00, 0x00, 0x00, 0x00, 0x00, 0x00, 0x00, 0x00, 0x00,
    0x00, 0x00, 0x00, 0x00, 0x00, 0x00, 0x00, 0xc0, 0x00, 0x00, 0x00, 0x00, 0x00, 0x00, 0x00, 0x0c,
    0x00, 0x00, 0x00, 0x00, 0x00, 0x00, 0x00, 0x00, 0x00, 0x00, 0x00, 0x00, 0x00, 0x00, 0x00, 0x00,
    0x00, 0x00, 0x03, 0x03, 0x00, 0x00, 0x00, 0x00, 0x03, 0x00, 0x00, 0x00, 0x00, 0x00, 0x00, 0x00,
    0x00, 0x00, 0x00, 0x00, 0x00, 0x00, 0x00, 0x00, 0x00, 0x30, 0x00, 0x00, 0x00, 0x00, 0x00, 0x0c,
    0x00, 0x00, 0x30, 0x03, 0x00, 0x00, 0x00, 0x00, 0x3f, 0x3f, 0x33, 0xec, 0xcc, 0xc8, 0xc8, 0xc6,
    0x32, 0x23, 0x13, 0x23, 0x1c, 0x31, 0x00, 0x80, 0x81, 0x04, 0x80, 0x0c, 0x0c, 0x00, 0x00, 0x00,
    0x00, 0x00, 0x00, 0x00, 0x00, 0x00, 0x00, 0x00, 0x00, 0x00, 0x00, 0x00, 0x00, 0x00, 0x00, 0x00,
    0x00, 0x00, 0x00, 0x00, 0x00, 0x00, 0x00, 0x00, 0x00, 0x00, 0x00, 0x00, 0x00, 0x00, 0x00, 0x00,
    0x00, 0x00, 0x00, 0x00, 0x00, 0x00, 0x00, 0x00, 0x00, 0x00, 0x00, 0x00, 0x00, 0x00, 0x00, 0x00,
    0x00, 0x00, 0x00, 0x00, 0x00, 0x00, 0x00, 0x00, 0x00, 0xc0, 0xc0, 0x00, 0x00, 0x00, 0x00, 0x00,
    0x00, 0x00, 0x00, 0x00, 0x00, 0x00, 0x00, 0x00, 0x00, 0x00, 0x00, 0x00, 0x00, 0x00, 0x00, 0x00,
    0x00, 0x00, 0x00, 0x00, 0x00, 0x00, 0x0c, 0x00, 0x00, 0x00, 0x00, 0x00, 0x00, 0x00, 0xc0, 0x30,
    0xcf, 0xf3, 0xee, 0x3e, 0xe3, 0x4c, 0x13, 0x23, 0x13, 0x34, 0xb2, 0x34, 0x88, 0xc4, 0x88, 0x18,
    0x10, 0x80, 0x00, 0x44, 0xc0, 0x00, 0x00, 0x00, 0x00, 0x00, 0x00, 0x00, 0x00, 0x00, 0x00, 0x00,
    0x00, 0x00, 0x00, 0x00, 0x00, 0x00, 0x00, 0x00, 0x00, 0x00, 0x00, 0x00, 0x00, 0x00, 0x00, 0x00,
    0x00, 0x00, 0x00, 0x00, 0x00, 0x00, 0x00, 0x00, 0x00, 0x00, 0x00, 0x00, 0x00, 0x00, 0x00, 0x00,
    0x00, 0x00, 0x00, 0x00, 0x00, 0x00, 0x00, 0x00, 0x00, 0x00, 0x00, 0x30, 0x00, 0x00, 0x00, 0x00,
    0x00, 0x00, 0x00, 0x00, 0x00, 0x00, 0x00, 0x00, 0xc0, 0x00, 0x03, 0x00, 0x0c, 0x00, 0x00, 0x00,
    0x30, 0x00, 0x00, 0x00, 0x00, 0x00, 0x30, 0x00, 0x00, 0x00, 0x00, 0x00, 0x00, 0x00, 0xc0, 0x00,
    0x00, 0x00, 0x00, 0x00, 0x00, 0x00, 0x00, 0x00, 0x3d, 0xcf, 0x73, 0xcc, 0xcc, 0x86, 0x31, 0x30,
    0xc8, 0x8c, 0xc8, 0xc8, 0xcc, 0x63, 0x23, 0x02, 0x30, 0x13, 0x10, 0x30, 0x00, 0x00, 0x00, 0x00,
    0x00, 0x00, 0x00, 0x00, 0x00, 0x00, 0x00, 0x00, 0x00, 0x00, 0x00, 0x00, 0x00, 0x00, 0x00, 0x00,
    0x00, 0x00, 0x00, 0x00, 0x00, 0x00, 0x00, 0x00, 0x00, 0x00, 0x00, 0x00, 0x00, 0x00, 0x00, 0x00,
    0x00, 0x00, 0x00, 0x00, 0x00, 0x00, 0x00, 0x00, 0x00, 0x00, 0x00, 0x00, 0x00, 0x00, 0x00, 0x00,
    0x00, 0x00, 0x00, 0x00, 0x00, 0x00, 0x00, 0x00, 0x00, 0x00, 0x00, 0x00, 0x00, 0x00, 0x0c, 0x00,
    0x00, 0x00, 0x00, 0x00, 0x00, 0x00, 0x00, 0x03, 0x00, 0x00, 0x00, 0x00, 0x03, 0x00, 0x00, 0x0c,
    0x00, 0x00, 0x00, 0x00, 0x00, 0x00, 0x00, 0x00, 0x00, 0x00, 0x00, 0x00, 0x00, 0x00, 0x00, 0x00,
    0x3c, 0xfe, 0xcf, 0x3d, 0xc8, 0xcc, 0x88, 0xc8, 0x8d, 0xc8, 0x8c, 0x63, 0x12, 0x08, 0x30, 0x60,
    0x08, 0xc0, 0x08, 0x2c, 0x00, 0x00, 0x00, 0x00, 0x00, 0x00, 0x00, 0x00, 0x00, 0x00, 0x00, 0x00,
    0x00, 0x00, 0x00, 0x00, 0x00, 0x00, 0x00, 0x00, 0x00, 0x00, 0x00, 0x00, 0x00, 0x00, 0x00, 0x00,
    0x00, 0x00, 0x00, 0x00, 0x00, 0x00, 0x00, 0x00, 0x00, 0x00, 0x00, 0x03, 0x00, 0x00, 0x00, 0x00,
    0x00, 0x00, 0x00, 0x00, 0x00, 0x00, 0x00, 0x00, 0x00, 0x00, 0x00, 0x00, 0x00, 0x00, 0x00, 0xc0,
    0x00, 0x00, 0x00, 0x00, 0x00, 0x00, 0xc0, 0x00, 0x00, 0x00, 0x00, 0x00, 0x00, 0x00, 0x00, 0x00,
    0x00, 0x00, 0x00, 0x00, 0x30, 0x00, 0x00, 0x00, 0x03, 0x00, 0x00, 0xc0, 0x00, 0xc0, 0x00, 0x00,
    0x00, 0x00, 0x00, 0x00, 0x00, 0x00, 0x00, 0x00, 0x3f, 0x33, 0xf3, 0xdc, 0x8c, 0x42, 0x30, 0x8c,
    0xcc, 0x8d, 0xc7, 0x31, 0x23, 0x32, 0x04, 0x0c, 0x84, 0x22, 0x00, 0x00, 0x00, 0x00, 0x00, 0xc0,
    0x00, 0x00, 0x00, 0x00, 0x00, 0x00, 0x00, 0x00, 0x00, 0x00, 0x00, 0x00, 0x00, 0x00, 0x00, 0x00,
    0x00, 0x00, 0x00, 0x00, 0x00, 0x00, 0x00, 0x00, 0x00, 0x00, 0x00, 0x00, 0x00, 0x00, 0x00, 0x00,
    0x00, 0x00, 0x00, 0x00, 0x00, 0x00, 0x00, 0x00, 0x00, 0x00, 0x00, 0x00, 0x00, 0x00, 0x00, 0x00,
    0x00, 0x00, 0x00, 0x00, 0x00, 0x00, 0x00, 0x00, 0x00, 0x00, 0x00, 0x00, 0x00, 0x30, 0x00, 0x00,
    0x00, 0x00, 0x30, 0x00, 0xc0, 0x00, 0x03, 0x00, 0x00, 0x03, 0x00, 0x0c, 0x00, 0x00, 0x00, 0x00,
    0x00, 0x00, 0x00, 0x00, 0x0c, 0x00, 0x00, 0x00, 0x00, 0x03, 0x00, 0x30, 0x00, 0x0c, 0x00, 0x00,
    0x33, 0xec, 0xcd, 0xcc, 0xc7, 0x23, 0x0c, 0x48, 0xdb, 0x3c, 0xe3, 0x23, 0x31, 0x21, 0xc8, 0x81,
    0x33, 0x33, 0x70, 0x70, 0x00, 0x00, 0x0c, 0x00, 0x00, 0xc0, 0x00, 0x00, 0x00, 0x00, 0x00, 0x00,
    0x00, 0x00, 0x00, 0x00, 0x00, 0x00, 0x00, 0x00, 0x00, 0x30, 0x00, 0x00, 0x00, 0x00, 0x00, 0x00,
    0x00, 0x00, 0x00, 0x00, 0x00, 0x00, 0x00, 0x00, 0x00, 0x00, 0x00, 0x00, 0x00, 0x00, 0x00, 0x00,
    0x00, 0x00, 0x00, 0x00, 0x00, 0x00, 0x03, 0x00, 0x00, 0x00, 0x00, 0x00, 0x00, 0x00, 0x00, 0x00,
    0x00, 0x30, 0x03, 0x00, 0xc0, 0x00, 0x00, 0x00, 0x00, 0x03, 0x00, 0x00, 0x00, 0x00, 0xc0, 0x00,
    0x00, 0x00, 0x00, 0xc0, 0x00, 0x00, 0x00, 0x00, 0x00, 0x00, 0x00, 0x00, 0x00, 0x00, 0x00, 0x00,
    0x00, 0x00, 0x00, 0x00, 0x00, 0xc0, 0x00, 0xc0, 0x0d, 0x3d, 0xec, 0xec, 0x8c, 0x8c, 0x48, 0xcd,
    0x33, 0x33, 0x3c, 0xd8, 0x88, 0xc4, 0x10, 0x4c, 0x88, 0xc4, 0x08, 0x08, 0x00, 0x30, 0x00, 0x00,
    0x00, 0x00, 0x00, 0x00, 0x00, 0x00, 0x00, 0x00, 0x00, 0x00, 0x00, 0x00, 0x00, 0x00, 0x00, 0x00,
    0x00, 0x00, 0x00, 0x00, 0x30, 0x00, 0x00, 0x00, 0x00, 0x00, 0x00, 0x00, 0x00, 0x00, 0x00, 0x00,
    0x00, 0x00, 0x00, 0x00, 0x00, 0x00, 0x00, 0x00, 0x00, 0x0c, 0x00, 0x00, 0x00, 0x00, 0x00, 0x00,
    0x00, 0x00, 0x00, 0x00, 0x00, 0x00, 0x00, 0x00, 0x00, 0x00, 0x00, 0x00, 0x00, 0x00, 0x00, 0x03,
    0x00, 0xc0, 0x00, 0x00, 0x00, 0x00, 0x00, 0x00, 0x00, 0x00, 0x00, 0x00, 0x00, 0x00, 0x00, 0x00,
    0x00, 0x00, 0x00, 0x00, 0x00, 0x00, 0x00, 0x00, 0x00, 0xc0, 0x00, 0x00, 0x00, 0x00, 0x00, 0x03,
    0x73, 0xcc, 0xce, 0xcc, 0xc2, 0x04, 0xc8, 0xcc, 0xcc, 0xde, 0xcd, 0x8c, 0xcc, 0x4c, 0x8c, 0x82,
    0x31, 0x23, 0x00, 0x30, 0x03, 0x00, 0x00, 0x00, 0x00, 0x00, 0x00, 0x00, 0x00, 0x00, 0x00, 0x00,
    0x00, 0x00, 0x00, 0x00, 0x00, 0x00, 0x00, 0x00, 0x00, 0x00, 0x00, 0x03, 0x00, 0x00, 0x00, 0x00,
    0x00, 0x00, 0x00, 0x00, 0x00, 0x00, 0x00, 0x00, 0x00, 0x00, 0x00, 0x00, 0x00, 0x00, 0x00, 0x00,
    0x00, 0x00, 0x00, 0x00, 0x00, 0x00, 0x00, 0x00, 0x00, 0x00, 0x00, 0x00, 0x00, 0x00, 0x00, 0x00,
    0x00, 0x00, 0x00, 0x00, 0x00, 0x00, 0x00, 0x00, 0x00, 0x00, 0x00, 0x00, 0x00, 0x0c, 0x00, 0x00,
    0x00, 0x00, 0x00, 0x00, 0x00, 0x00, 0xc0, 0xc0, 0x00, 0x00, 0x30, 0x00, 0x00, 0x00, 0x00, 0x00,
    0x0c, 0x00, 0x00, 0x00, 0x00, 0x00, 0x00, 0x0c, 0x08, 0xb3, 0x33, 0x32, 0x21, 0xc8, 0x8c, 0x8e,
    0x38, 0xc8, 0xd8, 0xf3, 0x12, 0x22, 0x00, 0x33, 0x1c, 0xc0, 0x84, 0x10, 0x00, 0x00, 0x00, 0x00,
    0x00, 0x00, 0x00, 0x00, 0x00, 0x00, 0x00, 0x00, 0x00, 0x03, 0x00, 0x00, 0x00, 0x00, 0x00, 0x00,
    0x00, 0x00, 0x00, 0x00, 0x00, 0x00, 0x00, 0x00, 0x00, 0x00, 0x0c, 0x00, 0x00, 0x00, 0x00, 0x00,
    0x00, 0x00, 0x00, 0x00, 0x00, 0x00, 0x00, 0x30, 0x00, 0x00, 0x00, 0x00, 0x00, 0x00, 0xc0, 0x00,
    0x00, 0x00, 0x0c, 0x00, 0x00, 0x00, 0x00, 0x00, 0x00, 0x00, 0x30, 0x00, 0x00, 0x00, 0x00, 0x00,
    0x00, 0x00, 0x00, 0x00, 0x00, 0x00, 0x00, 0x00, 0x00, 0xc0, 0x00, 0x00, 0x00, 0x00, 0x00, 0x00,
    0x00, 0x00, 0x00, 0x00, 0x00, 0x00, 0x00, 0x0c, 0x00, 0x00, 0x00, 0x00, 0x00, 0x00, 0x00, 0x12,
    0x23, 0x2d, 0x8d, 0xcd, 0x30, 0x23, 0x04, 0xd3, 0x1c, 0x8c, 0x4c, 0x22, 0x73, 0x30, 0xc8, 0x84,
    0xc2, 0x18, 0x00, 0x21, 0x00, 0x00, 0x00, 0x00, 0x00, 0x00, 0x00, 0x00, 0x00, 0x00, 0x00, 0x00,
    0x00, 0x00, 0x00, 0x00, 0x00, 0x00, 0x00, 0x00, 0x00, 0x00, 0x00, 0x00, 0x00, 0x00, 0x00, 0x00,
    0x00, 0x00, 0xc0, 0x00, 0x00, 0x00, 0x00, 0x00, 0x00, 0x00, 0x00, 0x00, 0x00, 0x00, 0x00, 0x00,
    0x00, 0x00, 0x00, 0x00, 0x00, 0x00, 0x00, 0x00, 0x00, 0x00, 0xc0, 0x00, 0x00, 0x00, 0x00, 0x00,
    0x00, 0x03, 0x00, 0x00, 0x03, 0x00, 0x00, 0xc0, 0x00, 0x00, 0x00, 0x0c, 0x03, 0x00, 0x00, 0x00,
    0xc0, 0x00, 0x00, 0x00, 0x00, 0x00, 0x00, 0x00, 0x30, 0x0c, 0x00, 0x03, 0x00, 0x00, 0x03, 0x00,
    0x00, 0x00, 0x00, 0x00, 0x30, 0x00, 0x00, 0xcb, 0x12, 0x48, 0xcc, 0xe3, 0x1c, 0x84, 0x8c, 0x8c,
    0x83, 0x23, 0x23, 0x33, 0x22, 0x08, 0x41, 0x32, 0x21, 0x00, 0x48, 0x08, 0x00, 0x00, 0x00, 0x00,
    0x00, 0x00, 0x00, 0x00, 0x00, 0x00, 0x00, 0x00, 0x00, 0x00, 0x00, 0x00, 0x00, 0x00, 0x00, 0x00,
    0x00, 0x00, 0x00, 0x00, 0x00, 0x00, 0x00, 0x00, 0x00, 0x00, 0x00, 0x00, 0x00, 0x00, 0x00, 0x00,
    0x00, 0x00, 0x00, 0x00, 0x00, 0x00, 0x00, 0x00, 0x00, 0x00, 0x00, 0x00, 0x00, 0x00, 0x00, 0x00,
    0x00, 0x0c, 0x00, 0x00, 0x00, 0x00, 0x00, 0x00, 0x00, 0xc0, 0x00, 0x03, 0x00, 0x00, 0xc0, 0x00,
    0x00, 0x00, 0x00, 0x00, 0x00, 0x00, 0x00, 0x00, 0x00, 0x00, 0x0c, 0x00, 0x00, 0x00, 0x00, 0x00,
    0x00, 0x00, 0x00, 0x00, 0x00, 0x00, 0x30, 0x00, 0x00, 0x00, 0x00, 0xc0, 0x00, 0x00, 0x00, 0x18,
    0x8c, 0x8c, 0x27, 0x32, 0x22, 0x33, 0x13, 0x08, 0xc8, 0xc6, 0x32, 0x12, 0x31, 0xc4, 0x84, 0x13,
    0x1c, 0xc8, 0x00, 0x10, 0x00, 0x00, 0x00, 0x00, 0x00, 0x00, 0x00, 0x00, 0x00, 0x00, 0x00, 0x00,
    0x00, 0x00, 0x00, 0x00, 0x00, 0x00, 0x00, 0x00, 0x00, 0x00, 0x00, 0x00, 0x00, 0x00, 0x00, 0x00,
    0x00, 0x00, 0x00, 0x00, 0x00, 0x00, 0x00, 0x00, 0x00, 0x00, 0x00, 0x00, 0x00, 0x00, 0x00, 0x00,
    0x00, 0x00, 0x00, 0x00, 0x03, 0x00, 0x00, 0x00, 0x00, 0x00, 0x00, 0x00, 0x00, 0x00, 0x00, 0x00,
    0x00, 0x00, 0x00, 0x00, 0x00, 0x00, 0x00, 0x00, 0x0c, 0x00, 0x00, 0x00, 0x00, 0x00, 0x00, 0x00,
    0x00, 0x00, 0x00, 0x00, 0x00, 0xc0, 0x00, 0x00, 0x00, 0x00, 0x00, 0x00, 0x00, 0x0c, 0x00, 0x00,
    0x00, 0x00, 0x00, 0x00, 0x00, 0x00, 0x30, 0x33, 0x04, 0xc1, 0x8c, 0x9c, 0xc1, 0x04, 0x8c, 0x84,
    0x23, 0x23, 0x12, 0x33, 0x1c, 0x23, 0x03, 0x22, 0x32, 0x02, 0x00, 0x20, 0x0c, 0x00, 0x00, 0x00,
    0x00, 0x00, 0x00, 0x00, 0x00, 0x30, 0x00, 0x00, 0x00, 0x00, 0x00, 0x00, 0x00, 0x00, 0x00, 0x00,
    0x00, 0x00, 0x00, 0x00, 0x00, 0x00, 0x00, 0x00, 0x00, 0x00, 0x00, 0x00, 0x00, 0x00, 0x00, 0x00,
    0x00, 0x00, 0x00, 0x00, 0x00, 0x00, 0x00, 0x00, 0x00, 0x00, 0x00, 0x00, 0x30, 0x00, 0x00, 0x00,
    0x00, 0x00, 0x00, 0x00, 0x00, 0x00, 0x03, 0x00, 0x00, 0x00, 0x00, 0x00, 0x00, 0x00, 0x00, 0x00,
    0x00, 0x00, 0xc0, 0x00, 0x00, 0x00, 0x00, 0xc0, 0x00, 0x00, 0x00, 0x00, 0x30, 0x00, 0x00, 0x00,
    0x00, 0x00, 0x00, 0x00, 0x00, 0xc0, 0x00, 0x00, 0x00, 0x00, 0x00, 0x00, 0x00, 0x03, 0x00, 0x29,
    0x88, 0x88, 0x13, 0x32, 0x1c, 0xc8, 0x30, 0x73, 0x31, 0x8c, 0x8c, 0x48, 0xc8, 0xc4, 0x20, 0xb3,
    0x21, 0x20, 0x10, 0x00, 0x00, 0x00, 0x00, 0x00, 0x00, 0x00, 0x00, 0x00, 0x00, 0x00, 0x00, 0x00,
    0x00, 0x00, 0x00, 0x00, 0x00, 0x00, 0x00, 0x00, 0x00, 0x00, 0x00, 0x00, 0x00, 0x00, 0x00, 0x00,
    0x00, 0x00, 0x00, 0x00, 0x00, 0x00, 0x00, 0x00, 0x00, 0x00, 0x00, 0x00, 0x00, 0x00, 0x00, 0x00,
    0x00, 0x00, 0x00, 0x00, 0x00, 0x00, 0x00, 0x00, 0x00, 0x00, 0x00, 0x00, 0x00, 0x00, 0x00, 0x00,
    0x00, 0x00, 0x00, 0x00, 0x00, 0x00, 0x00, 0x00, 0x00, 0x00, 0x00, 0x00, 0x00, 0x00, 0x00, 0x00,
    0x00, 0x00, 0x00, 0x03, 0x00, 0x00, 0x0c, 0x03, 0x00, 0x00, 0x00, 0x00, 0x00, 0x00, 0x00, 0x00,
    0x00, 0x00, 0x00, 0x00, 0x00, 0x00, 0x00, 0x12, 0x0c, 0x84, 0xc8, 0xc8, 0xc2, 0x0c, 0x88, 0x08,
    0x88, 0xcd, 0xf3, 0x8d, 0x8c, 0x48, 0x04, 0x22, 0xff, 0xfd, 0x03, 0x10, 0x00, 0x03, 0x00, 0x00,
    0x00, 0x00, 0x00, 0x00, 0x0c, 0x00, 0x00, 0x00, 0x00, 0x00, 0x00, 0x00, 0x00, 0x00, 0x00, 0x00,
    0x00, 0x00, 0x00, 0x00, 0x00, 0x00, 0x00, 0x00, 0x00, 0x00, 0x00, 0x00, 0x00, 0x00, 0x00, 0x00,
    0x00, 0x00, 0x00, 0x00, 0x00, 0x00, 0x00, 0x00, 0x00, 0x00, 0x00, 0x00, 0x00, 0x00, 0x00, 0x00,
    0x00, 0x00, 0x00, 0x00, 0x00, 0x00, 0x00, 0x00, 0x00, 0x00, 0x00, 0x30, 0x00, 0x30, 0x00, 0x03,
    0x00, 0x00, 0x00, 0x30, 0x0c, 0x00, 0xc0, 0x00, 0x00, 0x0c, 0x00, 0x00, 0x00, 0x00, 0x00, 0x00,
    0x00, 0x00, 0x00, 0x30, 0x00, 0x00, 0x00, 0x00, 0x00, 0x00, 0x30, 0x00, 0x00, 0x00, 0x00, 0x32,
    0x21, 0x32, 0x04, 0x8c, 0x20, 0x84, 0x33, 0x8c, 0x73, 0xff, 0xff, 0xf3, 0x32, 0x32, 0x23, 0x73,
    0xdc, 0xc3, 0x80, 0x08, 0x00, 0x30, 0x00, 0x00, 0x00, 0x00, 0x00, 0x00, 0x00, 0x00, 0x00, 0x00,
    0x00, 0x00, 0x00, 0x00, 0x00, 0x00, 0x00, 0x00, 0x00, 0x00, 0x00, 0x00, 0x00, 0x00, 0x00, 0x00,
    0x00, 0x00, 0x00, 0x00, 0x00, 0x00, 0x00, 0x30, 0x00, 0x00, 0x00, 0x00, 0x00, 0x00, 0x00, 0x00,
    0x00, 0xc0, 0x00, 0x00, 0x00, 0x00, 0x00, 0x00, 0x00, 0x00, 0x00, 0x00, 0x00, 0x00, 0x00, 0x00,
    0x00, 0x00, 0x0c, 0x00, 0x03, 0x00, 0x03, 0x00, 0x00, 0x0c, 0x00, 0x00, 0x00, 0x00, 0x00, 0x00,
    0x30, 0x00, 0x00, 0xc0, 0x00, 0x00, 0x00, 0x00, 0x00, 0x00, 0x0c, 0x00, 0x00, 0x00, 0x00, 0x00,
    0x00, 0x03, 0x00, 0x00, 0x0c, 0x00, 0x00, 0x23, 0x13, 0x2c, 0x4c, 0xc6, 0x0c, 0x4c, 0x81, 0x23,
    0x3c, 0x8c, 0xc8, 0xe7, 0x8c, 0x84, 0x00, 0x8d, 0x32, 0x10, 0x00, 0x00, 0x03, 0x00, 0x00, 0x00,
    0x00, 0x00, 0x00, 0x00, 0x00, 0x00, 0x00, 0x00, 0x00, 0x00, 0x00, 0x00, 0x00, 0x00, 0x00, 0x00,
    0x00, 0x00, 0x00, 0x00, 0x00, 0x00, 0x00, 0x00, 0x00, 0x00, 0x00, 0x00, 0x00, 0x00, 0x00, 0x00,
    0x00, 0x00, 0x00, 0x00, 0x00, 0x00, 0x00, 0xc0, 0x00, 0x00, 0x00, 0x00, 0x00, 0x00, 0x00, 0x00,
    0x00, 0x00, 0x00, 0x00, 0x00, 0x00, 0x00, 0x00, 0x00, 0xc0, 0xc0, 0x00, 0x00, 0x00, 0x00, 0x00,
    0x00, 0x00, 0x00, 0x00, 0x00, 0x00, 0x00, 0x00, 0x00, 0x00, 0x00, 0x00, 0x00, 0x00, 0x00, 0x00,
    0x00, 0x30, 0x00, 0x00, 0x00, 0x00, 0x00, 0x00, 0x00, 0xc0, 0x00, 0x00, 0xc0, 0x00, 0x00, 0x18,
    0x22, 0x88, 0xc2, 0x23, 0x12, 0x32, 0x1c, 0x8c, 0x84, 0xc6, 0x23, 0x0c, 0xc8, 0xc8, 0xc7, 0x23,
    0x20, 0x20, 0x12, 0x00, 0x30, 0x00, 0x00, 0x00, 0x00, 0x00, 0x00, 0x00, 0x00, 0x00, 0x00, 0x00,
    0x00, 0x00, 0x00, 0x00, 0x00, 0x00, 0x00, 0x00, 0x00, 0x30, 0x00, 0x00, 0x00, 0x00, 0x00, 0x00,
    0x00, 0x00, 0x00, 0x00, 0x00, 0x00, 0x00, 0x00, 0x00, 0x00, 0x00, 0x0c, 0x00, 0x00, 0x00, 0x00,
    0x00, 0x00, 0x00, 0x00, 0x00, 0x00, 0x00, 0x00, 0x00, 0x00, 0x00, 0x00, 0x00, 0x00, 0x00, 0x00,
    0x00, 0x00, 0x00, 0x00, 0x00, 0x00, 0x00, 0x00, 0x00, 0x00, 0x00, 0x00, 0x00, 0x00, 0x00, 0x00,
    0x00, 0x00, 0x00, 0x00, 0x00, 0x00, 0x00, 0x00, 0x00, 0x00, 0x00, 0x00, 0x03, 0x00, 0x00, 0x00,
    0x0c, 0x00, 0x00, 0x00, 0x00, 0x00, 0x00, 0x32, 0x38, 0xdc, 0x20, 0x70, 0x8c, 0x20, 0xc2, 0x31,
    0x32, 0x23, 0x11, 0xcb, 0x23, 0x10, 0x10, 0x8c, 0x8c, 0x40, 0x00, 0x00, 0x00, 0x00, 0x00, 0x00,
    0x00, 0x00, 0x00, 0x00, 0x00, 0x00, 0x00, 0x00, 0x00, 0xc0, 0x00, 0x00, 0x00, 0x00, 0x00, 0x00,
    0x00, 0x00, 0x00, 0x00, 0x00, 0x00, 0x00, 0x00, 0x00, 0x00, 0x00, 0x00, 0x00, 0x00, 0x00, 0x00,
    0x00, 0x00, 0x00, 0x00, 0x00, 0x00, 0x00, 0x00, 0x00, 0x00, 0x00, 0x30, 0x00, 0x00, 0x00, 0x00,
    0x00, 0x00, 0x00, 0x00, 0x00, 0x00, 0x00, 0x00, 0x00, 0x00, 0x00, 0x00, 0x00, 0x00, 0x00, 0x00,
    0x03, 0x00, 0x00, 0x00, 0x00, 0x0c, 0x00, 0x30, 0x00, 0x00, 0x00, 0x00, 0x00, 0x03, 0x00, 0x30,
    0x00, 0x00, 0x00, 0x00, 0x00, 0x00, 0x00, 0x00, 0xc0, 0x00, 0x00, 0x00, 0x00, 0x00, 0x00, 0x08,
    0x63, 0x48, 0x86, 0x0c, 0x42, 0x08, 0x20, 0x48, 0xc8, 0xc4, 0xcc, 0xb2, 0x30, 0x33, 0x02, 0x12,
    0x12, 0x08, 0x80, 0x00, 0x00, 0x00, 0x00, 0x00, 0x00, 0x00, 0x00, 0x00, 0x00, 0x00, 0x00, 0x00,
    0x00, 0x00, 0x00, 0x00, 0x00, 0x00, 0x00, 0x00, 0x00, 0x00, 0x00, 0x00, 0x00, 0x00, 0x00, 0x00,
    0x00, 0x00, 0x00, 0x00, 0x00, 0x00, 0x00, 0x00, 0x00, 0x00, 0x00, 0x00, 0x00, 0x00, 0x00, 0x00,
    0x00, 0x00, 0x00, 0x00, 0x00, 0x00, 0x00, 0x00, 0x00, 0x00, 0x00, 0x00, 0x00, 0x00, 0x00, 0x00,
    0x00, 0x00, 0x00, 0x00, 0x30, 0x00, 0x30, 0x00, 0x30, 0x00, 0x03, 0x00, 0xc0, 0x00, 0x00, 0x00,
    0x00, 0x00, 0x30, 0x00, 0x00, 0x00, 0x00, 0x00, 0x00, 0x00, 0x00, 0x00, 0x00, 0x00, 0x00, 0x30,
    0x00, 0x00, 0x00, 0x00, 0x00, 0x03, 0x00, 0x31, 0x38, 0x8c, 0x4c, 0x22, 0x31, 0x84, 0xc7, 0x0c,
    0x21, 0x32, 0x3b, 0x20, 0x13, 0x00, 0x00, 0x33, 0x30, 0xc0, 0x08, 0x00, 0x00, 0x00, 0x00, 0x00,
    0x00, 0x00, 0x00, 0x00, 0x00, 0x00, 0x00, 0x00, 0x00, 0x00, 0x00, 0x00, 0x00, 0x00, 0x00, 0x00,
    0x00, 0x00, 0x00, 0x00, 0x00, 0x00, 0x00, 0x00, 0x00, 0x00, 0x00, 0x00, 0x00, 0x00, 0x00, 0x00,
    0x00, 0x00, 0x00, 0x00, 0x00, 0x00, 0x00, 0x00, 0x00, 0x00, 0x00, 0x00, 0x00, 0x00, 0x00, 0x00,
    0x00, 0x00, 0x00, 0x00, 0x00, 0x00, 0x00, 0x00, 0x00, 0x00, 0x00, 0x00, 0x00, 0x00, 0x00, 0x0c,
    0x00, 0x00, 0x00, 0x00, 0x00, 0x00, 0x00, 0x00, 0x00, 0xc0, 0x00, 0x00, 0x00, 0x00, 0x00, 0x00,
    0x03, 0x00, 0x00, 0x00, 0x00, 0x00, 0x03, 0x00, 0x00, 0x00, 0x00, 0x00, 0x00, 0x00, 0x00, 0x08,
    0x8e, 0x23, 0x82, 0x1c, 0x20, 0xcc, 0x20, 0x82, 0x33, 0x2c, 0xc8, 0xcc, 0xc0, 0x00, 0x30, 0x00,
    0x48, 0x48, 0x40, 0x10, 0xc0, 0x00, 0x00, 0x00, 0x00, 0x00, 0x00, 0x00, 0x00, 0x00, 0x00, 0x00,
    0x00, 0x00, 0x00, 0x00, 0x00, 0x00, 0x00, 0x00, 0x00, 0x00, 0x00, 0x00, 0x00, 0x00, 0x00, 0x00,
    0x00, 0x00, 0x00, 0x00, 0x00, 0x00, 0x00, 0x00, 0x00, 0x00, 0x00, 0x00, 0x00, 0x00, 0x00, 0x00,
    0x00, 0x00, 0x00, 0x00, 0x00, 0x00, 0x00, 0x00, 0x00, 0x00, 0x00, 0x00, 0x00, 0x00, 0x00, 0x00,
    0x00, 0x30, 0x00, 0x00, 0x00, 0x0c, 0x00, 0x00, 0x00, 0x00, 0x00, 0x00, 0x00, 0x00, 0x03, 0x00,
    0x0c, 0x00, 0x00, 0x00, 0xc0, 0xc0, 0x00, 0x00, 0x00, 0x00, 0x00, 0x00, 0xc0, 0x00, 0x30, 0x00,
    0x00, 0x00, 0x00, 0x0c, 0x00, 0x00, 0x00, 0x08, 0xd8, 0xda, 0x10, 0xc2, 0x08, 0x02, 0x08, 0x32,
    0x18, 0x86, 0x33, 0x00, 0x30, 0xc3, 0x00, 0x30, 0x30, 0x80, 0x81, 0x00, 0x00, 0x00, 0x00, 0x00,
    0x00, 0x00, 0x00, 0x00, 0x00, 0x00, 0x00, 0x00, 0x00, 0x00, 0x00, 0x00, 0x00, 0x00, 0x00, 0x00,
    0x00, 0x00, 0x00, 0x03, 0x00, 0x00, 0x00, 0x00, 0x00, 0x00, 0x00, 0x00, 0x00, 0x00, 0x00, 0x00,
    0x00, 0x00, 0x00, 0x00, 0x00, 0x00, 0x00, 0x00, 0x00, 0x00, 0x00, 0x00, 0x00, 0x00, 0x00, 0x00,
    0x00, 0x00, 0x00, 0x00, 0x00, 0x00, 0x00, 0x00, 0x00, 0x00, 0x03, 0x03, 0x00, 0x00, 0x00, 0x00,
    0x00, 0x00, 0xc0, 0x00, 0x00, 0x00, 0x00, 0x00, 0x00, 0x00, 0x00, 0x0c, 0x00, 0x00, 0x00, 0x00,
    0x00, 0x00, 0x30, 0x0c, 0x00, 0x00, 0x00, 0x00, 0x00, 0x00, 0x00, 0x00, 0x00, 0x00, 0x00, 0x0c,
    0x22, 0x4c, 0xc8, 0x23, 0x23, 0x21, 0x83, 0x21, 0x83, 0x23, 0x0c, 0xcc, 0x00, 0x00, 0x00, 0x02,
    0x03, 0x08, 0x00, 0x00, 0x00, 0x30, 0x00, 0x00, 0x30, 0x00, 0x00, 0xc0, 0x00, 0x00, 0x00, 0x00,
    0x00, 0x00, 0x00, 0x00, 0x00, 0x00, 0x00, 0x00, 0x00, 0x00, 0x00, 0x00, 0x00, 0x00, 0x00, 0x00,
    0x00, 0x00, 0x00, 0x00, 0x00, 0x00, 0x00, 0x00, 0x00, 0x00, 0x00, 0x00, 0x00, 0x00, 0x00, 0x00,
    0x00, 0x00, 0x00, 0x00, 0x00, 0x00, 0x00, 0x00, 0x00, 0x00, 0x00, 0x00, 0x00, 0x00, 0x03, 0x00,
    0x00, 0x00, 0x00, 0x00, 0x00, 0x00, 0x00, 0x00, 0x00, 0x00, 0x00, 0x00, 0x00, 0xc0, 0xc0, 0x00,
    0x00, 0x00, 0x00, 0x00, 0x00, 0x00, 0x03, 0x00, 0x00, 0x00, 0x00, 0x00, 0x00, 0x00, 0x00, 0x00,
    0x00, 0x00, 0x00, 0x00, 0x00, 0x00, 0x03, 0x01, 0x27, 0x22, 0x83, 0x11, 0x30, 0x48, 0x31, 0x13,
    0x31, 0x30, 0xc8, 0x30, 0xcc, 0x30, 0x0c, 0x00, 0x30, 0x21, 0x08, 0x00, 0x00, 0x00, 0x00, 0x00,
    0x00, 0x00, 0x0c, 0x00, 0x00, 0x00, 0x00, 0x00, 0x00, 0x00, 0x00, 0x00, 0x00, 0x00, 0x00, 0x00,
    0x00, 0x00, 0x00, 0x00, 0x00, 0x00, 0x00, 0x00, 0x00, 0x00, 0x00, 0x00, 0x00, 0x00, 0x00, 0x00,
    0x00, 0x00, 0x00, 0x00, 0x00, 0x00, 0x00, 0x00, 0x00, 0x00, 0x00, 0x00, 0x00, 0x00, 0x00, 0x00,
    0x00, 0x00, 0x00, 0x00, 0x00, 0x00, 0x00, 0x00, 0x00, 0x00, 0x30, 0x00, 0x00, 0x00, 0x00, 0x00,
    0x00, 0x00, 0x00, 0x0c, 0x00, 0x00, 0x00, 0x00, 0x00, 0x00, 0x00, 0x00, 0x00, 0x00, 0x00, 0x00,
    0xc0, 0x00, 0x00, 0x00, 0x00, 0x0c, 0x00, 0x00, 0x00, 0x00, 0x00, 0x00, 0x00, 0xc0, 0x30, 0x02,
    0x02, 0x08, 0xd1, 0x23, 0x08, 0x83, 0x08, 0x88, 0x22, 0x22, 0x33, 0x03, 0x00, 0x03, 0x00, 0x23,
    0x03, 0x00, 0x80, 0x03, 0x00, 0x00, 0x00, 0x00, 0x00, 0x00, 0x00, 0x00, 0x00, 0x00, 0x00, 0x00,
    0x00, 0x00, 0x00, 0x00, 0x00, 0x00, 0x00, 0x00, 0x00, 0x00, 0x00, 0x00, 0x00, 0x00, 0x00, 0x00,
    0x00, 0x03, 0x00, 0x00, 0x00, 0x00, 0x00, 0x00, 0x00, 0x00, 0x00, 0x00, 0x00, 0x00, 0x00, 0xc0,
    0x0c, 0x00, 0x00, 0x00, 0x00, 0x00, 0x00, 0x04, 0x0c, 0x00, 0x00, 0x00, 0x00, 0x00, 0x00, 0x00,
    0x00, 0x00, 0x00, 0x00, 0x00, 0x00, 0x03, 0x00, 0x00, 0x00, 0x00, 0x00, 0x00, 0x00, 0x00, 0x00,
    0xc0, 0x00, 0x0c, 0x00, 0x00, 0x00, 0x00, 0x00, 0x00, 0x00, 0x00, 0x00, 0x00, 0x00, 0x00, 0x00,
    0x00, 0x00, 0x0c, 0x00, 0x00, 0x00, 0x00, 0x00, 0xb0, 0x81, 0x22, 0x0c, 0x84, 0x31, 0x20, 0x82,
    0x08, 0x8c, 0x30, 0xc0, 0x30, 0xc0, 0x00, 0x00, 0x30, 0x21, 0x00, 0x00, 0x00, 0x00, 0x00, 0x00,
    0x00, 0x00, 0x00, 0x00, 0x00, 0x00, 0x00, 0x00, 0x00, 0x00, 0x00, 0x00, 0x00, 0x00, 0x00, 0x00,
    0x00, 0x00, 0x00, 0x00, 0x00, 0x00, 0x00, 0x00, 0x00, 0x00, 0x00, 0x00, 0x00, 0x00, 0x00, 0x00,
    0x00, 0x00, 0x00, 0x00, 0x00, 0x00, 0x00, 0x00, 0x00, 0x00, 0x00, 0x00, 0x00, 0x03, 0x00, 0x00,
    0x00, 0x00, 0x00, 0x00, 0x00, 0x00, 0x00, 0x00, 0x00, 0xc0, 0x00, 0x00, 0x00, 0xc0, 0x30, 0x00,
    0xc0, 0x30, 0x00, 0x00, 0x00, 0x00, 0x00, 0x00, 0x00, 0x00, 0xc0, 0x00, 0x00, 0x00, 0x00, 0x00,
    0x00, 0x0c, 0x00, 0x00, 0x00, 0x00, 0x00, 0x00, 0x00, 0x00, 0xc0, 0x00, 0x00, 0x00, 0x00, 0x00,
    0x18, 0x72, 0x0c, 0x82, 0x32, 0x12, 0x08, 0xcc, 0x8c, 0x13, 0x0c, 0x33, 0x00, 0x30, 0xc3, 0x00,
    0x02, 0x04, 0x20, 0x40, 0x03, 0x00, 0x00, 0x00, 0x00, 0x00, 0x00, 0x00, 0x00, 0x00, 0x00, 0x00,
    0x00, 0x00, 0x00, 0x00, 0x00, 0x00, 0x00, 0x00, 0x00, 0x30, 0x00, 0x00, 0x00, 0x00, 0x00, 0x00,
    0x00, 0x00, 0x00, 0x00, 0x00, 0x00, 0x00, 0x00, 0x00, 0x00, 0x00, 0xc0, 0x00, 0x00, 0x00, 0x00,
    0x00, 0x00, 0x00, 0x00, 0x00, 0x30, 0x00, 0x00, 0x00, 0x00, 0x00, 0x00, 0x00, 0x00, 0x00, 0x00,
    0x00, 0x00, 0x00, 0x00, 0x0c, 0x00, 0x00, 0x00, 0x00, 0x00, 0x03, 0x00, 0x03, 0x00, 0x00, 0x00,
    0x00, 0x00, 0x00, 0x00, 0x00, 0x03, 0x00, 0x00, 0x00, 0x00, 0x00, 0x00, 0x00, 0x00, 0x00, 0x00,
    0x00, 0x0c, 0x00, 0x00, 0x30, 0x00, 0x00, 0x00, 0x02, 0x00, 0xc1, 0x31, 0x08, 0x20, 0x8c, 0x10,
    0x84, 0xc8, 0xc3, 0x00, 0x37, 0x0c, 0x40, 0x03, 0x30, 0xc2, 0x00, 0x00, 0x00, 0x00, 0x00, 0xc0,
    0x00, 0x00, 0x00, 0x00, 0x00, 0x00, 0x00, 0x00, 0x00, 0x00, 0x00, 0x00, 0x00, 0x00, 0x00, 0x00,
    0x00, 0x00, 0x00, 0x00, 0x00, 0x00, 0x00, 0x00, 0x00, 0x00, 0x00, 0x00, 0x00, 0x00, 0x00, 0x00,
    0x00, 0x00, 0x00, 0x00, 0x00, 0x00, 0x00, 0x00, 0x00, 0x00, 0x03, 0x00, 0x03, 0x00, 0x00, 0x00,
    0x00, 0x00, 0x03, 0x00, 0x00, 0x00, 0x00, 0x00, 0x00, 0x00, 0x00, 0x00, 0xc0, 0x00, 0x00, 0x00,
    0x00, 0x00, 0x00, 0x00, 0x00, 0x00, 0x00, 0x30, 0x00, 0x00, 0x00, 0x00, 0x00, 0x30, 0x00, 0x00,
    0x00, 0x00, 0x00, 0x30, 0x00, 0x00, 0x00, 0x00, 0x03, 0x00, 0x00, 0x00, 0x00, 0x00, 0x00, 0x00,
    0x31, 0x22, 0x18, 0x84, 0xc4, 0xc8, 0xc1, 0x88, 0x32, 0x20, 0x30, 0xcc, 0xc2, 0x21, 0x20, 0x40,
    0x00, 0x10, 0x04, 0x00, 0x00, 0x00, 0x00, 0x00, 0x00, 0x00, 0x00, 0x00, 0x00, 0x00, 0x00, 0x00,
    0x00, 0x00, 0x00, 0x00, 0x00, 0x00, 0x00, 0x00, 0x0c, 0x00, 0x00, 0x00, 0x00, 0x00, 0x00, 0x00,
    0x00, 0x00, 0x00, 0x00, 0x00, 0x00, 0x00, 0x00, 0x00, 0x00, 0x00, 0x00, 0x00, 0x00, 0x00, 0x00,
    0x00, 0x00, 0x00, 0x00, 0x00, 0x00, 0x00, 0x00, 0x00, 0x00, 0x00, 0x00, 0x00, 0x00, 0x00, 0x00,
    0x00, 0x00, 0xc0, 0x30, 0x00, 0x00, 0x00, 0x00, 0x00, 0x00, 0x00, 0x00, 0x00, 0x00, 0x30, 0x00,
    0x00, 0x30, 0x00, 0x00, 0xc0, 0x00, 0x00, 0xc0, 0x00, 0x00, 0x00, 0x00, 0x03, 0x00, 0x00, 0x03,
    0x00, 0x00, 0x00, 0x00, 0x00, 0x00, 0x00, 0x00, 0x00, 0x81, 0x23, 0x0c, 0x8c, 0x00, 0x20, 0x23,
    0x12, 0x0c, 0x43, 0x02, 0x20, 0xc4, 0x80, 0x20, 0x0c, 0x88, 0x40, 0x30, 0x30, 0x00, 0x30, 0x00,
    0x00, 0x00, 0x00, 0x00, 0x00, 0x00, 0x00, 0x00, 0x00, 0x00, 0x00, 0x00, 0x00, 0x00, 0x00, 0x00,
    0x00, 0x00, 0x00, 0x00, 0x00, 0x00, 0x00, 0x00, 0x00, 0x00, 0x00, 0x00, 0x00, 0x00, 0x00, 0x00,
    0x00, 0x00, 0x00, 0x00, 0x00, 0x00, 0x00, 0x00, 0x00, 0x00, 0x00, 0x00, 0x00, 0x00, 0x00, 0x00,
    0x00, 0x00, 0x00, 0x00, 0x00, 0x00, 0x00, 0x00, 0x00, 0x00, 0x00, 0x00, 0x00, 0x00, 0x00, 0x00,
    0x00, 0x00, 0x00, 0x00, 0xc0, 0x00, 0x00, 0x00, 0x00, 0x00, 0x00, 0x00, 0x00, 0x00, 0x00, 0x00,
    0x0c, 0x00, 0x00, 0x00, 0x00, 0x00, 0x0c, 0x00, 0x00, 0x00, 0x00, 0x00, 0x00, 0x00, 0x00, 0x00,
    0x00, 0x0c, 0x20, 0x48, 0x22, 0x2c, 0x88, 0xc0, 0x88, 0xc4, 0x8c, 0x30, 0x31, 0x08, 0x08, 0x02,
    0x10, 0x00, 0x20, 0x00, 0x00, 0x03, 0x00, 0x00, 0x00, 0x00, 0x00, 0x00, 0x00, 0x00, 0x00, 0x00,
    0x00, 0x00, 0x00, 0x00, 0x00, 0x00, 0x00, 0x00, 0x00, 0x00, 0x00, 0x00, 0x00, 0x00, 0x00, 0x00,
    0x00, 0x00, 0x00, 0x00, 0x00, 0x00, 0x00, 0x00, 0xc0, 0x00, 0x00, 0x00, 0x00, 0x00, 0x00, 0x00,
    0x00, 0x00, 0x00, 0x00, 0x00, 0x00, 0x00, 0x00, 0x00, 0x00, 0x00, 0x00, 0x00, 0x00, 0x00, 0x00,
    0x00, 0x30, 0x00, 0x00, 0x00, 0x00, 0x00, 0x30, 0x0c, 0x03, 0x00, 0x00, 0x00, 0x00, 0x00, 0x00,
    0x00, 0x00, 0x00, 0x00, 0x00, 0x00, 0x00, 0x00, 0x00, 0x00, 0x0c, 0x00, 0x00, 0x00, 0x00, 0x00,
    0x00, 0x00, 0x00, 0x00, 0x00, 0x03, 0x00, 0xc0, 0x00, 0x00, 0x00, 0x22, 0x04, 0xc1, 0x04, 0x22,
    0x0c, 0x12, 0x32, 0x06, 0x08, 0x82, 0x01, 0x01, 0xc8, 0x88, 0x00, 0x00, 0x00, 0x00, 0x00, 0x00,
    0x00, 0x00, 0x00, 0x00, 0x00, 0x00, 0x00, 0x00, 0x00, 0x00, 0x00, 0x00, 0x00, 0x00, 0x00, 0x00,
    0x00, 0x00, 0x00, 0x00, 0x00, 0x00, 0x00, 0x00, 0x00, 0x00, 0x00, 0x00, 0x00, 0x00, 0x00, 0x00,
    0x00, 0x00, 0x00, 0x00, 0x00, 0x00, 0x00, 0x00, 0x00, 0x00, 0x00, 0x00, 0x00, 0x00, 0x00, 0x00,
    0x00, 0x00, 0x00, 0x00, 0x00, 0x00, 0x00, 0x00, 0x00, 0x00, 0x00, 0x00, 0x00, 0x00, 0xc0, 0x00,
    0x00, 0x00, 0x00, 0x30, 0x00, 0x0c, 0x00, 0x00, 0x0c, 0x00, 0x00, 0x30, 0x00, 0x00, 0x00, 0x00,
    0x00, 0x00, 0xc0, 0x00, 0x00, 0x00, 0x00, 0x00, 0x00, 0x00, 0x00, 0x00, 0xc0, 0x00, 0x00, 0x00,
    0x00, 0x00, 0x00, 0x03, 0x30, 0x12, 0x32, 0x0c, 0x42, 0x20, 0xc8, 0xc8, 0xd3, 0x10, 0xc0, 0x8c,
    0x08, 0x41, 0x08, 0x00, 0x00, 0x00, 0x00, 0x00, 0x00, 0x00, 0x00, 0x00, 0x00, 0x00, 0x00, 0x00,
    0x00, 0x00, 0x00, 0x00, 0x00, 0x00, 0x00, 0x00, 0x00, 0x00, 0x00, 0x00, 0x00, 0x00, 0x00, 0x00,
    0x00, 0x00, 0x00, 0x00, 0x00, 0x00, 0x00, 0x00, 0x00, 0x00, 0x00, 0x00, 0x00, 0x00, 0x03, 0x00,
    0x00, 0x00, 0x00, 0x00, 0x00, 0x00, 0x00, 0x00, 0x00, 0x00, 0x00, 0x00, 0x00, 0x00, 0x03, 0x00,
    0x00, 0x00, 0x00, 0x00, 0x00, 0x00, 0x00, 0x00, 0x00, 0x00, 0x00, 0x00, 0x00, 0x00, 0x00, 0x00,
    0x00, 0x00, 0x00, 0x00, 0x00, 0x00, 0x00, 0x00, 0x00, 0x00, 0x00, 0x00, 0x00, 0x00, 0xc0, 0x00,
    0x00, 0x00, 0x00, 0x00, 0x00, 0x00, 0x00, 0x00, 0x00, 0x00, 0x00, 0x30, 0x48, 0x88, 0x20, 0xc4,
    0xc8, 0x48, 0x8c, 0x93, 0x08, 0x30, 0x12, 0x01, 0x23, 0x20, 0x80, 0x00, 0x00, 0xc0, 0x00, 0x00,
    0x00, 0x00, 0x00, 0x00, 0x00, 0x00, 0x00, 0x00, 0x00, 0x00, 0x00, 0x00, 0x00, 0x00, 0x00, 0x00,
    0x00, 0x00, 0x00, 0x00, 0x00, 0x00, 0x00, 0x00, 0x00, 0x00, 0x00, 0x00, 0x00, 0x00, 0x00, 0x00,
    0x00, 0x00, 0x00, 0x00, 0x00, 0x00, 0x00, 0x00, 0x00, 0x00, 0x00, 0x00, 0x00, 0x00, 0x00, 0x00,
    0x00, 0x00, 0x00, 0x00, 0x00, 0x00, 0x00, 0x00, 0x00, 0x00, 0x00, 0xc0, 0x00, 0x30, 0x00, 0x00,
    0x00, 0x00, 0x00, 0x00, 0x00, 0x00, 0x00, 0x0c, 0x00, 0x00, 0x0c, 0x00, 0x00, 0x30, 0x00, 0x00,
    0xc0, 0x00, 0x00, 0x00, 0x30, 0x00, 0x00, 0x00, 0x00, 0x00, 0x00, 0x00, 0x00, 0x00, 0x00, 0x00,
    0x0c, 0x00, 0x00, 0x04, 0xc3, 0x03, 0x0c, 0x48, 0x20, 0xc3, 0x13, 0x32, 0x33, 0x09, 0x20, 0x48,
    0x04, 0x04, 0x00, 0x03, 0x00, 0x00, 0x00, 0x00, 0x00, 0x00, 0x00, 0x00, 0x00, 0x00, 0x00, 0x00,
    0x00, 0x00, 0x00, 0x00, 0x00, 0x00, 0x00, 0x00, 0x00, 0x00, 0x00, 0x00, 0x00, 0x00, 0x00, 0x00,
    0x00, 0x00, 0x00, 0x00, 0x00, 0x00, 0x00, 0x00, 0x00, 0x00, 0x00, 0x00, 0x00, 0x00, 0x00, 0x00,
    0x00, 0x00, 0x00, 0x00, 0x00, 0x00, 0x00, 0x00, 0x00, 0x00, 0x00, 0x00, 0x00, 0x00, 0x00, 0x00,
    0x00, 0x00, 0x0c, 0x00, 0x0c, 0x00, 0x00, 0x00, 0x00, 0x00, 0x0c, 0x00, 0x00, 0x00, 0x00, 0xc0,
    0x00, 0x00, 0xc0, 0x00, 0x03, 0x00, 0x0c, 0x0c, 0x00, 0x00, 0x00, 0x00, 0x00, 0x00, 0x00, 0x00,
    0x00, 0x00, 0x00, 0x30, 0x00, 0x00, 0x00, 0x00, 0x00, 0x00, 0x30, 0x03, 0x08, 0x70, 0x84, 0x82,
    0x0c, 0x22, 0x32, 0x13, 0x18, 0x84, 0xc2, 0x00, 0x8c, 0x8c, 0x00, 0x00, 0x00, 0x00, 0x00, 0x00,
    0x00, 0x00, 0x00, 0x00, 0x00, 0x00, 0x00, 0x00, 0x00, 0x00, 0x00, 0x00, 0x00, 0x00, 0x00, 0x00,
    0x00, 0x00, 0x00, 0x00, 0x00, 0x00, 0x00, 0x00, 0x00, 0x00, 0x00, 0x00, 0x00, 0x00, 0x00, 0x00,
    0x00, 0x00, 0x00, 0x00, 0x00, 0x00, 0x00, 0x00, 0x00, 0x00, 0x00, 0x00, 0x00, 0x00, 0x00, 0x00,
    0x00, 0x00, 0x00, 0x00, 0x00, 0x00, 0x00, 0x00, 0x00, 0xc0, 0xc0, 0x00, 0x00, 0x00, 0x00, 0xc0,
    0xc0, 0x30, 0x00, 0x00, 0x03, 0x00, 0x0c, 0x00, 0x00, 0x00, 0x00, 0x00, 0x00, 0x00, 0x00, 0x00,
    0x00, 0x00, 0x00, 0x00, 0x00, 0x00, 0x00, 0x03, 0x00, 0xc0, 0x0c, 0x00, 0x00, 0x0c, 0x00, 0x00,
    0x00, 0x00, 0x00, 0x00, 0x80, 0x08, 0x48, 0x30, 0xc4, 0x8c, 0xc8, 0xc8, 0x8c, 0x72, 0x08, 0x30,
    0x02, 0x00, 0x10, 0x30, 0x00, 0x00, 0x00, 0x00, 0x00, 0x00, 0x00, 0x00, 0x00, 0x00, 0x00, 0x00,
    0x00, 0x00, 0x00, 0x00, 0x00, 0x00, 0x00, 0x00, 0x00, 0x00, 0x00, 0x00, 0x00, 0x00, 0x00, 0x00,
    0x00, 0x00, 0x00, 0x00, 0x00, 0x00, 0x00, 0x00, 0x00, 0x00, 0x00, 0x00, 0x00, 0x00, 0x00, 0x00,
    0x03, 0x00, 0x00, 0x00, 0x00, 0x00, 0x00, 0x00, 0x00, 0x00, 0x00, 0x00, 0x00, 0x00, 0x00, 0x00,
    0x00, 0x00, 0x00, 0x00, 0x00, 0x00, 0x00, 0x00, 0x00, 0x00, 0x00, 0x00, 0x30, 0x00, 0x00, 0x00,
    0x00, 0x00, 0x00, 0x00, 0x00, 0x00, 0x00, 0x00, 0x00, 0x0c, 0x00, 0x00, 0x00, 0x00, 0x00, 0x00,
    0x00, 0x00, 0x00, 0x00, 0x00, 0x00, 0x00, 0x30, 0x00, 0x00, 0x00, 0x0c, 0x32, 0x21, 0x32, 0x08,
    0x48, 0x71, 0x23, 0x23, 0x32, 0x08, 0x20, 0x04, 0x84, 0xc4, 0x80, 0x00, 0x00, 0x00, 0x00, 0x00,
    0x00, 0x00, 0x00, 0x00, 0x00, 0x00, 0x00, 0x00, 0x00, 0x00, 0x00, 0x00, 0x00, 0x00, 0x00, 0x00,
    0x00, 0x00, 0x00, 0x00, 0x00, 0x00, 0x00, 0x00, 0x00, 0x00, 0x00, 0x00, 0x00, 0x00, 0x00, 0x00,
    0x00, 0x00, 0x00, 0x00, 0x00, 0x00, 0x00, 0x00, 0x00, 0x00, 0x00, 0x00, 0x0c, 0x00, 0x00, 0x00,
    0x00, 0x00, 0x00, 0x00, 0x00, 0x00, 0x00, 0x00, 0x00, 0x00, 0x00, 0x00, 0x00, 0x00, 0x00, 0x00,
    0x00, 0x00, 0x00, 0x00, 0x00, 0x00, 0x00, 0x00, 0x00, 0x30, 0x00, 0x00, 0x00, 0x00, 0x00, 0x00,
    0x00, 0x00, 0x00, 0x0c, 0x00, 0x0c, 0x00, 0x00, 0x00, 0x00, 0x00, 0x00, 0x00, 0x00, 0x00, 0x00,
    0x00, 0x03, 0x00, 0x00, 0x44, 0xc3, 0x03, 0x23, 0x22, 0x23, 0x31, 0x31, 0x20, 0x83, 0x04, 0x80,
    0x0c, 0x48, 0x00, 0x00, 0x0c, 0x00, 0x00, 0x00, 0x00, 0x00, 0x00, 0x00, 0x00, 0x00, 0x00, 0x00,
    0x00, 0x00, 0x00, 0x00, 0x00, 0x00, 0x00, 0x00, 0x00, 0x00, 0x00, 0x00, 0x00, 0x00, 0x00, 0x00,
    0x00, 0x00, 0x00, 0x00, 0x00, 0x00, 0x00, 0x00, 0x00, 0x00, 0x00, 0x00, 0x00, 0x00, 0x00, 0x00,
    0x00, 0x00, 0x03, 0x00, 0xc0, 0x00, 0x00, 0x00, 0x00, 0x00, 0x00, 0x00, 0x00, 0x00, 0x00, 0x00,
    0x00, 0x00, 0x00, 0x00, 0x00, 0x00, 0x0c, 0x00, 0x00, 0x00, 0x00, 0x00, 0x00, 0x00, 0xc0, 0x00,
    0x00, 0x00, 0x00, 0x00, 0x30, 0x00, 0x00, 0x00, 0x00, 0x00, 0x00, 0x00, 0x00, 0x00, 0x00, 0xc0,
    0x00, 0x00, 0x00, 0x00, 0x00, 0x00, 0x00, 0x00, 0x00, 0x30, 0x00, 0x00, 0xc2, 0x08, 0x88, 0x41,
    0x03, 0x32, 0x12, 0x08, 0xcd, 0x31, 0x20, 0x08, 0x42, 0x00, 0x00, 0x00, 0x00, 0x0c, 0x00, 0x00,
    0x00, 0x00, 0x00, 0x00, 0x00, 0x00, 0x00, 0x00, 0x00, 0x00, 0x00, 0x00, 0x00, 0x00, 0x00, 0x00,
    0x00, 0x00, 0x00, 0x00, 0x03, 0x00, 0x00, 0x00, 0x00, 0x0c, 0x00, 0x00, 0x00, 0x00, 0x00, 0x00,
    0x00, 0x00, 0x00, 0x00, 0x00, 0x00, 0x00, 0x00, 0x00, 0x00, 0x00, 0x00, 0x00, 0x00, 0x00, 0x00,
    0x00, 0x00, 0x03, 0x00, 0x00, 0x00, 0x00, 0x00, 0x00, 0x00, 0x00, 0x00, 0xc0, 0x03, 0x00, 0x00,
    0x00, 0x00, 0x00, 0xc0, 0x00, 0x00, 0x00, 0x00, 0x00, 0x00, 0x00, 0x00, 0x00, 0x00, 0x00, 0x00,
    0x00, 0x00, 0x00, 0x00, 0x00, 0x00, 0x00, 0x00, 0x00, 0x00, 0x00, 0x00, 0x03, 0x00, 0x00, 0x00,
    0x03, 0x00, 0x00, 0x00, 0x20, 0xc1, 0x20, 0xc8, 0xb1, 0x23, 0x23, 0x33, 0x22, 0x88, 0x83, 0x00,
    0x32, 0x20, 0x00, 0x00, 0x00, 0x00, 0x00, 0x00, 0x00, 0x00, 0x00, 0x00, 0x00, 0x00, 0x00, 0x00,
    0x00, 0x00, 0x00, 0x00, 0x00, 0x00, 0x00, 0x00, 0x00, 0x00, 0x00, 0x00, 0x00, 0x00, 0x00, 0x00,
    0x00, 0x00, 0x00, 0x00, 0x00, 0x00, 0x00, 0x00, 0x00, 0x00, 0x00, 0x00, 0x00, 0x00, 0x03, 0x00,
    0x00, 0x00, 0x00, 0x00, 0x00, 0x00, 0x00, 0x00, 0x00, 0x00, 0x00, 0x00, 0x00, 0x00, 0x30, 0x00,
    0x00, 0x30, 0x00, 0x00, 0x00, 0x30, 0x00, 0x00, 0x03, 0x00, 0xc0, 0x00, 0x00, 0x00, 0x00, 0x00,
    0x0c, 0x00, 0x00, 0x0c, 0x00, 0x00, 0x30, 0x00, 0x00, 0x00, 0x03, 0x00, 0x00, 0x00, 0x00, 0x00,
    0x00, 0x00, 0x00, 0x00, 0x00, 0x00, 0x0c, 0x00, 0x00, 0x00, 0x00, 0x00, 0xc1, 0x13, 0x0c, 0x23,
    0x08, 0xcd, 0xb2, 0x28, 0x8c, 0x88, 0x00, 0x7e, 0x10, 0x41, 0x03, 0x03, 0x00, 0x00, 0x00, 0x00,
    0x00, 0x00, 0x00, 0x00, 0x00, 0x00, 0x00, 0x00, 0x00, 0x00, 0x00, 0x00, 0x00, 0x00, 0x00, 0x00,
    0x00, 0x00, 0x00, 0x00, 0x00, 0x00, 0x00, 0x00, 0x00, 0x00, 0x00, 0x00, 0x00, 0x00, 0x00, 0x0c,
    0x00, 0x00, 0x00, 0x0c, 0x00, 0x03, 0x00, 0x00, 0x00, 0x00, 0x00, 0x00, 0x00, 0x00, 0x00, 0x00,
    0x00, 0x0c, 0x00, 0x00, 0x00, 0x00, 0x00, 0x00, 0x00, 0x00, 0x00, 0x30, 0x00, 0x00, 0x00, 0x00,
    0xc0, 0x00, 0x00, 0x00, 0x00, 0x00, 0x00, 0x00, 0x00, 0x00, 0x00, 0xc0, 0x00, 0x00, 0x00, 0x00,
    0x0c, 0x00, 0x00, 0x00, 0x03, 0x00, 0x00, 0x00, 0x00, 0x30, 0x0c, 0x00, 0x00, 0x00, 0x00, 0x00,
    0x00, 0x00, 0x00, 0x00, 0x13, 0x20, 0x82, 0x10, 0x82, 0x2f, 0x3c, 0x4c, 0x60, 0x43, 0x20, 0xf8,
    0x22, 0x00, 0x00, 0x00, 0x00, 0x00, 0x00, 0x00, 0x00, 0x00, 0x00, 0x00, 0x00, 0x00, 0x00, 0x00,
    0x00, 0x00, 0x00, 0x00, 0x00, 0x00, 0x00, 0x00, 0x00, 0x00, 0x00, 0x00, 0x00, 0x00, 0x00, 0x00,
    0x00, 0x00, 0x00, 0x00, 0x00, 0x00, 0x00, 0x00, 0x00, 0x00, 0x00, 0x00, 0x00, 0x00, 0x00, 0x00,
    0x00, 0x00, 0x00, 0x00, 0x00, 0x00, 0x00, 0x00, 0x03, 0x00, 0x00, 0x00, 0x00, 0x00, 0x00, 0x00,
    0x00, 0x00, 0x0c, 0x00, 0x00, 0x00, 0x00, 0x00, 0x00, 0x00, 0x00, 0x00, 0xc0, 0xc0, 0x00, 0x03,
    0x00, 0x00, 0x0c, 0x00, 0x00, 0x00, 0x00, 0x03, 0x00, 0x00, 0xc0, 0x00, 0x00, 0x00, 0x00, 0x00,
    0x0c, 0x00, 0x00, 0x00, 0x00, 0x00, 0x00, 0x00, 0xc0, 0x00, 0x00, 0x00, 0x30, 0x0c, 0x21, 0x32,
    0x11, 0x33, 0xfe, 0x30, 0x31, 0x30, 0x1f, 0xe0, 0x4c, 0x20, 0x00, 0x00, 0x00, 0xc0, 0x00, 0x00,
    0x00, 0x00, 0x00, 0x00, 0x00, 0x00, 0x00, 0x00, 0x00, 0x00, 0x00, 0x00, 0x00, 0x00, 0x00, 0x00,
    0x00, 0x00, 0x00, 0x00, 0x00, 0x00, 0x00, 0x00, 0x00, 0x00, 0x00, 0x00, 0x00, 0x00, 0x00, 0x00,
    0x00, 0x00, 0x00, 0x00, 0x00, 0x00, 0x00, 0x00, 0x00, 0x00, 0x00, 0x00, 0x00, 0x00, 0x00, 0x00,
    0x00, 0x00, 0x00, 0x00, 0x00, 0x00, 0x00, 0x00, 0x00, 0x00, 0x00, 0x00, 0x00, 0x00, 0x00, 0x00,
    0x00, 0x00, 0x00, 0x00, 0x00, 0x00, 0x00, 0xc0, 0x00, 0x00, 0x00, 0x00, 0x00, 0x0c, 0x00, 0x00,
    0x00, 0x00, 0x00, 0x00, 0x00, 0x00, 0x30, 0x00, 0x00, 0x00, 0x00, 0x00, 0xc0, 0x00, 0x00, 0x00,
    0x00, 0x00, 0x00, 0x30, 0x08, 0xc2, 0x13, 0x08, 0x32, 0x22, 0xef, 0x3b, 0x8c, 0x88, 0xef, 0x84,
    0x20, 0x00, 0x00, 0x00, 0x00, 0x00, 0x00, 0x00, 0x00, 0x00, 0x00, 0x00, 0x00, 0x00, 0x00, 0x00,
    0x00, 0x00, 0x00, 0x00, 0x00, 0x00, 0x00, 0x00, 0xc0, 0x0c, 0x00, 0x00, 0x00, 0x00, 0x00, 0x00,
    0x00, 0x00, 0x00, 0x00, 0x00, 0x00, 0x00, 0x00, 0x00, 0x00, 0x00, 0x00, 0x00, 0x00, 0x00, 0x00,
    0x00, 0x00, 0x00, 0x00, 0x00, 0x00, 0x00, 0x03, 0x00, 0x00, 0x00, 0x00, 0x00, 0x00, 0x00, 0x00,
    0x00, 0x00, 0x00, 0x00, 0x00, 0x00, 0x00, 0x30, 0x00, 0x00, 0x00, 0x00, 0x00, 0x00, 0x30, 0x00,
    0x00, 0x00, 0x00, 0x00, 0x00, 0x00, 0x00, 0x00, 0x00, 0x00, 0x00, 0x00, 0x00, 0x00, 0x00, 0x03,
    0x00, 0x00, 0x00, 0x00, 0x00, 0x03, 0x00, 0x00, 0x00, 0x00, 0x00, 0x00, 0x30, 0x48, 0x30, 0x87,
    0x08, 0xcc, 0x37, 0xe3, 0x78, 0xe2, 0x33, 0x20, 0xc2, 0x10, 0x30, 0x00, 0x00, 0x00, 0x00, 0x00,
    0x00, 0x00, 0x00, 0xc0, 0x00, 0x00, 0x00, 0x00, 0x00, 0x00, 0x00, 0x00, 0x00, 0x00, 0x00, 0x00,
    0x00, 0x00, 0x00, 0x00, 0x00, 0x00, 0x00, 0x00, 0x00, 0x00, 0x00, 0x00, 0x00, 0x00, 0x00, 0x00,
    0x00, 0x00, 0x00, 0x00, 0x00, 0x00, 0x00, 0x00, 0x00, 0x00, 0x00, 0x00, 0x00, 0x00, 0x00, 0x00,
    0x00, 0x00, 0x00, 0x00, 0x00, 0x00, 0x00, 0x00, 0x00, 0xc0, 0xc0, 0x00, 0x03, 0x00, 0x00, 0x00,
    0x00, 0x00, 0x03, 0x00, 0x00, 0x00, 0x00, 0x00, 0x00, 0x03, 0x00, 0x00, 0x00, 0x00, 0x00, 0x00,
    0x00, 0x00, 0x00, 0x00, 0x30, 0x00, 0x00, 0x00, 0x00, 0x00, 0x00, 0x00, 0x00, 0x00, 0x00, 0x00,
    0x00, 0x00, 0x00, 0x00, 0x06, 0x23, 0x08, 0x40, 0x84, 0x46, 0x2c, 0xb3, 0x23, 0x2c, 0xc8, 0x40,
    0x10, 0x00, 0x00, 0x0c, 0x0c, 0x00, 0x00, 0x00, 0x00, 0x00, 0x00, 0x00, 0x00, 0x00, 0x00, 0x00,
    0x00, 0x00, 0x00, 0x00, 0x00, 0x00, 0x00, 0x00, 0x00, 0x00, 0x00, 0x00, 0x00, 0x00, 0x00, 0x00,
    0x00, 0x00, 0x00, 0x00, 0x00, 0x00, 0x00, 0x00, 0x00, 0x00, 0x00, 0x00, 0x00, 0x00, 0x00, 0x00,
    0x00, 0x00, 0x00, 0x00, 0x00, 0x00, 0x00, 0x00, 0x00, 0x00, 0x00, 0x00, 0x00, 0x00, 0x00, 0x00,
    0x00, 0x00, 0x00, 0x00, 0x30, 0x00, 0x30, 0x00, 0x00, 0x0c, 0x00, 0x00, 0x00, 0x00, 0x00, 0x00,
    0x00, 0x00, 0x00, 0x00, 0x00, 0x00, 0x00, 0x30, 0x00, 0x00, 0x00, 0x00, 0x00, 0x00, 0x00, 0x00,
    0x00, 0x00, 0x00, 0x00, 0x00, 0x00, 0x00, 0x30, 0x00, 0x00, 0x0c, 0x00, 0x0c, 0x00, 0x84, 0xc8,
    0xc8, 0xcc, 0xc8, 0xca, 0x32, 0x0c, 0x92, 0x02, 0x08, 0x00, 0x00, 0x00, 0x00, 0x00, 0x00, 0x30,
    0x00, 0x00, 0xc0, 0x00, 0x00, 0x00, 0x00, 0x00, 0x00, 0x00, 0x00, 0x00, 0x00, 0x00, 0x00, 0x00,
    0x00, 0x00, 0x00, 0x00, 0x00, 0x00, 0x00, 0x00, 0x00, 0x00, 0x00, 0x00, 0x00, 0x00, 0x00, 0x00,
    0x00, 0x00, 0x00, 0x00, 0x00, 0x00, 0x00, 0x00, 0x00, 0x30, 0x00, 0x00, 0x00, 0x00, 0x00, 0x00,
    0x00, 0x00, 0x00, 0x00, 0x00, 0x00, 0x00, 0x00, 0x00, 0x00, 0x00, 0x00, 0x00, 0x00, 0x00, 0x00,
    0x00, 0xc0, 0x00, 0x00, 0x30, 0x00, 0x00, 0x00, 0x00, 0x00, 0x00, 0x00, 0x03, 0x00, 0x00, 0x00,
    0x00, 0x00, 0x00, 0x00, 0x00, 0x00, 0x00, 0x00, 0x00, 0x00, 0x00, 0x0c, 0x00, 0x00, 0x00, 0x00,
    0x00, 0x03, 0x00, 0x00, 0x04, 0xcc, 0x4c, 0x8c, 0x20, 0x88, 0x0c, 0xac, 0xe2, 0xe2, 0x20, 0x00,
    0x20, 0x0c, 0x00, 0x00, 0x00, 0x00, 0x03, 0x00, 0x00, 0x00, 0x00, 0x00, 0x00, 0x00, 0x00, 0x00,
    0x00, 0x00, 0x03, 0x00, 0x00, 0x00, 0x00, 0x00, 0x00, 0x00, 0x00, 0x00, 0x00, 0x00, 0x00, 0x00,
    0x00, 0x00, 0x00, 0x00, 0x00, 0x00, 0x00, 0x00, 0x00, 0x00, 0x00, 0x00, 0x00, 0x00, 0x00, 0x00,
    0x00, 0x00, 0x00, 0x00, 0x00, 0x00, 0x00, 0x00, 0x00, 0x00, 0x00, 0x00, 0x00, 0x00, 0x00, 0x00,
    0x00, 0x00, 0x00, 0x03, 0x00, 0x00, 0x00, 0x00, 0x0c, 0x00, 0x00, 0x03, 0x00, 0x0c, 0x00, 0x00,
    0x00, 0xc0, 0x00, 0x00, 0x00, 0x00, 0x0c, 0x00, 0x00, 0x0c, 0x00, 0x30, 0x00, 0x03, 0x00, 0x30,
    0x00, 0x00, 0x0c, 0x00, 0x00, 0x00, 0x00, 0x00, 0x00, 0xc0, 0x00, 0x00, 0x32, 0x21, 0xc2, 0x02,
    0x1c, 0xc3, 0x62, 0x0a, 0x28, 0x22, 0x00, 0x84, 0x00, 0x40, 0x00, 0xc0, 0x00, 0x00, 0x30, 0x00,
    0x00, 0x00, 0x00, 0x00, 0x00, 0x00, 0x00, 0x00, 0x00, 0x00, 0x00, 0x00, 0x00, 0x00, 0x00, 0x00,
    0x00, 0x00, 0x00, 0x00, 0x00, 0x00, 0x00, 0x00, 0x00, 0x00, 0x00, 0x00, 0x00, 0x00, 0x0c, 0x00,
    0x00, 0x00, 0x00, 0x00, 0x00, 0x00, 0x00, 0x00, 0x00, 0x00, 0x00, 0x00, 0x00, 0x00, 0x00, 0x00,
    0x00, 0x00, 0x00, 0x00, 0x00, 0x00, 0x00, 0x00, 0x00, 0x00, 0x00, 0x30, 0x00, 0x00, 0x00, 0x00,
    0xc0, 0x00, 0x00, 0x00, 0x00, 0x00, 0x00, 0x00, 0x00, 0x00, 0x00, 0x00, 0xc0, 0x00, 0x00, 0x00,
    0x00, 0xc0, 0x03, 0x00, 0x00, 0x00, 0x00, 0x00, 0x00, 0x00, 0xc0, 0x00, 0x00, 0xc0, 0x00, 0x00,
    0x00, 0x00, 0x00, 0x00, 0x03, 0x1c, 0x20, 0xc8, 0xc0, 0x88, 0x30, 0xe3, 0x23, 0x88, 0x20, 0x02,
    0x10, 0x00, 0x00, 0x00, 0x00, 0x30, 0x00, 0x00, 0x00, 0x00, 0x00, 0x00, 0x00, 0x00, 0x00, 0x00,
    0x00, 0x00, 0x00, 0x00, 0x00, 0x00, 0x00, 0x00, 0x00, 0x00, 0x00, 0x00, 0x30, 0x00, 0x00, 0x00,
    0x00, 0x00, 0x00, 0x00, 0x00, 0x00, 0x00, 0x00, 0x00, 0x00, 0x00, 0x00, 0x00, 0x00, 0x00, 0x00,
    0x00, 0x00, 0x00, 0x00, 0x00, 0x00, 0x00, 0xc0, 0x00, 0x00, 0x00, 0x00, 0x00, 0x00, 0x00, 0x00,
    0x00, 0x30, 0x03, 0x00, 0x00, 0x03, 0x00, 0x30, 0x00, 0x00, 0x00, 0xc0, 0x00, 0x00, 0x00, 0x30,
    0x0c, 0x00, 0x00, 0xc0, 0x00, 0x00, 0x00, 0x00, 0x00, 0x00, 0x00, 0x00, 0x00, 0x00, 0x00, 0x00,
    0x00, 0x0c, 0x00, 0x00, 0x00, 0x00, 0x0c, 0x00, 0x00, 0x00, 0x00, 0x00, 0x31, 0x22, 0x0c, 0x48,
    0x22, 0x33, 0x12, 0x0c, 0x8c, 0x82, 0x00, 0x40, 0x00, 0x00, 0x00, 0x00, 0x0c, 0x00, 0x00, 0x00,
    0x00, 0x00, 0x00, 0x00, 0x00, 0x00, 0x00, 0x00, 0x00, 0x00, 0x00, 0x00, 0x00, 0x00, 0x00, 0x00,
    0x00, 0x00, 0x00, 0x00, 0x00, 0x00, 0x00, 0x00, 0x00, 0x00, 0x00, 0x00, 0x00, 0x00, 0x00, 0x00,
    0x00, 0x00, 0x00, 0x00, 0x00, 0x00, 0x00, 0x00, 0x00, 0x00, 0x00, 0x03, 0x00, 0x00, 0x00, 0x00,
    0x00, 0x00, 0x00, 0x00, 0x00, 0x00, 0x30, 0x00, 0x00, 0x00, 0x00, 0x00, 0x00, 0x00, 0x00, 0x00,
    0x00, 0x00, 0x00, 0x00, 0x00, 0x00, 0x03, 0x00, 0x00, 0x00, 0x00, 0x00, 0x00, 0x00, 0x00, 0x00,
    0x00, 0x00, 0x00, 0x00, 0x00, 0xc0, 0x00, 0x00, 0x00, 0xc0, 0x00, 0x00, 0x00, 0x00, 0x00, 0x00,
    0x30, 0x00, 0x00, 0x00, 0x12, 0x33, 0x22, 0x23, 0x1c, 0x44, 0x8c, 0xc2, 0x22, 0x20, 0x10, 0x20,
    0x00, 0x00, 0x30, 0x00, 0xc0, 0x00, 0x00, 0x00, 0x00, 0x00, 0x00, 0x00, 0x00, 0x00, 0x00, 0x00,
    0x00, 0x00, 0x00, 0x00, 0x00, 0x00, 0x00, 0x00, 0x00, 0x00, 0x00, 0x00, 0x00, 0x00, 0x00, 0x00,
    0x00, 0x00, 0x00, 0x00, 0x00, 0x00, 0x00, 0x00, 0x00, 0x00, 0x00, 0x00, 0x00, 0x00, 0x00, 0x00,
    0x0c, 0x00, 0x00, 0x00, 0x00, 0x00, 0x00, 0x00, 0x00, 0x00, 0x00, 0x00, 0x00, 0x00, 0x00, 0x00,
    0x00, 0x00, 0x00, 0x00, 0x00, 0x00, 0x00, 0x00, 0x00, 0x00, 0x00, 0x00, 0x00, 0x00, 0x00, 0x00,
    0x00, 0x00, 0x00, 0x00, 0x00, 0x03, 0x00, 0x00, 0x00, 0x00, 0x00, 0x00, 0x00, 0x00, 0x00, 0x00,
    0x00, 0x00, 0x00, 0x00, 0x00, 0x00, 0x00, 0x00, 0x00, 0x00, 0x00, 0x00, 0xcc, 0xc2, 0x31, 0x31,
    0x20, 0xc8, 0xc8, 0x21, 0x30, 0x04, 0xc2, 0x00, 0x0c, 0x0c, 0x00, 0x00, 0x00, 0x00, 0x00, 0x00,
    0x00, 0x00, 0x00, 0x00, 0x00, 0x00, 0x00, 0x00, 0x00, 0x00, 0x00, 0x00, 0x00, 0x00, 0x00, 0x00,
    0x00, 0x00, 0x00, 0x00, 0x00, 0x00, 0x00, 0x00, 0x00, 0x00, 0x00, 0x00, 0x00, 0x00, 0x00, 0x00,
    0x00, 0x00, 0x00, 0xc0, 0x00, 0x00, 0x00, 0x00, 0xc0, 0x00, 0x00, 0x00, 0x00, 0x03, 0x00, 0x00,
    0x00, 0x00, 0x00, 0x00, 0x00, 0x00, 0x00, 0x00, 0x00, 0x00, 0x30, 0x00, 0x00, 0x00, 0x00, 0x00,
    0x00, 0x00, 0x0c, 0x00, 0x00, 0x00, 0xc0, 0x00, 0x00, 0x00, 0x30, 0x00, 0x00, 0x00, 0x00, 0x00,
    0xc0, 0x00, 0x00, 0x00, 0x00, 0x00, 0x00, 0xc0, 0x00, 0x00, 0x00, 0x00, 0x00, 0x00, 0x00, 0x00,
    0x00, 0x00, 0x00, 0x30, 0x20, 0x8c, 0x4c, 0x84, 0xc8, 0x8c, 0x21, 0xc8, 0xc2, 0x30, 0x00, 0x04,
    0x00, 0x00, 0x00, 0x00, 0x00, 0x00, 0x00, 0x00, 0x00, 0x00, 0x00, 0x00, 0x00, 0x00, 0x00, 0x00,
    0x00, 0x00, 0x00, 0x00, 0x00, 0x00, 0x00, 0x00, 0x00, 0x00, 0x00, 0x00, 0x00, 0x00, 0x00, 0x00,
    0x00, 0x00, 0x00, 0x00, 0x00, 0x00, 0x00, 0x00, 0x00, 0x00, 0x00, 0x00, 0x00, 0x00, 0x00, 0xc0,
    0x00, 0x00, 0x00, 0x00, 0x00, 0x00, 0x00, 0x00, 0x00, 0x00, 0x00, 0x00, 0x00, 0x00, 0x00, 0x00,
    0x00, 0x03, 0x00, 0x00, 0x00, 0xc0, 0x03, 0x00, 0x00, 0x00, 0x00, 0x00, 0x00, 0xc0, 0x00, 0x00,
    0x00, 0x00, 0x00, 0x00, 0x00, 0x00, 0x00, 0x0c, 0x00, 0x00, 0x00, 0x00, 0x00, 0x00, 0x00, 0x00,
    0x00, 0x00, 0x00, 0x00, 0x00, 0x00, 0x00, 0x00, 0x00, 0x00, 0x03, 0x03, 0x1c, 0x48, 0xc8, 0xcc,
    0x83, 0x06, 0x0c, 0x13, 0x04, 0x42, 0x12, 0x00, 0x00, 0x00, 0x00, 0x30, 0x00, 0x00, 0x00, 0x00,
    0x00, 0x00, 0x00, 0x00, 0x00, 0x00, 0x00, 0x00, 0x00, 0x03, 0x00, 0x00, 0x00, 0x00, 0x00, 0x00,
    0x00, 0x00, 0x00, 0x00, 0x00, 0x00, 0x00, 0x00, 0x00, 0x00, 0x00, 0x00, 0x00, 0x00, 0x00, 0x00,
    0x00, 0x00, 0x00, 0x00, 0x00, 0x00, 0x00, 0x00, 0x00, 0x00, 0x00, 0x00, 0x00, 0x00, 0x00, 0x00,
    0x00, 0x00, 0x00, 0x00, 0x00, 0x00, 0x00, 0x00, 0x00, 0xc0, 0x00, 0x00, 0x00, 0x00, 0x30, 0x00,
    0x00, 0x03, 0x00, 0x00, 0x0c, 0x00, 0x00, 0x00, 0x00, 0x00, 0x00, 0x00, 0x00, 0xc0, 0x00, 0x00,
    0x00, 0x00, 0x00, 0x00, 0x30, 0x00, 0x00, 0x00, 0x30, 0x00, 0x00, 0x00, 0x0c, 0x03, 0x00, 0x0c,
    0x00, 0x00, 0xc0, 0x04, 0x82, 0xcc, 0x8c, 0x88, 0x31, 0x30, 0xc6, 0x30, 0x88, 0xc8, 0x20, 0x10,
    0xc0, 0x00, 0x00, 0x00, 0x00, 0x00, 0x00, 0x00, 0x00, 0x00, 0x00, 0x00, 0x00, 0x00, 0x00, 0x00,
    0x00, 0x00, 0x00, 0x00, 0x00, 0x00, 0x00, 0x00, 0x00, 0x00, 0x00, 0x00, 0x00, 0x00, 0x00, 0x00,
    0x00, 0x03, 0x00, 0x00, 0x00, 0x00, 0x00, 0x00, 0x00, 0x00, 0x00, 0x00, 0x00, 0x00, 0x00, 0x00,
    0x00, 0x00, 0x00, 0x00, 0x00, 0x00, 0x00, 0x00, 0x00, 0x00, 0x00, 0x00, 0x00, 0x00, 0x00, 0x00,
    0x00, 0x00, 0x00, 0x00, 0x30, 0x00, 0x00, 0x00, 0x00, 0xc0, 0x00, 0x00, 0xc0, 0x00, 0x00, 0x00,
    0x00, 0x30, 0x00, 0x00, 0xc0, 0x00, 0x00, 0x00, 0x00, 0x03, 0x00, 0x0c, 0x00, 0x00, 0x30, 0x00,
    0x00, 0x00, 0x00, 0x00, 0x00, 0x00, 0x00, 0x00, 0x00, 0x0c, 0x00, 0x32, 0x30, 0x48, 0xc7, 0x33,
    0x18, 0x88, 0x48, 0x22, 0x10, 0x01, 0x00, 0x00, 0x00, 0x00, 0x00, 0x00, 0x00, 0xc0, 0x00, 0x00,
    0x00, 0x00, 0x00, 0x00, 0x00, 0x00, 0x00, 0x00, 0x00, 0x00, 0x00, 0x00, 0x00, 0x00, 0x00, 0x00,
    0x00, 0x00, 0x00, 0x00, 0x00, 0x00, 0x00, 0x00, 0x00, 0x00, 0x00, 0x00, 0x00, 0x00, 0x00, 0x00,
    0x00, 0x00, 0x00, 0x00, 0x00, 0x00, 0x00, 0x00, 0x00, 0x00, 0x00, 0x00, 0x00, 0x00, 0x00, 0x00,
    0x00, 0x00, 0x00, 0x00, 0x00, 0x00, 0x00, 0x00, 0x00, 0x00, 0x00, 0x00, 0x00, 0x00, 0x00, 0x00,
    0x30, 0x00, 0x00, 0x00, 0x00, 0x00, 0x00, 0x00, 0xc0, 0x00, 0x00, 0x0c, 0x00, 0x00, 0x03, 0x00,
    0x00, 0x00, 0x00, 0xc0, 0x00, 0x00, 0x00, 0x00, 0x00, 0x00, 0x00, 0x00, 0x00, 0x00, 0x00, 0x00,
    0x00, 0x00, 0x01, 0x13, 0x1b, 0x31, 0x22, 0x1c, 0x8c, 0x0c, 0x8c, 0xc4, 0xcc, 0x92, 0x08, 0x00,
    0x00, 0x30, 0x30, 0x00, 0x30, 0x00, 0x00, 0x00, 0x00, 0x00, 0x00, 0x00, 0x00, 0x00, 0x00, 0x00,
    0x00, 0x00, 0x00, 0x00, 0x00, 0x00, 0x00, 0x00, 0x00, 0x00, 0x00, 0x00, 0x00, 0x00, 0x00, 0x00,
    0x00, 0x00, 0x00, 0x00, 0x00, 0x00, 0x00, 0x00, 0x00, 0x00, 0x00, 0x00, 0x00, 0x00, 0x00, 0x00,
    0x00, 0x00, 0x00, 0x00, 0x00, 0x00, 0x00, 0x00, 0x00, 0x00, 0x00, 0x00, 0x00, 0x00, 0x00, 0x00,
    0x00, 0x00, 0x00, 0x0c, 0x00, 0x00, 0x00, 0x00, 0x00, 0x00, 0x00, 0x00, 0x00, 0x00, 0x00, 0x0c,
    0x00, 0x00, 0x00, 0x00, 0x00, 0x00, 0x00, 0x00, 0x00, 0x00, 0x00, 0x00, 0x00, 0x00, 0x00, 0x00,
    0x00, 0x00, 0x00, 0x0c, 0x00, 0x00, 0x00, 0x00, 0x03, 0x00, 0x0c, 0xc8, 0x42, 0x08, 0xcc, 0xc8,
    0xc8, 0xc4, 0x20, 0x22, 0x08, 0x20, 0x00, 0x40, 0x03, 0x00, 0x00, 0x00, 0x00, 0x00, 0x00, 0x00,
    0x00, 0x00, 0x00, 0x00, 0x00, 0x00, 0x00, 0x00, 0x00, 0x00, 0x00, 0x00, 0x00, 0x00, 0x00, 0x00,
    0x00, 0x00, 0x00, 0x00, 0x00, 0x00, 0x00, 0x00, 0x00, 0x00, 0x00, 0x00, 0x00, 0x00, 0x00, 0x00,
    0x00, 0x00, 0x00, 0x00, 0x00, 0x00, 0x00, 0x00, 0x00, 0x00, 0x00, 0x00, 0x00, 0x00, 0x00, 0x00,
    0x00, 0x00, 0x00, 0x00, 0x00, 0x00, 0x00, 0x00, 0x00, 0x00, 0x00, 0x00, 0x00, 0x00, 0x00, 0x00,
    0x00, 0x00, 0x00, 0x00, 0x00, 0x00, 0x03, 0x00, 0x00, 0x00, 0x03, 0x00, 0x00, 0x00, 0x00, 0x00,
    0x00, 0x00, 0x00, 0x00, 0x00, 0x03, 0x00, 0x00, 0x00, 0x00, 0x00, 0x00, 0x00, 0x00, 0x00, 0xc0,
    0x30, 0x30, 0xc4, 0x83, 0x33, 0x32, 0x22, 0x33, 0x63, 0x22, 0x0c, 0x8c, 0x21, 0x0c, 0x84, 0x0c,
    0x00, 0x00, 0x00, 0x0c, 0x00, 0x00, 0x00, 0x00, 0x00, 0x00, 0x00, 0x00, 0x00, 0x00, 0x00, 0x00,
    0x00, 0x00, 0x00, 0x00, 0x00, 0x00, 0x00, 0x00, 0x00, 0x00, 0x00, 0x00, 0x00, 0x00, 0x00, 0x00,
    0x00, 0x00, 0x00, 0x00, 0x00, 0x00, 0x00, 0x00, 0x00, 0x00, 0x00, 0x00, 0x00, 0x00, 0x30, 0x00,
    0x00, 0x00, 0x00, 0x03, 0x00, 0x00, 0x00, 0x00, 0x00, 0x00, 0x00, 0x00, 0x00, 0x00, 0x00, 0x00,
    0x00, 0x00, 0x00, 0x00, 0x00, 0x03, 0x00, 0x0c, 0x00, 0x00, 0x00, 0x30, 0x00, 0x00, 0x30, 0x00,
    0x00, 0x00, 0x00, 0x00, 0x00, 0x00, 0x00, 0x00, 0x00, 0xc0, 0x00, 0x00, 0x00, 0x00, 0x00, 0x00,
    0x00, 0x03, 0x03, 0x00, 0x00, 0x00, 0x00, 0x00, 0x03, 0x04, 0x48, 0x32, 0x22, 0x18, 0xcc, 0x62,
    0x32, 0x4c, 0xc4, 0x42, 0x0c, 0x80, 0x00, 0x00, 0x30, 0x00, 0x00, 0x00, 0x00, 0x00, 0x00, 0x00,
    0x00, 0x00, 0x00, 0x00, 0x00, 0x00, 0x00, 0x00, 0x00, 0x00, 0x00, 0x00, 0x00, 0x00, 0x00, 0x00,
    0x00, 0x30, 0x00, 0x00, 0x00, 0x00, 0x00, 0x00, 0x00, 0x00, 0x00, 0x00, 0x00, 0x00, 0x00, 0x00,
    0x00, 0x00, 0x00, 0x00, 0x00, 0x00, 0x00, 0x00, 0x00, 0x00, 0x00, 0x00, 0x00, 0x00, 0x00, 0x00,
    0x00, 0x00, 0x00, 0x00, 0x00, 0x00, 0x00, 0x00, 0x00, 0xc0, 0xc0, 0xc0, 0x00, 0x00, 0x00, 0xc0,
    0x00, 0x00, 0x03, 0x00, 0x00, 0x00, 0x00, 0x00, 0x00, 0x00, 0x00, 0x00, 0x00, 0x00, 0xc0, 0x00,
    0x00, 0x00, 0x00, 0x00, 0x00, 0x00, 0x00, 0x03, 0x00, 0x30, 0x00, 0x00, 0x00, 0x00, 0x00, 0x00,
    0x30, 0x4c, 0x8c, 0x84, 0x8c, 0xcc, 0x47, 0x33, 0x23, 0x31, 0x22, 0x30, 0xc0, 0x12, 0x0c, 0xc2,
    0x00, 0x00, 0x00, 0x00, 0x00, 0x00, 0x00, 0x00, 0x00, 0x00, 0x00, 0x00, 0x00, 0x00, 0x00, 0x00,
    0x00, 0x00, 0x00, 0x00, 0x00, 0x00, 0x00, 0x00, 0x00, 0x00, 0x00, 0x00, 0x00, 0x00, 0x00, 0x00,
    0x00, 0x00, 0x00, 0x00, 0x00, 0x00, 0x00, 0x00, 0x00, 0x00, 0x00, 0x00, 0x00, 0x00, 0x00, 0x00,
    0x00, 0x00, 0x00, 0x00, 0x00, 0x0c, 0x00, 0x00, 0x00, 0x00, 0x00, 0x00, 0x00, 0x00, 0x30, 0x00,
    0x00, 0x00, 0x00, 0x00, 0x00, 0xc0, 0x00, 0x00, 0x00, 0x00, 0x00, 0x00, 0x00, 0x0c, 0x00, 0x00,
    0x00, 0x0c, 0x00, 0x00, 0x00, 0x0c, 0x00, 0x00, 0x30, 0x00, 0x00, 0x00, 0x00, 0x00, 0x00, 0x00,
    0x00, 0x00, 0x00, 0x00, 0x00, 0x30, 0x30, 0x03, 0x01, 0xc8, 0xc4, 0xc8, 0xd1, 0x86, 0x32, 0x21,
    0xcc, 0x9b, 0x08, 0x08, 0x48, 0x40, 0x00, 0x04, 0x04, 0x80, 0x0c, 0x00, 0x00, 0xc0, 0x30, 0x00,
    0x00, 0x00, 0x00, 0x00, 0x00, 0x00, 0x00, 0x00, 0x00, 0x00, 0x00, 0x00, 0x00, 0x00, 0x00, 0x00,
    0x00, 0x00, 0x00, 0x00, 0x00, 0x00, 0x00, 0x00, 0x00, 0x00, 0x00, 0x00, 0x00, 0x00, 0x00, 0x00,
    0x00, 0x00, 0x00, 0x00, 0x00, 0x00, 0x00, 0x00, 0x00, 0x00, 0x00, 0x00, 0x00, 0x00, 0x00, 0x00,
    0x00, 0x00, 0x00, 0x00, 0x00, 0x00, 0x00, 0x00, 0x00, 0x00, 0x00, 0x00, 0x00, 0x00, 0x00, 0x00,
    0x00, 0x0c, 0x00, 0x00, 0x03, 0x00, 0x00, 0x00, 0x00, 0x00, 0x00, 0x00, 0x00, 0xc0, 0x00, 0x03,
    0x00, 0x00, 0x0c, 0x00, 0x00, 0x00, 0x00, 0x00, 0x00, 0x00, 0x00, 0x00, 0x00, 0x00, 0x00, 0x00,
    0x00, 0x21, 0x22, 0x1c, 0x4c, 0xcc, 0xc8, 0xcc, 0x86, 0x30, 0xb3, 0x10, 0x80, 0x20, 0x46, 0x08,
    0x20, 0x10, 0x00, 0x00, 0x30, 0x00, 0x00, 0x00, 0x00, 0x00, 0x00, 0x00, 0x00, 0x00, 0x00, 0x00,
    0x00, 0x00, 0x00, 0x00, 0x00, 0x00, 0x00, 0x00, 0xc0, 0x00, 0x00, 0x00, 0x00, 0x00, 0x00, 0x00,
    0x00, 0x00, 0x00, 0x00, 0x00, 0x00, 0x00, 0x00, 0x00, 0x00, 0x00, 0x00, 0x00, 0x00, 0x00, 0x00,
    0x00, 0x00, 0x00, 0x00, 0x00, 0x00, 0x00, 0x00, 0x00, 0x00, 0x00, 0x00, 0x00, 0x00, 0x00, 0x00,
    0x00, 0x00, 0x00, 0x00, 0x00, 0x00, 0x00, 0x00, 0x00, 0xc0, 0x00, 0x00, 0x00, 0x00, 0x00, 0x00,
    0x00, 0x00, 0x00, 0x00, 0x0c, 0x00, 0x00, 0x00, 0x00, 0x00, 0x00, 0x00, 0x03, 0x00, 0x00, 0xc0,
    0x00, 0x00, 0x00, 0x00, 0x00, 0x00, 0x00, 0x30, 0x03, 0x0e, 0x33, 0x22, 0x32, 0x22, 0x23, 0x24,
    0xdc, 0xc9, 0x11, 0x20, 0x12, 0x02, 0x00, 0x43, 0x03, 0x0c, 0x00, 0x0c, 0x00, 0x00, 0x00, 0x00,
    0x00, 0x00, 0x00, 0x00, 0x00, 0x00, 0x00, 0x00, 0x00, 0x00, 0x00, 0x00, 0x00, 0x00, 0x00, 0x00,
    0x00, 0x00, 0x00, 0x00, 0xc0, 0x00, 0x00, 0x00, 0x00, 0x00, 0x00, 0x00, 0x00, 0x00, 0x00, 0xc0,
    0x00, 0x00, 0x00, 0x00, 0x00, 0x00, 0x00, 0x00, 0x00, 0x00, 0x00, 0x00, 0x00, 0x00, 0x00, 0x00,
    0x00, 0x00, 0x00, 0x30, 0x00, 0xc0, 0x00, 0x00, 0x00, 0x00, 0x00, 0x00, 0x30, 0x00, 0x00, 0x00,
    0x00, 0x00, 0x00, 0x00, 0x00, 0x00, 0x00, 0x00, 0x03, 0x00, 0x03, 0x00, 0xc0, 0x00, 0x00, 0x00,
    0x00, 0x00, 0x00, 0x00, 0xc0, 0x00, 0x0c, 0x00, 0x00, 0x00, 0x00, 0x00, 0x00, 0x00, 0x03, 0x00,
    0x30, 0x04, 0xc4, 0x8c, 0x88, 0xc7, 0x31, 0x8c, 0x82, 0x13, 0x32, 0x0c, 0x80, 0x40, 0x20, 0xc0,
    0x44, 0x00, 0x00, 0x00, 0x00, 0x00, 0x00, 0x00, 0x00, 0x00, 0x00, 0x00, 0x00, 0x00, 0x00, 0x00,
    0x00, 0x00, 0x00, 0x00, 0x00, 0x00, 0x00, 0x00, 0x00, 0x00, 0x00, 0x00, 0x00, 0x00, 0x00, 0x00,
    0x00, 0x00, 0x00, 0x00, 0x00, 0x00, 0x00, 0x00, 0x00, 0x00, 0x03, 0x00, 0x00, 0x00, 0x00, 0x00,
    0x00, 0x00, 0x00, 0x00, 0x00, 0x00, 0x00, 0x00, 0x00, 0x00, 0x00, 0x00, 0x00, 0x00, 0x00, 0x00,
    0x00, 0x0c, 0x00, 0x03, 0x00, 0x00, 0x30, 0x00, 0x0c, 0x00, 0x00, 0x00, 0xc0, 0x00, 0x00, 0x00,
    0x30, 0x00, 0x00, 0x00, 0x00, 0x00, 0x00, 0x00, 0x00, 0x00, 0x00, 0x00, 0x00, 0x00, 0xc0, 0x00,
    0x00, 0x00, 0x00, 0x00, 0x0c, 0x03, 0x00, 0x03, 0x00, 0x0c, 0x9c, 0xc4, 0xcc, 0x70, 0x8c, 0xc8,
    0xdc, 0xb2, 0x22, 0x21, 0x08, 0x31, 0x00, 0x22, 0x32, 0x20, 0x00, 0x00, 0x00, 0x00, 0x00, 0x00,
    0x00, 0x00, 0x00, 0x00, 0x00, 0x00, 0x00, 0x00, 0x00, 0x0c, 0x00, 0x00, 0x00, 0x00, 0x00, 0x00,
    0x00, 0x00, 0x00, 0x00, 0x00, 0x00, 0x00, 0x00, 0x00, 0x00, 0x00, 0x00, 0x00, 0x00, 0x00, 0x00,
    0x00, 0x00, 0x00, 0x00, 0x00, 0x00, 0x00, 0x00, 0x00, 0x00, 0x00, 0x00, 0x00, 0x00, 0x00, 0x00,
    0x00, 0x00, 0x0c, 0x00, 0x00, 0x00, 0x00, 0x00, 0x00, 0xc0, 0x03, 0x00, 0x00, 0x00, 0x00, 0x0c,
    0x00, 0x00, 0x00, 0xc0, 0x00, 0x00, 0x00, 0x0c, 0x00, 0x00, 0x00, 0x00, 0x00, 0x00, 0x00, 0x00,
    0x00, 0x00, 0x00, 0x00, 0x00, 0x00, 0x00, 0x00, 0x03, 0x00, 0x00, 0x00, 0x00, 0x30, 0x00, 0x30,
    0x00, 0xc0, 0x32, 0x23, 0x16, 0x23, 0x34, 0x8d, 0x22, 0x08, 0xc4, 0xc0, 0x81, 0x00, 0x84, 0x13,
    0x00, 0x10, 0x00, 0xc0, 0x00, 0x00, 0x00, 0x00, 0x00, 0x00, 0x00, 0x00, 0x00, 0x00, 0x00, 0x00,
    0x00, 0x00, 0x00, 0x00, 0x00, 0x00, 0x00, 0x00, 0x00, 0x00, 0x00, 0x00, 0x00, 0x00, 0x00, 0x00,
    0x00, 0x00, 0x00, 0x00, 0x00, 0x00, 0x00, 0x00, 0x00, 0x00, 0x00, 0x00, 0x00, 0x00, 0x00, 0x00,
    0x00, 0x00, 0x00, 0x00, 0x00, 0x00, 0x00, 0x00, 0x00, 0x00, 0x00, 0x00, 0x00, 0x00, 0x00, 0x00,
    0x00, 0x00, 0x00, 0x00, 0x00, 0x03, 0x00, 0x00, 0x00, 0x00, 0x00, 0x00, 0x00, 0x00, 0x03, 0x00,
    0x00, 0x00, 0x00, 0x00, 0x00, 0x00, 0x00, 0x0c, 0x00, 0x03, 0x00, 0x00, 0x00, 0x00, 0x00, 0x00,
    0x00, 0x00, 0x00, 0x0c, 0x00, 0x00, 0x30, 0x00, 0x30, 0x00, 0x08, 0xd8, 0x8c, 0xcc, 0x4b, 0x32,
    0x33, 0x72, 0x22, 0x18, 0x12, 0x20, 0x02, 0x08, 0x60, 0x00, 0x00, 0x00, 0x00, 0xc0, 0x00, 0x00,
    0x00, 0x00, 0x00, 0x00, 0x00, 0x00, 0x00, 0x00, 0x00, 0x00, 0x00, 0x00, 0x00, 0x00, 0x00, 0x00,
    0x00, 0x00, 0x00, 0x00, 0x00, 0x00, 0x00, 0x00, 0x00, 0x00, 0x00, 0x00, 0x00, 0x00, 0x00, 0x00,
    0x00, 0x00, 0x00, 0x00, 0x00, 0x00, 0x0c, 0x00, 0xc0, 0x00, 0x00, 0x0c, 0x00, 0x00, 0x00, 0x00,
    0x00, 0x00, 0x00, 0x00, 0x00, 0x00, 0x00, 0x00, 0x00, 0x00, 0x00, 0x00, 0x00, 0x00, 0x00, 0x00,
    0x00, 0x00, 0x00, 0x00, 0x00, 0x03, 0x00, 0x00, 0x00, 0x00, 0x30, 0x00, 0x00, 0x00, 0x00, 0xc0,
    0x00, 0x00, 0x00, 0x30, 0x00, 0x00, 0x00, 0x00, 0x00, 0x00, 0x30, 0x00, 0x0c, 0x00, 0x03, 0x03,
    0x00, 0x0c, 0x0c, 0x4c, 0xc8, 0x62, 0xc4, 0x87, 0x22, 0x21, 0x31, 0x02, 0x20, 0x04, 0x40, 0x12,
    0x1c, 0x40, 0x00, 0x00, 0x0c, 0x00, 0x00, 0x00, 0x00, 0x00, 0x00, 0x00, 0x00, 0x00, 0x00, 0x00,
    0x00, 0x00, 0x00, 0x00, 0x00, 0x00, 0x00, 0x00, 0x00, 0x00, 0x00, 0x00, 0x00, 0x00, 0x00, 0x00,
    0x00, 0x00, 0x00, 0x00, 0x00, 0x00, 0x00, 0x00, 0x00, 0x00, 0x00, 0x00, 0x00, 0x00, 0x00, 0x00,
    0x00, 0x00, 0x00, 0x00, 0x00, 0x00, 0x00, 0x00, 0x00, 0x00, 0x00, 0x00, 0x00, 0x00, 0x00, 0x00,
    0x00, 0x00, 0x00, 0x00, 0x00, 0x00, 0x00, 0x00, 0x00, 0x00, 0x0c, 0x00, 0x00, 0x30, 0x00, 0x00,
    0x00, 0x00, 0x00, 0x00, 0x00, 0x00, 0x00, 0x00, 0x00, 0x00, 0x00, 0x00, 0x00, 0x00, 0x00, 0x00,
    0x00, 0x00, 0x00, 0x00, 0x00, 0x0c, 0x30, 0x00, 0x03, 0x00, 0x00, 0xc9, 0x23, 0x31, 0x33, 0x32,
    0x34, 0xcc, 0x86, 0x21, 0x04, 0x40, 0x21, 0x00, 0xc2, 0x30, 0x00, 0x00, 0xc0, 0x00, 0x00, 0x00,
    0x00, 0x00, 0x00, 0x00, 0x00, 0x00, 0x00, 0x00, 0x00, 0x00, 0x00, 0x00, 0x00, 0x00, 0x00, 0x00,
    0x00, 0x00, 0x00, 0x00, 0x00, 0x00, 0x00, 0x00, 0x00, 0x00, 0x00, 0x00, 0x00, 0x00, 0x00, 0x00,
    0x00, 0x00, 0x00, 0x00, 0x00, 0x00, 0x00, 0x00, 0x00, 0x00, 0x03, 0x00, 0x00, 0x00, 0x00, 0x00,
    0x00, 0x00, 0x00, 0x00, 0x00, 0x00, 0x00, 0x00, 0x00, 0x00, 0x00, 0x00, 0x00, 0xc0, 0x00, 0x00,
    0x00, 0x00, 0xc0, 0x00, 0x00, 0x00, 0x00, 0x00, 0x00, 0x00, 0x00, 0x03, 0x00, 0x00, 0x00, 0x00,
    0x00, 0x00, 0x00, 0x00, 0x00, 0x00, 0x00, 0x00, 0x00, 0x00, 0x00, 0x03, 0x00, 0xc0, 0x00, 0xc0,
    0xc0, 0x03, 0x00, 0x1c, 0xcc, 0x8c, 0x88, 0x93, 0x4c, 0x86, 0x30, 0xc4, 0xc2, 0x08, 0x00, 0x88,
    0x62, 0x00, 0x00, 0x00, 0x00, 0x00, 0x00, 0x00, 0x00, 0x30, 0x00, 0x00, 0x00, 0x00, 0x00, 0x00,
    0x00, 0x00, 0x00, 0x00, 0x00, 0x00, 0x00, 0x00, 0x00, 0x00, 0x00, 0x00, 0x00, 0x00, 0x00, 0x00,
    0x00, 0x00, 0x00, 0x00, 0x00, 0x00, 0x00, 0x00, 0x00, 0x00, 0x00, 0x00, 0x00, 0x0c, 0x00, 0x00,
    0x00, 0x00, 0x30, 0x00, 0x00, 0x00, 0x00, 0x00, 0x30, 0x03, 0x00, 0x00, 0x00, 0x00, 0x00, 0x00,
    0x00, 0x00, 0x30, 0x03, 0x00, 0x00, 0x00, 0x30, 0x00, 0x0c, 0x00, 0x00, 0x0c, 0x00, 0x00, 0x00,
    0x00, 0x00, 0x00, 0x00, 0x00, 0x00, 0x30, 0x00, 0x00, 0xc0, 0x00, 0x00, 0x00, 0x30, 0x00, 0x00,
    0x30, 0x00, 0x00, 0xc0, 0x0c, 0x00, 0xc0, 0x30, 0x00, 0xc0, 0x30, 0x02, 0x24, 0xc6, 0x33, 0x32,
    0x22, 0x31, 0x18, 0x48, 0x10, 0x02, 0x10, 0x00, 0x21, 0x00, 0x00, 0x00, 0x00, 0x00, 0x03, 0x00,
    0x00, 0x00, 0x00, 0x00, 0x00, 0x00, 0x00, 0x00, 0x00, 0x00, 0x00, 0x00, 0x00, 0x00, 0x00, 0x00,
    0x00, 0x00, 0x00, 0x00, 0x00, 0x00, 0x00, 0x00, 0x00, 0x00, 0x00, 0x00, 0x00, 0x00, 0x00, 0x00,
    0x00, 0x00, 0x00, 0x00, 0x00, 0x00, 0x00, 0x00, 0x00, 0x00, 0x00, 0x00, 0x00, 0x00, 0x00, 0x00,
    0x00, 0x00, 0x00, 0x00, 0x00, 0x00, 0x00, 0x00, 0x00, 0xc0, 0x00, 0x00, 0x00, 0x00, 0x03, 0x00,
    0x0c, 0x00, 0x00, 0x00, 0x00, 0x00, 0x00, 0x00, 0x00, 0x03, 0x00, 0x00, 0x00, 0x30, 0x00, 0x00,
    0x00, 0x00, 0x00, 0x00, 0x03, 0x00, 0x00, 0x03, 0x00, 0x03, 0x00, 0x00, 0x00, 0x0c, 0x0c, 0x03,
    0x0c, 0x03, 0x03, 0x00, 0xcd, 0x23, 0x18, 0x63, 0x31, 0x23, 0x20, 0x81, 0x22, 0x30, 0x08, 0x12,
    0x13, 0x00, 0x00, 0x30, 0x00, 0x00, 0x00, 0x00, 0x00, 0x00, 0x00, 0x00, 0x00, 0x00, 0x00, 0x00,
    0x00, 0x00, 0x00, 0x00, 0x00, 0x00, 0x00, 0x00, 0x00, 0x00, 0x00, 0x00, 0x00, 0x00, 0x00, 0x00,
    0x00, 0x00, 0x00, 0x00, 0x00, 0x00, 0x00, 0x00, 0x00, 0x00, 0x00, 0x00, 0x00, 0x00, 0x00, 0x00,
    0x00, 0x00, 0x00, 0x00, 0x00, 0x0c, 0x00, 0x30, 0x00, 0x00, 0x00, 0x00, 0x00, 0x00, 0x00, 0x00,
    0x00, 0x00, 0x00, 0x00, 0x00, 0x00, 0x00, 0x00, 0x00, 0x00, 0x00, 0x00, 0x00, 0x00, 0x00, 0x00,
    0x00, 0xc0, 0x00, 0x00, 0x00, 0x00, 0x00, 0x00, 0x00, 0x00, 0x0c, 0x00, 0x30, 0x00, 0x03, 0x00,
    0x00, 0x00, 0x00, 0x0c, 0x00, 0xc0, 0x00, 0xc0, 0x00, 0x30, 0x00, 0x30, 0x06, 0x31, 0x8c, 0x84,
    0x88, 0xc4, 0x84, 0x22, 0x00, 0x41, 0x00, 0x80, 0x30, 0x00, 0x03, 0x00, 0x00, 0x00, 0x00, 0x00,
    0x00, 0x00, 0x00, 0x00, 0x00, 0x00, 0x00, 0x00, 0x00, 0x00, 0x00, 0x00, 0x00, 0x00, 0x00, 0x00,
    0x00, 0x00, 0x00, 0x00, 0x00, 0x00, 0x00, 0x00, 0x00, 0x00, 0x00, 0x00, 0x00, 0x00, 0x00, 0x00,
    0x00, 0x00, 0x00, 0x00, 0x00, 0x00, 0x00, 0x00, 0x00, 0x00, 0x00, 0x00, 0x00, 0x00, 0x00, 0x00,
    0x00, 0x00, 0x00, 0x00, 0x00, 0x00, 0x00, 0x00, 0x00, 0x00, 0x00, 0x00, 0x00, 0x00, 0xc0, 0x00,
    0x00, 0x00, 0x00, 0x03, 0x00, 0x00, 0x00, 0x30, 0x0c, 0x00, 0x00, 0x30, 0x00, 0x00, 0x00, 0x00,
    0x00, 0x00, 0x00, 0x00, 0x00, 0x00, 0x00, 0x00, 0x00, 0x00, 0x0c, 0x00, 0x30, 0x00, 0xc0, 0x0c,
    0xc3, 0x00, 0x30, 0x00, 0x33, 0x18, 0xc4, 0xcc, 0x87, 0x18, 0x4c, 0x84, 0xc4, 0x20, 0x84, 0x04,
    0x84, 0x00, 0x00, 0x00, 0x00, 0x30, 0x00, 0x00, 0x00, 0x00, 0x00, 0x00, 0x00, 0x00, 0x00, 0x00,
    0x00, 0x00, 0x00, 0x00, 0x00, 0x00, 0x00, 0x00, 0x00, 0x00, 0x00, 0x00, 0x00, 0x00, 0x00, 0x00,
    0x00, 0x00, 0x00, 0x00, 0x00, 0x00, 0x03, 0x00, 0x00, 0x00, 0x00, 0x00, 0x00, 0x00, 0x00, 0x00,
    0x00, 0x00, 0x00, 0x00, 0x00, 0x00, 0x00, 0x00, 0x00, 0x00, 0x00, 0x00, 0x00, 0x00, 0x00, 0x00,
    0x00, 0x00, 0x00, 0xc0, 0x03, 0x00, 0x00, 0x00, 0x00, 0x00, 0x00, 0x00, 0x00, 0x00, 0x03, 0x00,
    0x00, 0x00, 0x00, 0x00, 0x00, 0x00, 0x00, 0x00, 0x00, 0x00, 0x00, 0x00, 0x00, 0x00, 0x00, 0x00,
    0x00, 0x00, 0xc0, 0x03, 0x00, 0x30, 0x0c, 0x00, 0x00, 0x03, 0x03, 0x0c, 0x00, 0x8c, 0x22, 0x22,
    0x31, 0x22, 0x21, 0x10, 0x22, 0x00, 0x00, 0x80, 0x40, 0x00, 0x00, 0x00, 0x00, 0x00, 0x00, 0x00,
    0x00, 0x00, 0x00, 0x00, 0x00, 0x00, 0x00, 0x00, 0x00, 0x00, 0x00, 0x00, 0x00, 0x00, 0x00, 0x00,
    0x00, 0x00, 0x00, 0x00, 0x00, 0x00, 0x00, 0x00, 0x00, 0x00, 0x00, 0x00, 0x00, 0x00, 0x00, 0x00,
    0x00, 0x00, 0x00, 0x00, 0x00, 0x00, 0x00, 0x00, 0x00, 0x00, 0x00, 0x00, 0x00, 0x00, 0x00, 0x00,
    0x00, 0x00, 0x00, 0x00, 0x00, 0x00, 0x00, 0x00, 0x00, 0x00, 0xc0, 0x00, 0x30, 0x00, 0x00, 0x00,
    0x00, 0x00, 0x00, 0x00, 0x00, 0x00, 0xc0, 0x00, 0x00, 0x00, 0x00, 0x00, 0x0c, 0x00, 0x00, 0x00,
    0xc0, 0x00, 0x00, 0x00, 0x00, 0x00, 0x00, 0x00, 0x00, 0x0c, 0x00, 0xc0, 0x03, 0x00, 0xc0, 0xc0,
    0xcc, 0xc0, 0x00, 0x00, 0x00, 0x32, 0x31, 0x31, 0x18, 0x83, 0x08, 0x8c, 0x40, 0x48, 0x48, 0x0c,
    0x80, 0x00, 0x00, 0x00, 0x00, 0x00, 0x00, 0x00, 0x00, 0x00, 0x00, 0x00, 0x00, 0x00, 0x00, 0x00,
    0x00, 0x00, 0x00, 0x00, 0x00, 0x00, 0x00, 0x00, 0x00, 0x00, 0x00, 0x00, 0x00, 0x00, 0x00, 0x00,
    0x00, 0x00, 0x00, 0x00, 0x00, 0x00, 0x00, 0x00, 0x00, 0x00, 0x0c, 0x00, 0x00, 0x00, 0x00, 0x00,
    0x00, 0x00, 0x00, 0x00, 0x00, 0x00, 0x00, 0x00, 0x00, 0x00, 0x00, 0x00, 0x00, 0x00, 0x00, 0x00,
    0x00, 0x0c, 0x00, 0x00, 0x00, 0x00, 0x00, 0x00, 0x00, 0x00, 0x00, 0x00, 0x00, 0x30, 0x00, 0x00,
    0x00, 0x00, 0x00, 0x00, 0x00, 0x00, 0x00, 0x00, 0x00, 0x0c, 0x00, 0x0c, 0x00, 0x00, 0x00, 0x00,
    0x00, 0x00, 0x00, 0x00, 0x30, 0x0c, 0x00, 0x0c, 0x00, 0x0c, 0x30, 0xc3, 0x33, 0x04, 0xc8, 0xc7,
    0x23, 0x21, 0x10, 0x12, 0x21, 0x20, 0x00, 0x41, 0x00, 0x00, 0x00, 0x00, 0x00, 0x00, 0x00, 0x00,
    0x00, 0x00, 0x00, 0x00, 0x00, 0xc0, 0x00, 0x00, 0x00, 0x00, 0x00, 0x00, 0x00, 0x00, 0x00, 0x00,
    0x00, 0x00, 0x00, 0x00, 0x00, 0x00, 0x00, 0x00, 0x00, 0x00, 0x00, 0x00, 0x00, 0x00, 0x00, 0x00,
    0x00, 0x00, 0x00, 0x00, 0x00, 0x00, 0x00, 0x00, 0x00, 0x00, 0x00, 0x00, 0x00, 0x00, 0x00, 0x00,
    0x00, 0x00, 0x00, 0x00, 0x00, 0x00, 0x00, 0x00, 0x00, 0xc0, 0x00, 0x00, 0x00, 0x00, 0x00, 0x03,
    0x03, 0x03, 0x03, 0x00, 0x00, 0x00, 0x00, 0x00, 0x00, 0x00, 0x00, 0x00, 0x00, 0x00, 0x30, 0x00,
    0x00, 0x00, 0x00, 0x00, 0x00, 0x00, 0x00, 0x00, 0x00, 0x00, 0x30, 0x30, 0x00, 0x00, 0x0c, 0x00,
    0x03, 0x00, 0x00, 0x00, 0x00, 0x02, 0x13, 0x20, 0x84, 0x48, 0x8d, 0x80, 0x42, 0x01, 0x21, 0x22,
    0x00, 0x00, 0xc0, 0x00, 0x30, 0x00, 0x00, 0x00, 0x00, 0x00, 0x00, 0x00, 0x00, 0x00, 0x00, 0x00,
    0x00, 0x00, 0x00, 0x00, 0x00, 0x00, 0x00, 0x00, 0x00, 0x00, 0x00, 0x00, 0x00, 0x00, 0x00, 0x00,
    0x00, 0x00, 0x00, 0x00, 0x00, 0x00, 0x00, 0x00, 0x00, 0x00, 0x00, 0x00, 0x00, 0x00, 0x00, 0x00,
    0x00, 0x00, 0x00, 0x00, 0x00, 0x00, 0x00, 0x00, 0x00, 0x00, 0x00, 0x00, 0x00, 0x00, 0x00, 0x00,
    0x00, 0x00, 0x00, 0x00, 0x00, 0x00, 0x03, 0x00, 0x00, 0x00, 0x00, 0x00, 0x30, 0x00, 0x00, 0x00,
    0x00, 0x00, 0x03, 0x00, 0x00, 0x03, 0x00, 0x00, 0x00, 0x00, 0x00, 0x00, 0x00, 0x00, 0x30, 0x00,
    0x00, 0xc3, 0x00, 0x03, 0x0c, 0x30, 0xc0, 0xc3, 0x00, 0x33, 0x0c, 0x0c, 0x00, 0x30, 0x31, 0x18,
    0xc8, 0xc4, 0xc0, 0x22, 0x20, 0x48, 0x00, 0x04, 0x00, 0xc0, 0x00, 0x00, 0x00, 0x00, 0x00, 0x00,
    0x00, 0x00, 0x00, 0x00, 0x00, 0x00, 0x00, 0x00, 0x00, 0x0c, 0x00, 0x00, 0x00, 0x00, 0x00, 0x00,
    0x00, 0x30, 0x00, 0xc0, 0x00, 0x00, 0x00, 0x00, 0x00, 0x00, 0x00, 0x00, 0x00, 0x00, 0x00, 0x00,
    0x00, 0x00, 0x00, 0x00, 0x00, 0x00, 0x00, 0x00, 0x00, 0x00, 0x00, 0x00, 0x00, 0x00, 0x00, 0x00,
    0x00, 0x00, 0x00, 0x00, 0x00, 0x00, 0x00, 0x00, 0x00, 0x00, 0x00, 0x03, 0x00, 0x03, 0x00, 0x00,
    0x00, 0x00, 0x00, 0x00, 0x00, 0x00, 0x00, 0x00, 0x00, 0x00, 0x30, 0x00, 0x00, 0x00, 0x00, 0x00,
    0x00, 0x00, 0x00, 0x00, 0x00, 0x03, 0x00, 0x03, 0x00, 0x00, 0x03, 0x00, 0x00, 0x00, 0x00, 0x00,
    0x30, 0x00, 0x00, 0xc0, 0x30, 0x00, 0x00, 0x0c, 0x4c, 0x48, 0x18, 0x84, 0x04, 0x81, 0x22, 0x30,
    0x0c, 0x00, 0x00, 0x01, 0x00, 0x00, 0x00, 0x00, 0x00, 0x00, 0x00, 0x00, 0x00, 0x00, 0x00, 0x00,
    0x00, 0x00, 0x00, 0x00, 0x00, 0x00, 0x00, 0x00, 0x00, 0x00, 0x00, 0x00, 0x00, 0x00, 0x00, 0x00,
    0x00, 0x00, 0x00, 0x00, 0x00, 0x00, 0x00, 0x00, 0x00, 0x00, 0x00, 0x00, 0x00, 0x00, 0x00, 0x03,
    0x00, 0x03, 0x00, 0x00, 0x00, 0x00, 0x00, 0x00, 0x00, 0x00, 0x00, 0x00, 0x00, 0x00, 0x00, 0x00,
    0x00, 0x00, 0x00, 0x00, 0x00, 0x00, 0x00, 0x00, 0x00, 0x00, 0x00, 0x00, 0x00, 0x00, 0x00, 0x00,
    0x0c, 0x03, 0x00, 0x00, 0xc0, 0x00, 0x00, 0x0c, 0x00, 0x00, 0x03, 0x00, 0x00, 0xc0, 0x00, 0x00,
    0x00, 0x00, 0x00, 0x0c, 0x30, 0xc3, 0x0c, 0x30, 0x03, 0x03, 0x30, 0x03, 0x03, 0x0c, 0x0c, 0x00,
    0x86, 0x22, 0x21, 0x08, 0x88, 0x10, 0x81, 0x00, 0x00, 0x00, 0x00, 0x00, 0x00, 0x0c, 0x03, 0x00,
    0x00, 0x00, 0x00, 0x00, 0x00, 0x00, 0x00, 0x00, 0x00, 0x00, 0x00, 0x00, 0x00, 0x00, 0x00, 0x00,
    0x00, 0x00, 0x00, 0x00, 0x00, 0x00, 0x00, 0x00, 0x00, 0x00, 0x00, 0x00, 0x00, 0x00, 0x00, 0x00,
    0x00, 0x00, 0x00, 0x00, 0x00, 0x00, 0x00, 0xc0, 0x00, 0x00, 0x00, 0x00, 0x00, 0x00, 0x00, 0x00,
    0x00, 0x00, 0x00, 0x00, 0x00, 0x00, 0x00, 0x00, 0x00, 0x00, 0x00, 0x30, 0x00, 0x00, 0x00, 0x00,
    0x00, 0x00, 0x00, 0x00, 0x00, 0x00, 0x00, 0x00, 0xc0, 0x00, 0x00, 0x00, 0x00, 0x00, 0x00, 0x00,
    0x03, 0x00, 0x00, 0x00, 0x00, 0x00, 0x00, 0x00, 0x03, 0x0c, 0x30, 0xc0, 0x00, 0x00, 0x00, 0x03,
    0x00, 0x30, 0x03, 0x00, 0x00, 0x00, 0xc0, 0x30, 0x00, 0x31, 0x04, 0x81, 0x10, 0xc8, 0x13, 0x00,
    0x00, 0x00, 0x00, 0x00, 0x00, 0x00, 0x00, 0x00, 0x00, 0x00, 0x00, 0x00, 0x00, 0x00, 0x00, 0x00,
    0x00, 0x00, 0x00, 0x00, 0x00, 0x00, 0x00, 0x00, 0x00, 0x00, 0x00, 0x00, 0x00, 0x00, 0x00, 0x00,
    0x00, 0x00, 0x00, 0x00, 0x00, 0x00, 0x00, 0x00, 0x00, 0x00, 0x00, 0x00, 0x00, 0x00, 0x0c, 0x00,
    0x00, 0x00, 0x00, 0x00, 0x00, 0x00, 0x00, 0x00, 0x00, 0x00, 0x00, 0x00, 0x00, 0x00, 0x00, 0xc0,
    0x00, 0x00, 0x03, 0x00, 0x00, 0xc0, 0x00, 0x00, 0x00, 0x00, 0x00, 0x0c, 0x00, 0x00, 0x30, 0x0c,
    0x00, 0x00, 0x00, 0x00, 0x00, 0x30, 0x00, 0x00, 0x00, 0x00, 0x00, 0x00, 0x30, 0x00, 0x00, 0x00,
    0x00, 0x00, 0x00, 0x03, 0x0c, 0x30, 0xc3, 0x00, 0x30, 0x00, 0x30, 0x30, 0xc0, 0xc0, 0x00, 0x00,
    0x30, 0x00, 0xc3, 0x13, 0x0c, 0x00, 0x00, 0x00, 0x00, 0x00, 0x00, 0x30, 0x00, 0x00, 0x00, 0x00,
    0x00, 0x00, 0x00, 0x00, 0x00, 0x00, 0x00, 0x00, 0x00, 0x00, 0x00, 0x00, 0x00, 0x00, 0x00, 0x00,
    0x00, 0x00, 0x00, 0x00, 0x00, 0x00, 0x00, 0x00, 0x00, 0x00, 0x00, 0x00, 0x00, 0x00, 0x00, 0x00,
    0x00, 0x00, 0x00, 0x00, 0x00, 0x00, 0x00, 0x00, 0x00, 0x00, 0x00, 0x00, 0x00, 0x00, 0x00, 0x00,
    0x00, 0x00, 0x00, 0x00, 0x00, 0x00, 0x00, 0x00, 0x00, 0x00, 0x30, 0x00, 0x00, 0x00, 0x00, 0x03,
    0x00, 0xc0, 0x30, 0x00, 0x00, 0xc0, 0x00, 0x00, 0x00, 0x00, 0x00, 0x00, 0x00, 0x00, 0x00, 0x00,
    0x00, 0x00, 0xc0, 0x00, 0x00, 0x00, 0x00, 0x00, 0x00, 0x00, 0x0c, 0x00, 0x00, 0x00, 0x00, 0x30,
    0x00, 0xc3, 0x00, 0x00, 0x0c, 0x03, 0x0c, 0x0c, 0x03, 0x00, 0x00, 0x00, 0x00, 0x01, 0x00, 0x01,
    0x00, 0x00, 0x00, 0x00, 0x0c, 0x00, 0x00, 0x00, 0x00, 0x00, 0x00, 0x00, 0x00, 0x00, 0x00, 0x00,
    0x00, 0x00, 0x00, 0x00, 0x00, 0x00, 0x00, 0x00, 0x00, 0x00, 0x00, 0x00, 0x00, 0x00, 0x00, 0x00,
    0x00, 0x00, 0x00, 0xc0, 0x00, 0x00, 0x00, 0x00, 0x00, 0x00, 0x00, 0x00, 0x00, 0x00, 0x00, 0x00,
    0x00, 0x00, 0x00, 0x00, 0x00, 0xc0, 0x00, 0x00, 0x00, 0x00, 0x00, 0x00, 0x00, 0x00, 0x00, 0x00,
    0x00, 0xc0, 0x00, 0x00, 0x00, 0x00, 0x0c, 0x00, 0x00, 0x00, 0x00, 0x00, 0x00, 0x00, 0x00, 0x00,
    0x00, 0x00, 0x00, 0x00, 0x00, 0x00, 0x00, 0x00, 0x00, 0x00, 0x00, 0x00, 0x00, 0x00, 0x00, 0x00,
    0xc3, 0x0c, 0x00, 0xc3, 0x03, 0x0c, 0x30, 0x03, 0x0c, 0x00, 0x0c, 0x33, 0x00, 0x00, 0x00, 0xc0,
    0x00, 0x0c, 0x00, 0x00, 0x00, 0x40, 0x00, 0x00, 0x00, 0x00, 0x00, 0x00, 0x00, 0x00, 0x00, 0x00,
    0x00, 0x0c, 0x00, 0x00, 0x00, 0x00, 0x00, 0x00, 0x00, 0x00, 0x00, 0x00, 0x00, 0x00, 0x00, 0x00,
    0x00, 0x00, 0x00, 0x00, 0x00, 0x00, 0x00, 0x00, 0x00, 0x00, 0x00, 0x00, 0x00, 0x00, 0x00, 0x00,
    0x00, 0x00, 0x00, 0x00, 0x00, 0x00, 0x00, 0x00, 0x00, 0x00, 0x00, 0x00, 0x0c, 0x00, 0x00, 0x00,
    0x00, 0x00, 0x00, 0x00, 0x00, 0x00, 0x00, 0x00, 0x00, 0x00, 0x00, 0x00, 0x00, 0x00, 0x00, 0x00,
    0x00, 0x00, 0x00, 0x00, 0x00, 0x00, 0x00, 0x00, 0x00, 0x00, 0x00, 0x00, 0x00, 0x00, 0x00, 0x00,
    0x00, 0x00, 0x00, 0x00, 0x00, 0x00, 0x00, 0x00, 0x00, 0x00, 0xc0, 0x00, 0x30, 0x00, 0x03, 0x00,
    0x00, 0x00, 0xc0, 0x00, 0x0c, 0x30, 0x00, 0x00, 0xc0, 0xc0, 0x30, 0xc3, 0x04, 0x00, 0x0c, 0x00,
    0x00, 0x00, 0x01, 0x00, 0x00, 0x00, 0x00, 0x00, 0x00, 0x00, 0x00, 0x00, 0x00, 0x00, 0x00, 0x00,
    0x00, 0x00, 0x00, 0x00, 0x00, 0x00, 0x00, 0x00, 0x00, 0x00, 0x00, 0x00, 0x00, 0x00, 0x00, 0x00,
    0x00, 0x00, 0x00, 0x00, 0x00, 0x00, 0x30, 0x00, 0x00, 0x00, 0x00, 0x00, 0x00, 0x00, 0x00, 0x00,
    0x00, 0x00, 0x00, 0x00, 0x00, 0x00, 0x00, 0x00, 0x00, 0x00, 0x00, 0x00, 0x00, 0x00, 0x30, 0x00,
    0x00, 0x00, 0x00, 0x00, 0x00, 0x00, 0x00, 0x00, 0x00, 0x00, 0x00, 0x00, 0x00, 0x00, 0x00, 0x00,
    0x00, 0x00, 0x00, 0x03, 0x00, 0x00, 0x03, 0x00, 0x00, 0x00, 0x00, 0x00, 0x00, 0x00, 0x00, 0x30,
    0x00, 0x00, 0x03, 0x0c, 0x00, 0xc3, 0x00, 0x30, 0xc0, 0xc0, 0x03, 0x03, 0x00, 0x03, 0x0c, 0x0c,
    0x00, 0x00, 0x00, 0x00, 0x00, 0x00, 0xc0, 0x00, 0x0c, 0x00, 0x10, 0x03, 0x00, 0x00, 0xc0, 0x00,
    0x00, 0x00, 0x00, 0x00, 0x00, 0x00, 0x00, 0x00, 0x00, 0x00, 0x00, 0x00, 0x00, 0x00, 0x00, 0x00,
    0x00, 0x00, 0x00, 0x00, 0x00, 0x00, 0x00, 0x00, 0x00, 0x00, 0x00, 0x00, 0x00, 0x00, 0x00, 0x00,
    0x00, 0x00, 0x00, 0x00, 0x00, 0x00, 0xc0, 0x00, 0x00, 0x00, 0x00, 0x00, 0x00, 0x00, 0x00, 0x30,
    0x00, 0x00, 0x00, 0x00, 0x00, 0x00, 0x00, 0x00, 0x00, 0x00, 0x00, 0x00, 0x0c, 0x0c, 0x00, 0x00,
    0x00, 0x00, 0x00, 0x00, 0xc0, 0x00, 0xc0, 0x00, 0x00, 0x00, 0xc0, 0x30, 0x00, 0xc0, 0x00, 0x00,
    0xc0, 0x00, 0x00, 0x0c, 0x00, 0x00, 0x00, 0x00, 0x30, 0xc0, 0x30, 0x00, 0x0c, 0x00, 0x30, 0x00,
    0x0c, 0x0c, 0x00, 0x30, 0x0c, 0x30, 0x00, 0x00, 0x0c, 0x03, 0x00, 0x30, 0x0c, 0x0c, 0x00, 0x00,
    0xc0, 0x00, 0x00, 0x00, 0x00, 0x00, 0x00, 0x00, 0x00, 0x00, 0x00, 0x00, 0x00, 0x00, 0x00, 0x00,
    0x00, 0x00, 0x00, 0x00, 0x00, 0x00, 0x00, 0x00, 0x00, 0x00, 0x00, 0x00, 0x00, 0x00, 0x00, 0x00,
    0x00, 0x00, 0x00, 0x00, 0x00, 0x00, 0x00, 0x00, 0x00, 0x00, 0x00, 0x00, 0x00, 0x0c, 0x00, 0x00,
    0x00, 0x00, 0x00, 0x00, 0x00, 0x00, 0x00, 0x00, 0x00, 0x00, 0x00, 0x00, 0x00, 0x00, 0x00, 0x00,
    0x00, 0x00, 0xc0, 0x00, 0x00, 0x00, 0x00, 0x0c, 0x03, 0x00, 0xc0, 0x30, 0x00, 0x30, 0x00, 0x30,
    0x00, 0x0c, 0x00, 0x00, 0x00, 0x00, 0x00, 0x00, 0x00, 0x30, 0x00, 0x00, 0x00, 0x00, 0x30, 0x00,
    0x00, 0x03, 0x00, 0xc3, 0x00, 0x30, 0x03, 0x0c, 0x00, 0x00, 0x30, 0x00, 0xc0, 0x00, 0xc3, 0x00,
    0xc0, 0x30, 0x0c, 0x00, 0xc0, 0x00, 0x00, 0x00, 0x00, 0x00, 0x00, 0xc0, 0x00, 0x00, 0x00, 0x00,
    0x00, 0x00, 0x00, 0x00, 0x00, 0x00, 0x00, 0x00, 0x00, 0x00, 0x00, 0x00, 0x00, 0x00, 0x00, 0x00,
    0x00, 0xc0, 0x00, 0x00, 0x00, 0x00, 0x00, 0x00, 0x00, 0x00, 0x00, 0x00, 0x00, 0x00, 0x00, 0x00,
    0x00, 0x00, 0x00, 0x00, 0x00, 0x00, 0x00, 0x00, 0x00, 0x00, 0x00, 0x00, 0x00, 0x00, 0x00, 0x00,
    0x00, 0x00, 0x00, 0x00, 0x00, 0x00, 0x00, 0x00, 0x00, 0x30, 0x00, 0x03, 0x00, 0x00, 0x03, 0x00,
    0x00, 0x00, 0x00, 0x00, 0x00, 0x00, 0x00, 0x00, 0x00, 0xc0, 0x00, 0x00, 0x00, 0x00, 0x00, 0x00,
    0x00, 0x00, 0x03, 0x00, 0x00, 0xc0, 0x00, 0x00, 0x00, 0x30, 0x00, 0x00, 0x0c, 0x03, 0x00, 0x00,
    0xc3, 0x03, 0x00, 0xc0, 0x03, 0x0c, 0x00, 0x30, 0x00, 0x00, 0x00, 0x00, 0x00, 0x00, 0x00, 0x00,
    0x00, 0x00, 0x30, 0x00, 0x00, 0x30, 0x00, 0x00, 0x00, 0x00, 0x00, 0x00, 0x00, 0x00, 0x00, 0x00,
    0x00, 0x00, 0x00, 0x00, 0x00, 0x00, 0x00, 0x00, 0x00, 0x00, 0x00, 0x00, 0x00, 0x00, 0x00, 0x00,
    0x00, 0x00, 0x00, 0x00, 0x00, 0x00, 0x00, 0x00, 0x00, 0x00, 0x00, 0x00, 0x00, 0x00, 0x00, 0x00,
    0x00, 0x00, 0x00, 0x00, 0x00, 0x00, 0x00, 0x00, 0x00, 0x00, 0x00, 0x00, 0x00, 0x00, 0x00, 0x00,
    0x00, 0x00, 0x00, 0x30, 0x00, 0x00, 0x00, 0x00, 0x00, 0x00, 0x00, 0x00, 0x00, 0x00, 0x00, 0x00,
    0x0c, 0x00, 0x00, 0x00, 0x00, 0x00, 0x00, 0x00, 0x00, 0x00, 0x00, 0x00, 0x00, 0x00, 0x00, 0x0c,
    0x30, 0x00, 0x30, 0x30, 0xc0, 0x30, 0x30, 0xc0, 0x00, 0x30, 0x00, 0x0c, 0x30, 0x00, 0x30, 0x00,
    0x30, 0x00, 0xc0, 0x30, 0x00, 0x00, 0x00, 0x00, 0x00, 0x00, 0x00, 0x00, 0x00, 0x00, 0x00, 0x03,
    0x00, 0x00, 0x00, 0x00, 0x00, 0x00, 0x00, 0x00, 0x00, 0x00, 0x00, 0x00, 0x00, 0x00, 0x00, 0x00,
    0x00, 0x00, 0x00, 0x00, 0x00, 0x00, 0x00, 0x00, 0x00, 0x00, 0x00, 0x00, 0x00, 0x00, 0x00, 0x00,
    0x00, 0x00, 0x0c, 0x00, 0x00, 0x00, 0x00, 0x00, 0x00, 0x00, 0x00, 0x03, 0x00, 0x00, 0x00, 0x00,
    0x00, 0x00, 0x30, 0x00, 0x00, 0x00, 0x00, 0x00, 0x00, 0x00, 0x00, 0x00, 0x00, 0x00, 0x00, 0x00,
    0x00, 0x00, 0x00, 0x00, 0x00, 0x00, 0x00, 0x00, 0x00, 0x00, 0x00, 0x00, 0x00, 0x00, 0x30, 0x00,
    0x00, 0x00, 0x00, 0x00, 0x00, 0x00, 0x00, 0x00, 0x03, 0x03, 0x03, 0x00, 0x03, 0x00, 0x00, 0x0c,
    0x30, 0x00, 0x30, 0x00, 0x00, 0xc3, 0x03, 0x0c, 0x03, 0x0c, 0x00, 0x00, 0x00, 0x20, 0x00, 0x00,
    0x00, 0x00, 0x00, 0x00, 0x0c, 0x00, 0x00, 0x00, 0x00, 0x00, 0x00, 0x00, 0x00, 0x00, 0x00, 0x00,
    0x00, 0x00, 0x00, 0x00, 0x00, 0x00, 0x00, 0x00, 0x00, 0x00, 0x00, 0x00, 0x00, 0x00, 0x00, 0x00,
    0x00, 0x00, 0x00, 0x00, 0x00, 0x00, 0x00, 0x00, 0x00, 0x00, 0x00, 0x00, 0x00, 0x00, 0x00, 0x00,
    0x00, 0x00, 0x00, 0x00, 0x00, 0x00, 0x00, 0x00, 0x00, 0x00, 0x00, 0x00, 0x00, 0x00, 0x00, 0x00,
    0x00, 0x00, 0x00, 0x00, 0x00, 0x00, 0x00, 0x00, 0x00, 0x00, 0x00, 0x00, 0x00, 0x00, 0x00, 0x00,
    0x00, 0x00, 0x00, 0x00, 0x00, 0x00, 0x00, 0x00, 0x00, 0x00, 0x00, 0x00, 0x00, 0x00, 0x00, 0x00,
    0x00, 0x00, 0x00, 0x0c, 0x00, 0x0c, 0x30, 0xc0, 0x03, 0x0c, 0x00, 0xc0, 0xc0, 0x00, 0x00, 0x00,
    0xc0, 0x00, 0x0c, 0x03, 0x0c, 0x00, 0x00, 0x10, 0x00, 0x00, 0x00, 0x0c, 0x00, 0x00, 0x00, 0xc0,
    0x00, 0x00, 0x00, 0x00, 0x00, 0x00, 0x00, 0x00, 0x00, 0x00, 0x00, 0x00, 0x00, 0x00, 0x00, 0x00,
    0x00, 0x00, 0x00, 0x00, 0x00, 0x00, 0x00, 0x00, 0x00, 0x00, 0x00, 0x00, 0x00, 0x00, 0x00, 0x00,
    0x00, 0x00, 0x00, 0x00, 0x00, 0x00, 0x00, 0x00, 0x00, 0x00, 0x00, 0x00, 0x00, 0x00, 0x00, 0x00,
    0x00, 0x00, 0x00, 0x00, 0x00, 0x0c, 0x00, 0x00, 0x00, 0x00, 0x00, 0x00, 0x00, 0x0c, 0x0c, 0x00,
    0x00, 0xc0, 0x0c, 0x00, 0x03, 0x00, 0x03, 0x00, 0x00, 0x00, 0x00, 0x00, 0x00, 0xc0, 0x00, 0x0c,
    0x03, 0x00, 0x00, 0x00, 0x00, 0x00, 0x03, 0x0c, 0x30, 0xc0, 0xc0, 0xc0, 0x30, 0xc0, 0x00, 0x03,
    0x00, 0x00, 0x30, 0x00, 0x0c, 0x30, 0xc3, 0x00, 0x03, 0x0c, 0x00, 0x30, 0x00, 0x00, 0x04, 0x00,
    0x00, 0x10, 0x00, 0x00, 0x00, 0x00, 0x0c, 0x00, 0x00, 0x00, 0x00, 0x00, 0x00, 0x00, 0x00, 0x00,
    0x00, 0x00, 0x00, 0x00, 0x00, 0x00, 0x00, 0x00, 0x00, 0x00, 0x00, 0x00, 0x00, 0x00, 0x00, 0x00,
    0x00, 0x00, 0x00, 0x00, 0x00, 0x00, 0x00, 0x00, 0x00, 0x00, 0x00, 0x00, 0x00, 0x00, 0x00, 0x00,
    0x00, 0x00, 0x00, 0x00, 0x00, 0x00, 0x00, 0x00, 0x00, 0x00, 0x00, 0x00, 0x00, 0x00, 0x00, 0x00,
    0x00, 0xc0, 0x0c, 0x00, 0x00, 0xc0, 0x00, 0x00, 0x30, 0x00, 0x00, 0x03, 0x00, 0x00, 0x30, 0x00,
    0x00, 0x00, 0x00, 0x03, 0x00, 0x00, 0x00, 0x00, 0x00, 0x00, 0x30, 0x00, 0x30, 0x00, 0xc0, 0x00,
    0x00, 0x0c, 0x00, 0x03, 0x00, 0x03, 0x0c, 0x30, 0x30, 0xc3, 0x00, 0x0c, 0x00, 0x00, 0x00, 0x30,
    0x30, 0x00, 0xc3, 0x00, 0x00, 0x0c, 0x00, 0x03, 0x03, 0x00, 0x0c, 0x00, 0x00, 0x00, 0x00, 0x00,
    0x00, 0x00, 0x00, 0x00, 0x00, 0x00, 0x00, 0x00, 0x00, 0x00, 0x00, 0x00, 0x00, 0x00, 0x00, 0x00,
    0x00, 0x00, 0x00, 0x00, 0x00, 0x00, 0x00, 0x00, 0x00, 0x00, 0x00, 0x00, 0x00, 0x00, 0x00, 0x00,
    0x00, 0x00, 0x00, 0x00, 0x00, 0x00, 0x00, 0x00, 0x00, 0x00, 0x00, 0x00, 0x00, 0x00, 0x00, 0x00,
    0x00, 0x00, 0x00, 0x00, 0x00, 0x00, 0x00, 0x00, 0x00, 0x00, 0x00, 0x00, 0x00, 0x00, 0x00, 0x00,
    0x00, 0x00, 0x00, 0x00, 0x00, 0x00, 0x00, 0x00, 0xc0, 0x00, 0x00, 0x30, 0x00, 0x00, 0x00, 0x00,
    0x00, 0x00, 0x00, 0x00, 0x00, 0x0c, 0x00, 0x00, 0x0c, 0x00, 0x0c, 0x00, 0x03, 0x00, 0x00, 0x00,
    0x00, 0x00, 0x0c, 0x00, 0x0c, 0x30, 0xc3, 0x03, 0x00, 0xc0, 0x00, 0x00, 0xc1, 0x00, 0x00, 0xc0,
    0x00, 0x00, 0x00, 0x00, 0x00, 0x01, 0x00, 0x00, 0x00, 0x00, 0x00, 0x00, 0x00, 0x00, 0x00, 0x00,
    0x00, 0x00, 0x00, 0x00, 0x00, 0x00, 0x00, 0x00, 0x00, 0x00, 0x00, 0x00, 0x00, 0x00, 0x00, 0x00,
    0x00, 0x00, 0x00, 0x00, 0x00, 0x00, 0x00, 0x00, 0x00, 0x00, 0x00, 0x00, 0x00, 0x00, 0x00, 0x00,
    0x00, 0x00, 0x00, 0xc0, 0x00, 0x00, 0x00, 0x00, 0x00, 0x00, 0x00, 0x00, 0x00, 0x00, 0x00, 0x00,
    0x00, 0x00, 0x00, 0x00, 0x30, 0x00, 0x00, 0x00, 0x00, 0x00, 0x00, 0x00, 0x00, 0x00, 0x00, 0x00,
    0x00, 0x00, 0x03, 0x00, 0x00, 0x00, 0x00, 0x00, 0x00, 0x00, 0x00, 0x00, 0x00, 0x00, 0x00, 0x30,
    0xc0, 0x03, 0x00, 0x30, 0x30, 0x00, 0xc0, 0xc3, 0x0c, 0x30, 0xc0, 0xc0, 0xc0, 0x00, 0x00, 0x00,
    0x00, 0x03, 0x00, 0x30, 0x00, 0x00, 0x30, 0x00, 0x00, 0x00, 0x00, 0x08, 0x00, 0x10, 0x00, 0x00,
    0x00, 0x00, 0x00, 0x00, 0x00, 0x00, 0x00, 0x00, 0x00, 0x00, 0x00, 0x00, 0x00, 0x00, 0x00, 0x00,
    0x00, 0x00, 0x00, 0x00, 0x00, 0x00, 0x00, 0x00, 0x00, 0x00, 0x00, 0x00, 0x00, 0x00, 0x00, 0x00,
    0x00, 0x00, 0x00, 0x00, 0x00, 0x00, 0x00, 0x00, 0x00, 0x00, 0x00, 0x00, 0x00, 0x00, 0x00, 0x00,
    0x00, 0x00, 0x00, 0x00, 0x00, 0x00, 0x00, 0x00, 0x00, 0x00, 0x00, 0x03, 0x00, 0x00, 0x00, 0x0c,
    0x00, 0x00, 0x30, 0x00, 0x00, 0x00, 0x00, 0x00, 0x00, 0x00, 0x30, 0x00, 0x00, 0x00, 0x0c, 0x00,
    0x00, 0x00, 0x00, 0x0c, 0x00, 0x00, 0x00, 0x00, 0x00, 0xc0, 0x03, 0x03, 0x00, 0xcc, 0x00, 0x00,
    0x00, 0x00, 0x00, 0x00, 0x00, 0x30, 0x30, 0xc0, 0xc3, 0x00, 0x30, 0x00, 0x03, 0x03, 0x00, 0x00,
    0x00, 0x00, 0x00, 0x00, 0x01, 0x00, 0x00, 0x00, 0x00, 0x00, 0x00, 0x00, 0x00, 0x00, 0x00, 0x00,
    0x00, 0x00, 0x00, 0x00, 0x00, 0x00, 0x00, 0x00, 0x00, 0x00, 0x00, 0x00, 0x00, 0x00, 0x00, 0x00,
    0x00, 0x00, 0x30, 0x00, 0x00, 0x00, 0x00, 0x00, 0x00, 0x00, 0x00, 0x00, 0x00, 0x00, 0x00, 0x00,
    0x00, 0x00, 0x00, 0x00, 0x00, 0x00, 0x00, 0x00, 0x00, 0x00, 0x00, 0x00, 0x00, 0x00, 0x00, 0x00,
    0x00, 0x03, 0x00, 0x00, 0x00, 0x00, 0x00, 0x00, 0x00, 0x00, 0x00, 0x00, 0x00, 0x0c, 0x00, 0x00,
    0x00, 0x0c, 0x00, 0x00, 0x00, 0x00, 0xc0, 0x00, 0x00, 0x00, 0x00, 0x00, 0x00, 0x00, 0x0c, 0x00,
    0x0c, 0x00, 0xc0, 0x00, 0x00, 0x00, 0x30, 0x30, 0x30, 0x30, 0x30, 0x30, 0x03, 0x03, 0x00, 0x0c,
    0x00, 0x0c, 0x03, 0x0c, 0x30, 0x00, 0x00, 0x00, 0x00, 0x00, 0xc0, 0xc0, 0x00, 0x00, 0x00, 0x00,
    0x00, 0x00, 0x00, 0x00, 0x00, 0x00, 0x00, 0x00, 0x00, 0x00, 0x00, 0x00, 0x00, 0x00, 0x00, 0x00,
    0x00, 0x00, 0x00, 0x00, 0x00, 0x00, 0x00, 0x00, 0x00, 0x00, 0x00, 0x00, 0x00, 0x00, 0x00, 0x00,
    0x00, 0x00, 0x00, 0x00, 0x00, 0x00, 0x00, 0x00, 0x00, 0x00, 0x00, 0x00, 0x00, 0x00, 0x00, 0x00,
    0x00, 0x00, 0x00, 0x00, 0x00, 0x00, 0x00, 0x00, 0x00, 0x30, 0x00, 0xc0, 0x00, 0x00, 0x03, 0x00,
    0x00, 0x03, 0x00, 0x03, 0x00, 0xc0, 0x00, 0x00, 0x00, 0x00, 0x00, 0x00, 0x00, 0x0c, 0x00, 0x00,
    0x30, 0x0c, 0x00, 0x00, 0x00, 0x00, 0x00, 0x30, 0xc0, 0x0c, 0x00, 0xc0, 0xc3, 0x03, 0x03, 0x00,
    0x03, 0x03, 0x03, 0x03, 0x00, 0x00, 0x0c, 0x00, 0x00, 0xc0, 0x00, 0x00, 0x00, 0x00, 0x00, 0x00,
    0x0c, 0x00, 0x00, 0x00, 0x0c, 0x00, 0x00, 0x00, 0x00, 0x00, 0x00, 0x00, 0x00, 0x00, 0x00, 0x00,
    0x00, 0x00, 0x00, 0x00, 0x00, 0x00, 0x00, 0x00, 0x00, 0x00, 0x00, 0x00, 0x00, 0x00, 0x00, 0x00,
    0x00, 0x00, 0x00, 0x00, 0x00, 0x00, 0x00, 0x00, 0x00, 0x00, 0x00, 0x00, 0x00, 0x00, 0xc0, 0x00,
    0x00, 0x00, 0xc0, 0x00, 0x00, 0x00, 0x00, 0x00, 0x00, 0x00, 0x00, 0x00, 0x00, 0x00, 0x00, 0x00,
    0x00, 0x00, 0x00, 0x00, 0x00, 0x00, 0x30, 0x00, 0x00, 0x30, 0x00, 0x00, 0x00, 0x00, 0x00, 0x30,
    0x03, 0x00, 0x00, 0x00, 0x00, 0x00, 0x00, 0x00, 0x00, 0x00, 0x00, 0x00, 0x00, 0x00, 0x30, 0x00,
    0x00, 0xc0, 0x0c, 0x0c, 0x00, 0x30, 0x00, 0x03, 0x00, 0x00, 0x00, 0x00, 0x30, 0x00, 0xc0, 0x30,
    0xc0, 0x00, 0xc0, 0x03, 0x00, 0xc0, 0x00, 0x00, 0xc0, 0x00, 0x00, 0x00, 0x00, 0x0c, 0x00, 0x00,
    0xc0, 0x00, 0x00, 0x00, 0x00, 0x00, 0x00, 0x00, 0x00, 0x00, 0x00, 0x00, 0x00, 0x00, 0x00, 0x00,
    0x03, 0x00, 0x00, 0x00, 0x00, 0x00, 0x00, 0x00, 0x00, 0x00, 0x00, 0x00, 0x00, 0x00, 0x00, 0x00,
    0x00, 0x00, 0x00, 0x00, 0x00, 0x00, 0x00, 0x00, 0x00, 0x0c, 0x00, 0x00, 0x00, 0x00, 0x00, 0x00,
    0x00, 0x03, 0x00, 0x00, 0x00, 0x00, 0x00, 0x00, 0x00, 0x00, 0x00, 0x00, 0x00, 0x03, 0x00, 0x00,
    0x03, 0x00, 0x00, 0x00, 0x00, 0x00, 0x03, 0x00, 0x00, 0x00, 0x00, 0x00, 0x00, 0x00, 0x00, 0x00,
    0x00, 0x00, 0x03, 0x00, 0x00, 0xc0, 0x00, 0x00, 0x0c, 0x00, 0xc0, 0x00, 0x30, 0x00, 0xc0, 0xc0,
    0x00, 0x30, 0x30, 0x30, 0x00, 0x30, 0x03, 0x00, 0x0c, 0x0c, 0x03, 0x00, 0x0c, 0x00, 0x00, 0x30,
    0x00, 0x00, 0x00, 0x01, 0x00, 0x00, 0x00, 0x0c, 0x00, 0x00, 0x00, 0x00, 0x00, 0x00, 0x00, 0x00,
    0x00, 0x00, 0x00, 0x00, 0x00, 0x00, 0x00, 0x00, 0x00, 0x00, 0x00, 0x00, 0x00, 0x00, 0x00, 0x00,
    0x00, 0x00, 0x00, 0x00, 0x00, 0x00, 0x00, 0x00, 0x00, 0x00, 0x00, 0x00, 0x00, 0x00, 0x00, 0x00,
    0xc0, 0x00, 0x00, 0x00, 0x00, 0x00, 0x0c, 0x00, 0x00, 0x00, 0x00, 0x00, 0x00, 0x0c, 0x00, 0x00,
    0x00, 0x00, 0x00, 0x00, 0x00, 0x00, 0x00, 0x00, 0x00, 0x00, 0x00, 0x00, 0x00, 0x00, 0x00, 0x00,
    0x00, 0x00, 0x00, 0x00, 0x03, 0x00, 0x00, 0x00, 0x00, 0x00, 0x00, 0x00, 0x00, 0x00, 0x0c, 0x30,
    0xc0, 0x0c, 0x00, 0xc3, 0x03, 0x0c, 0x0c, 0x03, 0x0c, 0x00, 0x00, 0x00, 0xc3, 0x00, 0x00, 0x0c,
    0x00, 0x00, 0x00, 0x0c, 0x00, 0x03, 0x03, 0x00, 0x00, 0x00, 0x00, 0x40, 0x00, 0x00, 0x00, 0xc0,
    0x00, 0x00, 0x00, 0x00, 0x00, 0x00, 0x00, 0x00, 0x00, 0x00, 0x00, 0x00, 0x00, 0x00, 0x00, 0x00,
    0x00, 0x00, 0x00, 0x00, 0x00, 0x00, 0x00, 0x00, 0x00, 0x00, 0x00, 0x00, 0x00, 0x00, 0x00, 0x00,
    0x00, 0x00, 0x30, 0x00, 0x00, 0x00, 0x00, 0x00, 0x00, 0x00, 0x00, 0x00, 0x00, 0x00, 0x00, 0x00,
    0x00, 0x00, 0x00, 0x00, 0x00, 0x00, 0x00, 0x00, 0x00, 0x00, 0x00, 0x00, 0x00, 0xc0, 0x00, 0x00,
    0x00, 0x00, 0x00, 0x30, 0x00, 0x00, 0x00, 0x00, 0x00, 0x00, 0x00, 0x00, 0x00, 0x00, 0x00, 0x00,
    0x00, 0x00, 0x00, 0x00, 0x00, 0x00, 0xc0, 0x00, 0x00, 0x00, 0x0c, 0x00, 0x00, 0x00, 0x00, 0x30,
    0x00, 0x0c, 0x0c, 0x0c, 0x00, 0x00, 0xc0, 0xc0, 0xc0, 0xc0, 0xc0, 0x00, 0x30, 0x30, 0x00, 0x00,
    0x00, 0x00, 0x80, 0x00, 0x00, 0x00, 0x00, 0x00, 0x00, 0x00, 0x00, 0x00, 0x00, 0x00, 0x00, 0x00,
    0x00, 0x00, 0x30, 0x00, 0x00, 0x00, 0x00, 0x00, 0x00, 0x00, 0x00, 0x00, 0x00, 0x00, 0x00, 0x00,
    0x00, 0x00, 0x00, 0x00, 0x00, 0x00, 0x00, 0x00, 0x00, 0x00, 0x00, 0x00, 0x00, 0x00, 0x00, 0x00,
    0x00, 0x00, 0x00, 0x00, 0x00, 0x03, 0x00, 0x00, 0x00, 0x00, 0x00, 0x00, 0x00, 0x00, 0x00, 0x00,
    0x00, 0xc0, 0x0c, 0x00, 0x30, 0x00, 0x00, 0x00, 0x30, 0x00, 0x00, 0x00, 0x03, 0x00, 0x00, 0x00,
    0x00, 0x00, 0x00, 0x00, 0x00, 0x00, 0x00, 0x03, 0x00, 0x00, 0x00, 0x00, 0x30, 0x00, 0x00, 0x00,
    0x30, 0xc0, 0xc0, 0x30, 0xc3, 0x0c, 0xc3, 0x00, 0xc3, 0x00, 0x00, 0x00, 0x00, 0x0c, 0x00, 0x00,
    0x0c, 0x00, 0x03, 0x03, 0x00, 0x00, 0x00, 0x00, 0x00, 0x04, 0x00, 0xc0, 0xc0, 0x30, 0x00, 0x00,
    0x00, 0x00, 0x00, 0x00, 0x00, 0x00, 0xc0, 0x00, 0x00, 0x00, 0x00, 0x00, 0x00, 0x00, 0x00, 0x00,
    0x00, 0x00, 0x00, 0x00, 0x00, 0x00, 0x00, 0x00, 0x00, 0x00, 0x00, 0x00, 0x00, 0x00, 0x00, 0x00,
    0x00, 0x00, 0x00, 0x00, 0x00, 0x00, 0x00, 0x00, 0x00, 0x00, 0x00, 0x00, 0x00, 0x00, 0x00, 0x00,
    0x00, 0x00, 0x00, 0x00, 0x00, 0x00, 0x00, 0x00, 0x00, 0x00, 0x00, 0x03, 0x00, 0x00, 0x00, 0x03,
    0x00, 0x00, 0x00, 0x00, 0x00, 0x00, 0x30, 0x00, 0x00, 0x00, 0x00, 0x03, 0x00, 0x00, 0x00, 0x00,
    0x00, 0x30, 0x00, 0x00, 0x00, 0x00, 0x0c, 0x30, 0x00, 0x00, 0x03, 0x00, 0x00, 0x00, 0x00, 0x0c,
    0x00, 0x03, 0x03, 0x00, 0xc3, 0x00, 0x0c, 0x0c, 0x00, 0x0c, 0x00, 0x00, 0x03, 0x00, 0x00, 0x00,
    0x04, 0x00, 0x00, 0x00, 0x00, 0x00, 0x00, 0x00, 0x00, 0x00, 0x00, 0x00, 0x00, 0x00, 0x00, 0x00,
    0x00, 0x00, 0x00, 0x00, 0x00, 0x00, 0x00, 0x00, 0x00, 0x00, 0x00, 0x03, 0x00, 0x00, 0x00, 0x00,
    0x00, 0x00, 0x00, 0x00, 0x00, 0x00, 0x00, 0xc0, 0x00, 0x00, 0x00, 0x00, 0x00, 0x00, 0x00, 0x00,
    0x00, 0x00, 0x00, 0x00, 0x00, 0xc0, 0x00, 0x00, 0x00, 0x00, 0x00, 0x00, 0x00, 0x00, 0x00, 0x00,
    0x00, 0x00, 0x00, 0x00, 0x00, 0x00, 0x00, 0x00, 0x00, 0x00, 0x00, 0x00, 0x00, 0x00, 0x00, 0x00,
    0x30, 0x0c, 0x03, 0x00, 0x00, 0x00, 0x00, 0xc0, 0x00, 0x00, 0x00, 0x00, 0x00, 0x00, 0xc0, 0x00,
    0xc3, 0x0c, 0x30, 0x0c, 0x30, 0xc3, 0x30, 0xc0, 0x30, 0xc0, 0x00, 0x30, 0x00, 0x00, 0x00, 0x00,
    0x30, 0xc0, 0x30, 0x30, 0x00, 0x03, 0x00, 0x04, 0x00, 0x00, 0x0c, 0x00, 0x00, 0x00, 0x00, 0x00,
    0x00, 0x00, 0x00, 0x00, 0x00, 0x00, 0x00, 0x00, 0x00, 0x00, 0x00, 0x00, 0x00, 0x00, 0x00, 0x00,
    0x00, 0x00, 0x00, 0x00, 0x00, 0x00, 0x00, 0xc0, 0x00, 0x00, 0x00, 0x00, 0x00, 0x00, 0x00, 0x00,
    0x00, 0x00, 0x00, 0x00, 0x00, 0x00, 0x00, 0x00, 0x00, 0x00, 0x00, 0x00, 0x00, 0x00, 0x00, 0x00,
    0x00, 0x00, 0x00, 0x00, 0x00, 0x00, 0x00, 0x00, 0x00, 0x00, 0x00, 0x00, 0x00, 0x00, 0x00, 0x00,
    0x00, 0x00, 0x0c, 0x00, 0x00, 0x00, 0x00, 0x00, 0x00, 0x00, 0x00, 0x00, 0x00, 0x00, 0x0c, 0x00,
    0x00, 0x00, 0x0c, 0x0c, 0x00, 0x00, 0x00, 0xc0, 0x00, 0x00, 0x00, 0xc0, 0x03, 0x00, 0x00, 0x03,
    0x00, 0x00, 0xc0, 0x00, 0x30, 0x30, 0xc0, 0x30, 0x00, 0x00, 0x00, 0x00, 0xc0, 0x30, 0x03, 0x00,
    0x30, 0x0c, 0x00, 0x00, 0x00, 0x00, 0x03, 0x00, 0x00, 0x00, 0x00, 0x30, 0x00, 0x00, 0x00, 0x00,
    0x00, 0x00, 0x00, 0x00, 0x00, 0x00, 0x00, 0x00, 0x00, 0x00, 0x00, 0x00, 0x00, 0x00, 0x00, 0x00,
    0x00, 0x00, 0x00, 0x00, 0x00, 0x00, 0x00, 0x00, 0x00, 0x00, 0x00, 0x00, 0x00, 0x0c, 0x00, 0x00,
    0x00, 0x00, 0x00, 0x00, 0x00, 0x00, 0x00, 0x00, 0x00, 0x00, 0x00, 0x00, 0x00, 0x00, 0x00, 0x00,
    0x00, 0x03, 0x00, 0x00, 0x00, 0x00, 0x0c, 0x00, 0x00, 0x00, 0xc0, 0x00, 0xc0, 0x00, 0x00, 0x00,
    0x00, 0x00, 0x00, 0x00, 0x00, 0x0c, 0x00, 0x00, 0x00, 0x00, 0x00, 0x00, 0x00, 0x00, 0x0c, 0x03,
    0x03, 0x0c, 0x0c, 0x00, 0xc0, 0x30, 0xcc, 0x30, 0x03, 0x0c, 0x0c, 0x0c, 0x00, 0x00, 0x00, 0x00,
    0xc0, 0x30, 0x03, 0x00, 0x03, 0x00, 0x00, 0x00, 0x00, 0x00, 0x00, 0x00, 0x0c, 0x00, 0x00, 0x00,
    0x00, 0x00, 0x00, 0x00, 0x00, 0x00, 0x00, 0x00, 0x00, 0x00, 0x00, 0x00, 0x00, 0x00, 0x00, 0x00,
    0x00, 0x00, 0x00, 0x00, 0x00, 0x00, 0x00, 0x00, 0x00, 0x00, 0x00, 0x00, 0x00, 0x00, 0x00, 0x00,
    0x00, 0x00, 0x00, 0x00, 0x00, 0x00, 0x00, 0x30, 0x00, 0x00, 0x00, 0x00, 0x00, 0x00, 0x00, 0x00,
    0x00, 0x30, 0x00, 0x00, 0x00, 0x00, 0x00, 0x00, 0x00, 0x30, 0x00, 0xc0, 0x00, 0x00, 0xc0, 0x00,
    0x00, 0x00, 0x00, 0x00, 0x00, 0x0c, 0x00, 0x0c, 0x00, 0x00, 0x00, 0x00, 0x00, 0x00, 0x00, 0x00,
    0x00, 0x00, 0x00, 0x00, 0x00, 0x0c, 0x00, 0x30, 0x30, 0x00, 0xc0, 0x30, 0x03, 0x00, 0x00, 0x00,
    0xc0, 0x00, 0x00, 0xc0, 0x0c, 0x00, 0x0c, 0x00, 0x0c, 0x00, 0xc0, 0x00, 0x00, 0x00, 0x30, 0x03,
    0x00, 0x00, 0x00, 0x0c, 0x00, 0x00, 0xc0, 0x00, 0x00, 0x00, 0x00, 0x00, 0x00, 0x00, 0x00, 0x00,
    0x00, 0x00, 0x00, 0x00, 0x00, 0x00, 0x00, 0x00, 0x00, 0x00, 0x00, 0x00, 0x00, 0x00, 0x00, 0x00,
    0x00, 0x00, 0x00, 0x00, 0x00, 0x00, 0x00, 0x00, 0x00, 0x00, 0x00, 0x00, 0x00, 0x00, 0x00, 0x00,
    0x00, 0x00, 0x00, 0x00, 0x00, 0x00, 0x00, 0x00, 0x00, 0x00, 0x00, 0x00, 0x00, 0x00, 0x00, 0x00,
    0x00, 0x00, 0x00, 0x00, 0x00, 0x0c, 0x00, 0x00, 0x00, 0x30, 0x00, 0x00, 0x00, 0x00, 0x00, 0xc0,
    0x00, 0x00, 0x00, 0x00, 0x03, 0x00, 0x00, 0x00, 0x00, 0x00, 0x00, 0x00, 0x00, 0x00, 0x03, 0x00,
    0x00, 0xc0, 0x00, 0x00, 0xc0, 0x33, 0x0c, 0xcc, 0x03, 0x03, 0x00, 0x00, 0xc0, 0x30, 0xc0, 0x0c,
    0x00, 0x0c, 0x00, 0x0c, 0x30, 0x03, 0x00, 0x00, 0x00, 0x00, 0x00, 0xc0, 0x00, 0x0c, 0x00, 0x00,
    0x40, 0x00, 0x00, 0x00, 0x00, 0x00, 0x00, 0x00, 0x00, 0x00, 0x00, 0x00, 0x00, 0x00, 0x00, 0x00,
    0x00, 0x00, 0x00, 0x00, 0x00, 0x00, 0x00, 0x00, 0x00, 0x00, 0x00, 0x00, 0x00, 0x00, 0x00, 0x00,
    0x00, 0x00, 0x00, 0x00, 0x00, 0x00, 0x00, 0x00, 0x00, 0x00, 0x00, 0x00, 0x00, 0x00, 0x00, 0x00,
    0x00, 0x00, 0x00, 0x00, 0x00, 0xc0, 0x00, 0x00, 0x00, 0x00, 0x00, 0x00, 0x0c, 0x00, 0x00, 0x03,
    0x00, 0x00, 0x00, 0x00, 0x00, 0x00, 0x00, 0x00, 0x00, 0x00, 0x00, 0x00, 0x00, 0x00, 0x00, 0x00,
    0x03, 0x00, 0xc0, 0x00, 0x00, 0x00, 0xc0, 0x03, 0x0c, 0x0c, 0x30, 0xc0, 0x03, 0x00, 0x00, 0x00,
    0x30, 0x00, 0x30, 0x30, 0x00, 0x00, 0x00, 0xc0, 0x03, 0x00, 0x03, 0x00, 0x00, 0xc0, 0x00, 0x30,
    0x00, 0xc0, 0xc0, 0x00, 0x00, 0x00, 0x00, 0x00, 0x00, 0x00, 0x00, 0x00, 0x00, 0x00, 0x00, 0x00,
    0x00, 0x00, 0x00, 0x00, 0x00, 0x00, 0x00, 0x00, 0x00, 0x00, 0x00, 0x00, 0x00, 0x00, 0x00, 0x00,
    0x00, 0x00, 0x00, 0x00, 0x00, 0x00, 0x00, 0x00, 0x00, 0x00, 0x00, 0x00, 0x00, 0x00, 0x00, 0x00,
    0x00, 0x00, 0x00, 0x00, 0x00, 0x00, 0x00, 0x00, 0x00, 0x00, 0x00, 0x00, 0x00, 0x00, 0x00, 0x00,
    0x00, 0x00, 0x00, 0x00, 0x00, 0x00, 0x00, 0x00, 0x00, 0x00, 0x00, 0x00, 0x00, 0xc0, 0x00, 0x00,
    0x00, 0xc0, 0xc0, 0x30, 0x00, 0x00, 0x00, 0x00, 0x00, 0x00, 0x00, 0x00, 0x00, 0xc0, 0x00, 0xc0,
    0x00, 0x00, 0x00, 0x0c, 0x30, 0x33, 0x30, 0xc3, 0x00, 0xc3, 0x03, 0x00, 0x30, 0xc3, 0x00, 0x00,
    0x30, 0x00, 0xc0, 0x00, 0x00, 0x00, 0x01, 0x00, 0x00, 0x00, 0x00, 0x00, 0x00, 0x00, 0x00, 0x00,
    0x00, 0x00, 0x00, 0x00, 0x00, 0x00, 0x00, 0x00, 0x00, 0x00, 0x00, 0x00, 0x00, 0x00, 0x00, 0x00,
    0x00, 0xc0, 0x00, 0x00, 0x00, 0x00, 0x00, 0x00, 0x00, 0x00, 0x00, 0x00, 0x00, 0x00, 0x00, 0x00,
    0x00, 0x00, 0x00, 0x00, 0x00, 0x00, 0x00, 0x00, 0x00, 0x00, 0x00, 0x00, 0x00, 0x00, 0x00, 0x00,
    0x00, 0x00, 0x00, 0x00, 0x00, 0x00, 0x00, 0x00, 0x00, 0x00, 0x00, 0x00, 0xc0, 0x00, 0x00, 0x00,
    0x00, 0x00, 0x00, 0x0c, 0x0c, 0x00, 0x00, 0x00, 0x00, 0x00, 0x00, 0x00, 0x00, 0x00, 0x00, 0x00,
    0x00, 0x00, 0x00, 0x00, 0x0c, 0x00, 0x0c, 0x03, 0x30, 0xc3, 0x0c, 0x00, 0x00, 0x00, 0x00, 0x00,
    0x00, 0x00, 0x00, 0x0c, 0x00, 0x00, 0x0c, 0x00, 0x00, 0x30, 0x00, 0x0c, 0x30, 0x00, 0x40, 0x00,
    0x30, 0x00, 0x00, 0x00, 0x03, 0x00, 0x00, 0x04, 0x00, 0x00, 0x00, 0x00, 0x00, 0x00, 0x00, 0x00,
    0x00, 0x00, 0x00, 0x00, 0x00, 0x00, 0x00, 0x00, 0x00, 0x00, 0x00, 0x00, 0x00, 0x00, 0x00, 0x00,
    0x00, 0x00, 0x00, 0x00, 0x00, 0x00, 0x00, 0x00, 0x00, 0x00, 0x00, 0x00, 0x00, 0x00, 0x00, 0x00,
    0x00, 0x00, 0x00, 0x00, 0x30, 0x00, 0x00, 0x00, 0x00, 0x00, 0x00, 0x00, 0x00, 0x00, 0x00, 0x00,
    0x00, 0xc0, 0x0c, 0x0c, 0x00, 0x00, 0x00, 0x00, 0x03, 0x00, 0x00, 0x00, 0x00, 0x00, 0x0c, 0x00,
    0x00, 0x00, 0x00, 0x00, 0x00, 0x00, 0x00, 0x00, 0x00, 0x00, 0x00, 0x00, 0xc0, 0x03, 0x00, 0x00,
    0x00, 0x00, 0x00, 0xc3, 0x0c, 0x33, 0x33, 0x30, 0xc3, 0x03, 0x0c, 0x00, 0x0c, 0x30, 0xc0, 0x30,
    0x00, 0x00, 0x0c, 0x00, 0x00, 0xc3, 0x03, 0x00, 0x00, 0x00, 0x00, 0x00, 0x00, 0x00, 0x04, 0x00,
    0x00, 0x00, 0x00, 0x00, 0x00, 0x00, 0x00, 0x00, 0x00, 0x00, 0x00, 0x00, 0x00, 0x00, 0x00, 0x00,
    0x00, 0x00, 0x00, 0x00, 0x00, 0x00, 0x00, 0x00, 0x00, 0x00, 0x00, 0x00, 0x00, 0x00, 0x00, 0x00,
    0x00, 0x00, 0xc0, 0x00, 0x00, 0x00, 0x00, 0x00, 0x00, 0x00, 0x00, 0x00, 0x00, 0x00, 0x00, 0x00,
    0x00, 0x00, 0x00, 0x00, 0x00, 0x00, 0x00, 0x00, 0x00, 0x00, 0x00, 0x00, 0x00, 0x00, 0x00, 0x30,
    0x00, 0x00, 0x03, 0x00, 0x00, 0x00, 0x00, 0x00, 0x00, 0x00, 0x00, 0x00, 0x0c, 0x00, 0x0c, 0x03,
    0x00, 0x00, 0x00, 0x0c, 0x00, 0x00, 0x00, 0xc3, 0x0c, 0x30, 0xc0, 0x30, 0xc3, 0x00, 0x00, 0x00,
    0x00, 0x30, 0x00, 0xc3, 0x00, 0x00, 0x00, 0x03, 0x0c, 0x0c, 0x00, 0x00, 0x00, 0x00, 0x00, 0x03,
    0x00, 0x0c, 0x03, 0x00, 0xc0, 0x00, 0x00, 0xc0, 0x00, 0x00, 0x00, 0x00, 0x00, 0x00, 0x00, 0x00,
    0x00, 0x00, 0x00, 0x00, 0x00, 0x00, 0x00, 0x00, 0x00, 0x00, 0x00, 0x00, 0x00, 0x00, 0x00, 0x00,
    0x00, 0x00, 0x00, 0x00, 0x00, 0x00, 0x00, 0x00, 0x00, 0x00, 0x00, 0x00, 0x00, 0x00, 0x00, 0x00,
    0x00, 0x00, 0x00, 0x00, 0x00, 0x00, 0x00, 0x00, 0x00, 0x00, 0x00, 0x00, 0x00, 0x00, 0x00, 0x00,
    0x00, 0x00, 0x00, 0x00, 0x00, 0x00, 0x03, 0x00, 0x00, 0x00, 0x30, 0x00, 0x00, 0x00, 0x00, 0x00,
    0x30, 0x00, 0x00, 0x00, 0x00, 0x00, 0xc0, 0x00, 0x00, 0x00, 0x00, 0x00, 0x00, 0x00, 0x30, 0x00,
    0x00, 0x00, 0x0c, 0x00, 0x30, 0xc3, 0x30, 0xc3, 0x00, 0x00, 0xc0, 0x00, 0x0c, 0x0c, 0x0c, 0x30,
    0x00, 0x00, 0x30, 0x30, 0xc0, 0x00, 0x30, 0x00, 0x00, 0xc0, 0x00, 0x00, 0x00, 0x00, 0x00, 0x00,
    0x00, 0x00, 0x00, 0x00, 0x00, 0x00, 0x00, 0x00, 0x00, 0x00, 0x00, 0x00, 0x00, 0x00, 0x00, 0x00,
    0x00, 0x00, 0x00, 0x00, 0x00, 0x00, 0x00, 0x00, 0x00, 0x00, 0x00, 0x00, 0x00, 0x00, 0x00, 0x00,
    0x00, 0x00, 0x00, 0x00, 0x00, 0x00, 0x00, 0x00, 0x00, 0x00, 0x00, 0x30, 0x00, 0x00, 0x00, 0x00,
    0x00, 0x00, 0x00, 0x00, 0x00, 0x00, 0x00, 0x00, 0x00, 0x00, 0xc0, 0x00, 0x00, 0x03, 0x00, 0x00,
    0x00, 0x00, 0x00, 0x00, 0x00, 0x00, 0x00, 0x00, 0x00, 0x00, 0x00, 0x00, 0x00, 0x00, 0x00, 0x00,
    0x00, 0x30, 0x03, 0x00, 0x00, 0x30, 0x00, 0x0c, 0x33, 0x0c, 0x00, 0xcc, 0x0c, 0x30, 0x0c, 0x00,
    0x0c, 0x0c, 0x0c, 0x30, 0xc0, 0xc0, 0xc0, 0x00, 0x00, 0xc0, 0x00, 0x00, 0x03, 0x0c, 0x00, 0x30,
    0x00, 0x00, 0x00, 0x00, 0x00, 0x00, 0x40, 0x00, 0x0c, 0x00, 0x00, 0x00, 0x00, 0x00, 0x00, 0x00,
    0x00, 0x00, 0x00, 0x00, 0x00, 0x00, 0x00, 0x00, 0x00, 0x00, 0x00, 0x00, 0x00, 0x00, 0x00, 0x00,
    0x00, 0x00, 0x00, 0x00, 0x00, 0x00, 0x00, 0x00, 0x00, 0x00, 0x00, 0x00, 0x00, 0x00, 0xc0, 0x00,
    0x00, 0x00, 0x00, 0x00, 0x00, 0x00, 0x00, 0x00, 0x00, 0x00, 0x00, 0x00, 0x00, 0x00, 0x00, 0x00,
    0x00, 0x00, 0x00, 0x00, 0x00, 0x30, 0x00, 0x00, 0x00, 0x00, 0x00, 0x00, 0x00, 0x00, 0x00, 0x0c,
    0x00, 0x00, 0xc0, 0xc0, 0x00, 0x00, 0x00, 0x00, 0x00, 0x00, 0x00, 0x00, 0x00, 0x00, 0x03, 0x00,
    0x00, 0x00, 0xc0, 0x00, 0xc3, 0x03, 0x00, 0xc0, 0xc0, 0xc0, 0x00, 0x00, 0x00, 0x00, 0x03, 0x03,
    0x0c, 0x03, 0x03, 0x00, 0x00, 0x00, 0x00, 0x00, 0x04, 0x00, 0x00, 0x00, 0x00, 0x00, 0x00, 0x00,
    0x00, 0x00, 0x00, 0x00, 0x00, 0x00, 0x00, 0x00, 0x00, 0x00, 0x00, 0x00, 0x00, 0x00, 0x00, 0x00,
    0x00, 0x00, 0x00, 0x00, 0x00, 0x00, 0x00, 0x00, 0x00, 0x00, 0x00, 0x00, 0x00, 0x00, 0x00, 0x00,
    0x00, 0x00, 0x00, 0x00, 0x00, 0x00, 0x00, 0x00, 0x00, 0x00, 0x30, 0x00, 0x00, 0x00, 0x00, 0x00,
    0x00, 0x00, 0x00, 0x00, 0x00, 0x00, 0x00, 0x00, 0x00, 0x30, 0x00, 0x00, 0x00, 0x00, 0x00, 0x00,
    0x0c, 0x03, 0x00, 0x00, 0x00, 0x0c, 0x03, 0x00, 0x00, 0x0c, 0x00, 0x00, 0x00, 0x00, 0x00, 0x00,
    0x00, 0x00, 0x00, 0x00, 0x00, 0x03, 0x00, 0x03, 0x00, 0xc0, 0x0c, 0x30, 0x00, 0xc0, 0xcc, 0x0c,
    0x00, 0x03, 0x03, 0x0c, 0x30, 0xc3, 0x00, 0x30, 0x00, 0x00, 0x00, 0x03, 0x00, 0x00, 0x0c, 0x00,
    0x00, 0x00, 0x04, 0x0c, 0x00, 0x10, 0x0c, 0x00, 0x00, 0x00, 0x03, 0x00, 0x00, 0x00, 0x00, 0x00,
    0x00, 0x00, 0x00, 0x00, 0x00, 0x00, 0x00, 0x00, 0x00, 0x00, 0x00, 0x00, 0x00, 0x00, 0x00, 0x00,
    0x00, 0x00, 0x00, 0x00, 0x00, 0x00, 0x03, 0x00, 0x00, 0x00, 0x00, 0x00, 0x00, 0x00, 0x00, 0x00,
    0x00, 0x03, 0x00, 0x00, 0x00, 0x00, 0x00, 0x00, 0x00, 0x00, 0x00, 0x00, 0x00, 0x00, 0x00, 0x00,
    0x00, 0x00, 0x00, 0x0c, 0x00, 0x00, 0x00, 0x00, 0x00, 0x00, 0x00, 0x00, 0x0c, 0x00, 0x00, 0x00,
    0x00, 0x00, 0x00, 0x00, 0x30, 0x0c, 0x00, 0x00, 0x00, 0x00, 0x00, 0x00, 0x03, 0x00, 0x30, 0xc0,
    0x30, 0x0c, 0x03, 0x03, 0x30, 0x30, 0x00, 0xc0, 0x0c, 0x30, 0x30, 0x00, 0x00, 0x00, 0x30, 0x00,
    0xc0, 0xc0, 0x30, 0x00, 0x0c, 0x30, 0xc0, 0x03, 0x00, 0x00, 0xc0, 0x00, 0x01, 0x00, 0x00, 0x00,
    0x00, 0x00, 0x00, 0x00, 0x00, 0x00, 0x00, 0x00, 0x00, 0x00, 0x00, 0x00, 0x00, 0x00, 0x00, 0x00,
    0x0c, 0x00, 0x00, 0x00, 0x00, 0x00, 0x00, 0x00, 0x00, 0x00, 0x00, 0x00, 0x00, 0x00, 0x00, 0x00,
    0x00, 0x00, 0x00, 0x00, 0x00, 0xc0, 0x00, 0x00, 0x00, 0x30, 0x00, 0x00, 0x00, 0x00, 0x00, 0x00,
    0x00, 0x00, 0x00, 0x00, 0x0c, 0x00, 0x00, 0x00, 0x00, 0x00, 0x00, 0xc0, 0x03, 0x00, 0x00, 0x00,
    0x00, 0x00, 0x00, 0x00, 0xc0, 0x00, 0x00, 0x00, 0x00, 0x00, 0x00, 0x00, 0x00, 0x00, 0x00, 0x00,
    0x30, 0x00, 0x00, 0x00, 0x00, 0x00, 0x00, 0x00, 0x00, 0xc0, 0xc0, 0x00, 0x03, 0x0c, 0xcc, 0x00,
    0xc0, 0x00, 0x00, 0xc3, 0x0c, 0x30, 0x03, 0x0c, 0x00, 0x03, 0x00, 0xc0, 0x00, 0x00, 0x00, 0x30,
    0x03, 0x00, 0x00, 0x00, 0x00, 0x00, 0x00, 0x00, 0x00, 0x00, 0x00, 0x00, 0x00, 0x00, 0x00, 0x00,
    0x00, 0x00, 0x00, 0x00, 0x00, 0x00, 0x00, 0x00, 0x00, 0x00, 0x00, 0x00, 0x00, 0x00, 0x00, 0x00,
    0x00, 0x00, 0x00, 0x00, 0x00, 0x00, 0x00, 0x00, 0x00, 0x00, 0x00, 0x00, 0x00, 0x00, 0x00, 0x00,
    0xc0, 0x00, 0x00, 0x00, 0x00, 0x00, 0x00, 0x00, 0x00, 0x03, 0x00, 0x00, 0xc0, 0x00, 0x30, 0x00,
    0x00, 0x00, 0x00, 0x00, 0x00, 0x00, 0x00, 0x03, 0x00, 0x00, 0x00, 0x00, 0x00, 0x00, 0x00, 0x00,
    0x00, 0x00, 0x00, 0x00, 0x00, 0x00, 0x00, 0x0c, 0x00, 0x00, 0x30, 0x00, 0x00, 0x30, 0x0c, 0x30,
    0xc0, 0x00, 0x00, 0xc3, 0x00, 0x00, 0x00, 0xc0, 0x00, 0xc3, 0x0c, 0x00, 0x00, 0x03, 0x00, 0x00,
    0x30, 0xc0, 0x00, 0x03, 0x00, 0x00, 0x00, 0x00, 0x00, 0x00, 0x00, 0x00, 0x00, 0x03, 0x00, 0x00,
    0xc0, 0x00, 0x00, 0x00, 0x00, 0x00, 0x00, 0x00, 0x00, 0x00, 0x00, 0x00, 0x00, 0x00, 0x00, 0x00,
    0x00, 0x00, 0x00, 0x00, 0x00, 0x00, 0x00, 0x00, 0x00, 0x00, 0x00, 0x00, 0x00, 0x00, 0x00, 0x00,
    0x00, 0x00, 0x00, 0x00, 0x00, 0x00, 0x00, 0x00, 0x00, 0x00, 0x00, 0x00, 0x00, 0x00, 0x00, 0x00,
    0x00, 0x00, 0x00, 0x00, 0x00, 0x00, 0x00, 0x00, 0x00, 0x00, 0x00, 0x00, 0x00, 0x00, 0x03, 0x00,
    0x00, 0x00, 0x00, 0x30, 0x00, 0x00, 0x00, 0x00, 0x00, 0xc0, 0x00, 0x00, 0x00, 0x00, 0x00, 0x00,
    0x00, 0x03, 0x00, 0x00, 0x30, 0x03, 0x00, 0x00, 0x0c, 0x30, 0xcc, 0x00, 0x33, 0x33, 0x30, 0x0c,
    0x0c, 0x00, 0x00, 0x30, 0xc3, 0x00, 0x30, 0xc3, 0x00, 0x00, 0x0c, 0x00, 0x04, 0xc1, 0x0c, 0x00,
    0x00, 0x00, 0x00, 0x00, 0x00, 0x00, 0x00, 0x0c, 0x00, 0x00, 0x00, 0x00, 0x00, 0x00, 0x00, 0x00,
    0x00, 0x00, 0x00, 0x00, 0x00, 0x00, 0x00, 0x00, 0x00, 0x00, 0x00, 0x00, 0x00, 0x00, 0x00, 0x00,
    0x00, 0x00, 0x00, 0x00, 0x00, 0x00, 0x00, 0x00, 0x00, 0x00, 0x00, 0x00, 0x00, 0x00, 0x00, 0x00,
    0x00, 0x00, 0x00, 0x00, 0x00, 0x00, 0x00, 0x00, 0x00, 0x00, 0x00, 0x00, 0x00, 0x00, 0x00, 0x00,
    0x00, 0xc0, 0xc0, 0x00, 0x00, 0x00, 0x00, 0x00, 0x00, 0x00, 0x03, 0x00, 0x00, 0x00, 0x0c, 0x00,
    0x0c, 0x00, 0x00, 0x00, 0x00, 0x00, 0x00, 0x00, 0x00, 0x00, 0x00, 0x03, 0x00, 0x00, 0x03, 0x0c,
    0x00, 0x00, 0x00, 0x33, 0x00, 0x0c, 0x0c, 0x00, 0xc0, 0x30, 0xc3, 0x00, 0x00, 0x30, 0x00, 0x00,
    0x0c, 0x0c, 0x00, 0x00, 0x00, 0x00, 0x00, 0x00, 0xc0, 0x30, 0x03, 0x00, 0xc0, 0x00, 0x00, 0x00,
    0x00, 0x00, 0x00, 0x00, 0x00, 0x00, 0x00, 0x00, 0x00, 0x00, 0x00, 0x00, 0x00, 0x00, 0x00, 0x00,
    0x00, 0x00, 0x00, 0x00, 0x00, 0x00, 0x00, 0x00, 0x00, 0x00, 0x00, 0x00, 0x00, 0x00, 0x00, 0x00,
    0x00, 0x00, 0x00, 0x00, 0x00, 0x00, 0x00, 0x00, 0x00, 0x00, 0x00, 0x00, 0x00, 0x00, 0x00, 0x00,
    0x00, 0x00, 0x00, 0x00, 0x00, 0x00, 0x00, 0x00, 0x00, 0x00, 0x00, 0x00, 0x00, 0x00, 0xc0, 0x00,
    0x00, 0xc0, 0xc0, 0x00, 0x00, 0x00, 0xc0, 0x00, 0xc0, 0x00, 0x00, 0x30, 0x00, 0xc0, 0x0c, 0x00,
    0x00, 0x00, 0x00, 0x00, 0x03, 0x00, 0xc0, 0x00, 0x30, 0xc3, 0x03, 0x00, 0x33, 0x33, 0x00, 0xc0,
    0x00, 0x00, 0x00, 0x0c, 0x30, 0x03, 0x0c, 0x30, 0xc0, 0x00, 0x30, 0x30, 0xc0, 0x03, 0x00, 0x30,
    0x00, 0x00, 0x30, 0x00, 0x00, 0x00, 0x00, 0x00, 0x00, 0x00, 0x00, 0x00, 0x00, 0x00, 0x00, 0x00,
    0x00, 0x00, 0x00, 0x00, 0x00, 0x00, 0x00, 0x00, 0x00, 0x00, 0x00, 0x00, 0x30, 0x00, 0x00, 0x00,
    0x00, 0x00, 0x00, 0x00, 0x00, 0x00, 0x00, 0x00, 0x00, 0x00, 0x00, 0x00, 0x00, 0x00, 0x00, 0x00,
    0x00, 0x00, 0x00, 0x00, 0x00, 0x00, 0x00, 0x00, 0x00, 0x00, 0x00, 0x00, 0x00, 0x00, 0x00, 0x00,
    0x00, 0x00, 0x00, 0x00, 0xc0, 0x0c, 0x00, 0x00, 0x00, 0x00, 0x00, 0x00, 0x00, 0x00, 0x00, 0x00,
    0x00, 0x00, 0x03, 0x00, 0x0c, 0x00, 0x00, 0x00, 0x00, 0x00, 0x00, 0x00, 0x00, 0x30, 0x00, 0xc3,
    0x00, 0x00, 0x30, 0x0c, 0x00, 0x03, 0x33, 0x0c, 0x0c, 0x30, 0xcc, 0x00, 0x03, 0x00, 0x00, 0x00,
    0x03, 0x0c, 0x00, 0x00, 0x03, 0x00, 0x03, 0x00, 0x00, 0x00, 0x00, 0x00, 0x00, 0x30, 0x30, 0x00,
    0x00, 0x00, 0x00, 0x00, 0x00, 0x00, 0x00, 0x00, 0x00, 0x00, 0x00, 0x00, 0x00, 0x00, 0x00, 0x00,
    0x00, 0x00, 0x00, 0x00, 0x00, 0x00, 0x00, 0x00, 0x00, 0x00, 0x00, 0x00, 0x00, 0x03, 0x00, 0x00,
    0x00, 0x00, 0x00, 0x00, 0x00, 0x00, 0x00, 0x00, 0x00, 0x00, 0x00, 0x00, 0x00, 0x00, 0x03, 0x00,
    0x00, 0x00, 0x00, 0x00, 0x00, 0x00, 0x00, 0x00, 0x00, 0x00, 0x00, 0xc0, 0x00, 0x00, 0x00, 0x00,
    0x00, 0x00, 0x00, 0x00, 0x00, 0x30, 0x00, 0x00, 0x00, 0x00, 0x00, 0x00, 0x00, 0x00, 0x00, 0x00,
    0x00, 0x00, 0x00, 0x00, 0x00, 0x00, 0x30, 0x00, 0x03, 0x0c, 0x00, 0xc0, 0xcc, 0xc3, 0x0c, 0x00,
    0xc0, 0x00, 0x00, 0xc3, 0x00, 0x30, 0xc3, 0x0c, 0x00, 0x00, 0x03, 0x00, 0x00, 0x00, 0x30, 0x00,
    0x10, 0x00, 0x00, 0x00, 0x00, 0x00, 0x00, 0x00, 0x00, 0x00, 0x00, 0x00, 0x00, 0x00, 0x00, 0x00,
    0x00, 0x00, 0x00, 0x00, 0x00, 0x00, 0x00, 0x00, 0x00, 0x00, 0x00, 0x00, 0x00, 0x00, 0x00, 0x00,
    0x00, 0x00, 0x00, 0x00, 0x00, 0x00, 0x00, 0x00, 0x00, 0x00, 0x00, 0x00, 0x00, 0x00, 0x00, 0x00,
    0x00, 0x00, 0x00, 0x00, 0x00, 0x00, 0x00, 0x00, 0x00, 0xc0, 0x00, 0x00, 0x00, 0x00, 0x00, 0x00,
    0x00, 0x00, 0x00, 0x00, 0x00, 0x00, 0x00, 0x00, 0xc0, 0x00, 0x00, 0x00, 0x00, 0x00, 0x00, 0x00,
    0x00, 0x00, 0x00, 0x00, 0x00, 0x00, 0x00, 0x00, 0x03, 0x00, 0x00, 0x00, 0xc3, 0x03, 0x00, 0x30,
    0xc0, 0x00, 0x30, 0x0c, 0x00, 0x30, 0xc0, 0xc0, 0x03, 0x0c, 0xc0, 0x00, 0x30, 0x00, 0x00, 0x00,
    0xc3, 0x03, 0x00, 0x0c, 0x30, 0x0c, 0x00, 0x00, 0x03, 0x03, 0x00, 0x00, 0x00, 0x00, 0x00, 0x00,
    0x00, 0x00, 0x00, 0x00, 0x00, 0x00, 0x00, 0x00, 0x00, 0x00, 0x00, 0x00, 0x00, 0x00, 0x00, 0x00,
    0x00, 0x00, 0x00, 0x00, 0x00, 0x00, 0x00, 0x00, 0x00, 0x00, 0x00, 0x00, 0x00, 0x00, 0x00, 0x00,
    0x00, 0x00, 0x00, 0x00, 0x00, 0x00, 0x00, 0x00, 0x00, 0x00, 0x00, 0x00, 0x00, 0x00, 0x00, 0x00,
    0x00, 0x00, 0x00, 0x00, 0x00, 0x00, 0x00, 0x00, 0x00, 0x30, 0x00, 0x00, 0x00, 0x00, 0x00, 0x0c,
    0x00, 0x00, 0x00, 0x00, 0x00, 0x00, 0x00, 0x00, 0x00, 0x00, 0x00, 0x00, 0x00, 0x00, 0x00, 0x03,
    0x00, 0x00, 0x03, 0x00, 0x00, 0x00, 0x0c, 0x00, 0x00, 0xc0, 0x00, 0xc0, 0x33, 0x03, 0x30, 0x0c,
    0x00, 0x00, 0x0c, 0x30, 0x03, 0x0c, 0x30, 0xc0, 0x00, 0x30, 0x0c, 0x00, 0x00, 0x00, 0x00, 0x0c,
    0x30, 0x00, 0x00, 0x00, 0x00, 0x00, 0x00, 0x00, 0x00, 0x00, 0x00, 0x00, 0x00, 0x00, 0x00, 0x00,
    0x00, 0x00, 0x00, 0x0c, 0x00, 0x00, 0x00, 0x00, 0x00, 0x00, 0x00, 0x00, 0x00, 0x00, 0x00, 0x00,
    0x00, 0x00, 0x00, 0x00, 0x00, 0x00, 0x00, 0x00, 0x00, 0x00, 0x00, 0x00, 0x00, 0x00, 0x00, 0x00,
    0x00, 0x00, 0x00, 0x00, 0x00, 0x00, 0x00, 0x00, 0x00, 0x00, 0x00, 0x00, 0x00, 0x00, 0x00, 0x00,
    0x00, 0x00, 0x30, 0x00, 0x03, 0x00, 0x00, 0x00, 0x00, 0x0c, 0x00, 0x00, 0x30, 0x00, 0x00, 0x0c,
    0x00, 0x00, 0xc0, 0x00, 0x00, 0x00, 0x00, 0x30, 0x00, 0x00, 0xc0, 0x00, 0x00, 0xc0, 0xc0, 0x30,
    0x30, 0x0c, 0x0c, 0x03, 0x00, 0x30, 0x0c, 0x00, 0x30, 0xcc, 0x00, 0x00, 0xc0, 0x00, 0x00, 0x0c,
    0x0c, 0x00, 0x00, 0x00, 0x00, 0xc0, 0x00, 0xc0, 0x00, 0x00, 0x00, 0x00, 0x00, 0x30, 0x0c, 0x03,
    0x00, 0x00, 0x00, 0x00, 0x00, 0x00, 0x00, 0x00, 0x00, 0x00, 0x00, 0x00, 0x00, 0x00, 0x00, 0x00,
    0x00, 0x00, 0x00, 0x00, 0x00, 0x00, 0x00, 0x00, 0x00, 0x00, 0x00, 0x00, 0x00, 0x00, 0x00, 0x00,
    0x00, 0x00, 0x00, 0x00, 0x00, 0x00, 0x00, 0x30, 0x00, 0x00, 0x00, 0x00, 0x00, 0x00, 0x00, 0x00,
    0x00, 0x00, 0x00, 0x00, 0x00, 0x00, 0x00, 0x00, 0x00, 0x00, 0x00, 0x00, 0x30, 0x00, 0x00, 0x00,
    0x00, 0x00, 0x00, 0x0c, 0x00, 0x00, 0x00, 0x00, 0x00, 0x00, 0x00, 0x00, 0x00, 0x00, 0xc0, 0x00,
    0x00, 0x00, 0x00, 0x03, 0x0c, 0x0c, 0x03, 0x03, 0x00, 0xc0, 0xc0, 0x30, 0x0c, 0x0c, 0xc0, 0xc0,
    0x00, 0x00, 0xc3, 0x0c, 0x03, 0x0c, 0x30, 0x00, 0xc0, 0x03, 0x03, 0x0c, 0x30, 0x00, 0x30, 0x00,
    0x00, 0x00, 0x00, 0x10, 0x00, 0x00, 0x00, 0x00, 0x00, 0x00, 0x00, 0x00, 0x00, 0x00, 0x00, 0x00,
    0x00, 0x00, 0x00, 0x00, 0x00, 0x00, 0x00, 0x00, 0x00, 0x00, 0x00, 0x00, 0x00, 0x00, 0x00, 0x00,
    0x00, 0x00, 0x00, 0x00, 0x00, 0x00, 0x00, 0x00, 0x00, 0x00, 0x03, 0x00, 0x00, 0x00, 0x03, 0x00,
    0x00, 0x00, 0x00, 0x00, 0x00, 0x03, 0x00, 0x00, 0x00, 0x00, 0x00, 0x00, 0x00, 0x00, 0x00, 0x00,
    0x00, 0x00, 0x00, 0x03, 0x00, 0x00, 0x30, 0x00, 0x00, 0x00, 0x03, 0x00, 0x00, 0x00, 0x03, 0x00,
    0x03, 0x00, 0x00, 0x00, 0xc0, 0x00, 0x00, 0x00, 0x00, 0x00, 0x00, 0x00, 0x00, 0x00, 0x30, 0x00,
    0x0c, 0x00, 0x00, 0x00, 0xc3, 0x30, 0x0c, 0x03, 0x0c, 0x30, 0x00, 0x00, 0x30, 0x00, 0x03, 0x0c,
    0x00, 0xc0, 0x30, 0x00, 0x00, 0x00, 0x00, 0x00, 0x0c, 0x30, 0x40, 0x00, 0x0c, 0x00, 0x40, 0x00,
    0x00, 0x00, 0x00, 0x00, 0x00, 0x00, 0x00, 0x00, 0x00, 0x00, 0x00, 0x00, 0x00, 0x00, 0x00, 0x00,
    0x0c, 0x00, 0x00, 0x00, 0x00, 0x00, 0x00, 0x00, 0x00, 0x00, 0x00, 0x00, 0x00, 0x00, 0x00, 0x00,
    0x00, 0x00, 0x00, 0x00, 0x00, 0x03, 0x00, 0x00, 0x00, 0x00, 0x00, 0x00, 0x00, 0x00, 0x00, 0x00,
    0x00, 0x00, 0x00, 0x00, 0x00, 0x00, 0x00, 0x00, 0x00, 0x00, 0x00, 0x30, 0x00, 0x00, 0x00, 0x00,
    0x00, 0xc0, 0x00, 0x00, 0x00, 0x03, 0x00, 0x00, 0x00, 0x00, 0x00, 0x0c, 0x00, 0x30, 0x00, 0x00,
    0x00, 0x00, 0x00, 0x00, 0x03, 0x03, 0x00, 0xc3, 0x00, 0x30, 0x30, 0xc0, 0x33, 0x33, 0x00, 0x30,
    0x00, 0x00, 0x30, 0x30, 0x00, 0xc3, 0x00, 0x00, 0x0c, 0x00, 0x00, 0x00, 0x00, 0xc0, 0x00, 0x03,
    0x00, 0x00, 0x00, 0x00, 0x00, 0x00, 0x00, 0x00, 0x00, 0x00, 0x00, 0x00, 0x00, 0x00, 0x00, 0x00,
    0x00, 0x00, 0x00, 0x00, 0x00, 0x00, 0x00, 0x00, 0x00, 0x00, 0x00, 0x00, 0x00, 0x00, 0x00, 0x00,
    0x00, 0x00, 0x00, 0x00, 0x00, 0x00, 0x00, 0x00, 0x00, 0x00, 0x00, 0x00, 0x00, 0x00, 0x00, 0x00,
    0x00, 0x00, 0x00, 0x00, 0x00, 0x00, 0x00, 0x00, 0x00, 0x00, 0x00, 0x00, 0x00, 0x00, 0x00, 0x00,
    0x00, 0xc0, 0x00, 0x00, 0x00, 0x00, 0x00, 0x0c, 0x00, 0x00, 0x00, 0x00, 0x00, 0x00, 0x00, 0x00,
    0x00, 0x00, 0x00, 0xc0, 0x00, 0x00, 0x00, 0x00, 0x00, 0x00, 0x00, 0x30, 0xc0, 0x00, 0x0c, 0x00,
    0x0c, 0x03, 0x00, 0x0c, 0x0c, 0xc0, 0xc3, 0x00, 0xcc, 0x30, 0x03, 0x03, 0x0c, 0x00, 0x30, 0xc3,
    0x00, 0x30, 0xc0, 0xc3, 0x0c, 0x03, 0x00, 0x30, 0x00, 0x00, 0x03, 0x00, 0x00, 0x00, 0x00, 0xc0,
    0x00, 0x00, 0x00, 0x00, 0x00, 0x00, 0x00, 0x00, 0x00, 0x00, 0x00, 0x00, 0x00, 0x00, 0x00, 0x00,
    0x00, 0x00, 0x00, 0x00, 0x00, 0x00, 0x00, 0x00, 0x00, 0x00, 0x00, 0x00, 0x00, 0x00, 0x00, 0x00,
    0x00, 0x00, 0x00, 0x00, 0x00, 0x00, 0x00, 0x00, 0x00, 0x00, 0x00, 0x00, 0x00, 0x00, 0x00, 0x00,
    0x00, 0x00, 0x00, 0x00, 0x00, 0x00, 0x00, 0x00, 0x00, 0x00, 0xc0, 0x00, 0x00, 0x00, 0x00, 0x00,
    0x00, 0x00, 0x00, 0x00, 0x00, 0x00, 0x00, 0x00, 0x00, 0x00, 0x30, 0x00, 0x00, 0x00, 0x00, 0x00,
    0x00, 0x30, 0x00, 0x00, 0x00, 0xc0, 0xc0, 0x30, 0xc0, 0x00, 0x0c, 0x30, 0xcc, 0xcc, 0x00, 0x0c,
    0x00, 0x03, 0x00, 0x00, 0x00, 0x30, 0x00, 0x00, 0x0c, 0x00, 0x00, 0x00, 0x00, 0x00, 0x03, 0x00,
    0x01, 0x03, 0x00, 0x00, 0x00, 0x03, 0x00, 0x00, 0x00, 0x00, 0x00, 0x00, 0x00, 0x00, 0x00, 0x00,
    0x00, 0x00, 0x00, 0x00, 0x00, 0x00, 0x00, 0x00, 0x00, 0x00, 0x00, 0x00, 0x00, 0x00, 0x00, 0x00,
    0x00, 0x00, 0x00, 0x00, 0x00, 0x00, 0x00, 0x00, 0x00, 0x00, 0x00, 0x00, 0x00, 0x00, 0x00, 0x00,
    0x00, 0x00, 0x00, 0x00, 0x00, 0x00, 0x00, 0x00, 0x00, 0x00, 0x00, 0x00, 0x00, 0x00, 0x00, 0x00,
    0x00, 0x00, 0x00, 0x00, 0x00, 0x03, 0x00, 0x00, 0x00, 0x00, 0x00, 0x00, 0x00, 0x30, 0x00, 0x00,
    0x00, 0x03, 0x00, 0x00, 0x00, 0x00, 0x00, 0x00, 0x0c, 0x00, 0x03, 0x00, 0x30, 0x0c, 0x00, 0x00,
    0x03, 0x30, 0xc0, 0xc0, 0xcc, 0xc3, 0x30, 0xc0, 0x0c, 0x00, 0x30, 0xc3, 0x0c, 0x03, 0x0c, 0x30,
    0xc0, 0x0c, 0x0c, 0x00, 0x10, 0x30, 0x00, 0x00, 0x10, 0xc0, 0x00, 0x00, 0x00, 0x00, 0x00, 0x00,
    0x00, 0x00, 0x00, 0x00, 0x00, 0x00, 0x00, 0x00, 0x00, 0x00, 0x00, 0x00, 0x00, 0x00, 0x00, 0x00,
    0x00, 0x00, 0x00, 0x03, 0x00, 0x00, 0x00, 0x00, 0x00, 0x00, 0x00, 0x00, 0x00, 0x00, 0x00, 0x00,
    0x00, 0x00, 0x00, 0x00, 0x00, 0x00, 0x00, 0x00, 0x00, 0x00, 0x00, 0x00, 0x03, 0x00, 0x00, 0x00,
    0x00, 0x00, 0x00, 0x00, 0x00, 0x00, 0x00, 0x00, 0x00, 0x00, 0x00, 0x00, 0x00, 0x00, 0x00, 0xc0,
    0x03, 0x00, 0x30, 0x00, 0x03, 0x00, 0x00, 0x00, 0xc0, 0x30, 0x00, 0x00, 0x00, 0x00, 0x00, 0xc0,
    0xc0, 0x00, 0x00, 0x0c, 0x00, 0x00, 0x0c, 0x30, 0x30, 0x00, 0x0c, 0x0c, 0x0f, 0x30, 0x00, 0x03,
    0x00, 0xc0, 0x00, 0x00, 0x00, 0x30, 0x00, 0x00, 0x03, 0x00, 0xc0, 0x0c, 0x03, 0x00, 0x00, 0x00,
    0x0c, 0x00, 0x00, 0x00, 0x00, 0x00, 0x00, 0x00, 0x00, 0x00, 0x00, 0x00, 0x00, 0x00, 0x00, 0x00,
    0x00, 0x00, 0x00, 0x00, 0x00, 0x00, 0x00, 0x00, 0x00, 0x00, 0x00, 0x00, 0x00, 0x00, 0x00, 0x00,
    0x00, 0x00, 0x00, 0x00, 0x00, 0x00, 0x00, 0x00, 0x00, 0x00, 0x00, 0x00, 0x00, 0x00, 0x00, 0x00,
    0x00, 0x00, 0x00, 0x00, 0x30, 0x00, 0x00, 0x00, 0x00, 0x00, 0x00, 0x00, 0x00, 0x30, 0x00, 0x00,
    0x00, 0x00, 0x00, 0xc0, 0x00, 0xc0, 0x00, 0x00, 0x00, 0x00, 0x00, 0x03, 0x00, 0x00, 0x00, 0x30,
    0x00, 0x00, 0x00, 0x00, 0x00, 0x00, 0x00, 0x00, 0x00, 0x00, 0x00, 0x00, 0x03, 0x03, 0x00, 0x03,
    0x00, 0x0c, 0x00, 0x00, 0xcc, 0xc7, 0x30, 0xc0, 0x00, 0x0c, 0x0c, 0x30, 0xc3, 0x00, 0xc0, 0xc3,
    0x00, 0x00, 0x00, 0xc0, 0x30, 0x03, 0x00, 0x01, 0x00, 0x00, 0x00, 0x00, 0x00, 0xc0, 0x0c, 0x04,
    0x00, 0x00, 0x00, 0x00, 0x00, 0x00, 0x00, 0x00, 0x00, 0x00, 0x00, 0x00, 0x00, 0x00, 0x00, 0x00,
    0x00, 0x00, 0x00, 0x00, 0x00, 0x00, 0x00, 0x00, 0x00, 0x00, 0x00, 0x00, 0x00, 0x30, 0x00, 0x00,
    0x00, 0x00, 0x00, 0x00, 0x00, 0x00, 0x00, 0x00, 0x00, 0x00, 0x00, 0xc0, 0x00, 0x00, 0x00, 0x00,
    0x00, 0x00, 0x00, 0x00, 0x00, 0x00, 0x00, 0x00, 0x00, 0x30, 0x00, 0x00, 0x30, 0x00, 0x00, 0x00,
    0x00, 0x00, 0x00, 0x00, 0x00, 0x00, 0x03, 0x00, 0x00, 0x00, 0x00, 0x00, 0x00, 0x00, 0xc0, 0x00,
    0x00, 0x00, 0x03, 0x00, 0xc0, 0x30, 0x0c, 0x30, 0x0c, 0x00, 0xc3, 0x0c, 0x33, 0x0c, 0x00, 0x00,
    0xc3, 0x00, 0xc0, 0x00, 0x00, 0x0c, 0x0c, 0x00, 0x30, 0xc3, 0x0c, 0x00, 0x00, 0x00, 0x0c, 0x00,
    0x00, 0x03, 0x00, 0x00, 0x30, 0x00, 0x00, 0x00, 0xc0, 0x00, 0x00, 0x00, 0xc0, 0x00, 0x00, 0x00,
    0x00, 0x00, 0x00, 0x00, 0x00, 0x00, 0x00, 0x00, 0x00, 0x00, 0x00, 0x00, 0x00, 0x00, 0x00, 0x00,
    0x00, 0x00, 0x00, 0x00, 0x00, 0x00, 0x00, 0x00, 0x00, 0x00, 0x00, 0x00, 0x00, 0x00, 0x00, 0x00,
    0x00, 0x00, 0x00, 0x00, 0x00, 0x00, 0x00, 0x00, 0x00, 0x0c, 0x00, 0x00, 0x00, 0x00, 0x00, 0x00,
    0x00, 0x00, 0x00, 0x00, 0x00, 0x00, 0x00, 0x00, 0x00, 0x00, 0x00, 0x00, 0x00, 0x00, 0x00, 0x00,
    0x00, 0x00, 0x00, 0x00, 0x00, 0xc0, 0x00, 0x00, 0x00, 0x00, 0x00, 0x0c, 0x00, 0x00, 0xc0, 0x00,
    0xc0, 0xc0, 0x00, 0x00, 0xcc, 0xc0, 0xcc, 0xcc, 0x00, 0x00, 0x03, 0x0c, 0x30, 0xc0, 0x00, 0x30,
    0x00, 0x00, 0x00, 0x03, 0x00, 0xc0, 0x00, 0x0c, 0x30, 0xc0, 0x00, 0x00, 0x00, 0x01, 0x10, 0x40,
    0x00, 0x00, 0x00, 0x00, 0x00, 0x00, 0x00, 0x00, 0x00, 0x00, 0x00, 0x00, 0x00, 0x00, 0x00, 0x00,
    0x00, 0x00, 0x00, 0x00, 0x00, 0x00, 0x00, 0x00, 0x00, 0x00, 0x00, 0x00, 0x00, 0x00, 0x00, 0x00,
    0x00, 0x00, 0x00, 0x00, 0x00, 0x0c, 0x00, 0x00, 0x00, 0x00, 0x00, 0x00, 0x00, 0x00, 0x00, 0x00,
    0x00, 0x00, 0x00, 0x00, 0x00, 0x00, 0x00, 0x00, 0x00, 0x00, 0x0c, 0x00, 0x00, 0x00, 0x00, 0x00,
    0xc0, 0x03, 0x00, 0xc0, 0x00, 0x00, 0x00, 0x00, 0x00, 0x00, 0x00, 0x00, 0x0c, 0x00, 0x00, 0x00,
    0x00, 0x00, 0x30, 0x00, 0x30, 0xc0, 0x03, 0x0c, 0x00, 0x0c, 0x30, 0xc0, 0x31, 0x33, 0x00, 0x00,
    0x30, 0xc3, 0x00, 0x00, 0x00, 0x03, 0x03, 0x00, 0xc0, 0xc0, 0xc0, 0x00, 0x0c, 0x03, 0x00, 0x00,
    0x00, 0x00, 0x00, 0x00, 0x00, 0x10, 0x80, 0x00, 0x00, 0x00, 0x00, 0x30, 0x00, 0x00, 0x00, 0x00,
    0x00, 0x00, 0x0c, 0x00, 0x00, 0x00, 0x00, 0x00, 0x00, 0x00, 0x00, 0x00, 0x00, 0x00, 0x00, 0x00,
    0x00, 0x00, 0x00, 0x00, 0x00, 0x00, 0x00, 0x00, 0x00, 0x00, 0x30, 0x00, 0x00, 0x00, 0x00, 0x00,
    0x00, 0x00, 0x30, 0x00, 0x00, 0x00, 0x00, 0x00, 0x00, 0x00, 0x00, 0x00, 0x30, 0x00, 0x00, 0x00,
    0x00, 0x00, 0x00, 0x00, 0x00, 0x00, 0x0c, 0x00, 0x00, 0x30, 0x00, 0x00, 0x00, 0x00, 0x00, 0x00,
    0x00, 0x00, 0x00, 0x00, 0xc0, 0x00, 0x00, 0x00, 0x00, 0x00, 0x00, 0xc0, 0x00, 0x0c, 0x30, 0x00,
    0x30, 0xc0, 0x00, 0x0c, 0xcc, 0xc0, 0xcc, 0x30, 0x00, 0x00, 0x30, 0xc3, 0x0c, 0x30, 0x30, 0x0c,
    0x0c, 0x0c, 0x03, 0x00, 0x00, 0x00, 0x00, 0x00, 0x00, 0x00, 0x00, 0x0c, 0x00, 0x20, 0x08, 0x00,
    0x00, 0x00, 0x00, 0x00, 0x00, 0x00, 0x00, 0x00, 0x00, 0x03, 0x00, 0x00, 0x00, 0x00, 0x00, 0x00,
    0x00, 0x00, 0x00, 0x00, 0x00, 0x00, 0x00, 0x00, 0x00, 0x00, 0x00, 0x00, 0x00, 0x00, 0x00, 0x00,
    0x00, 0x00, 0x00, 0x00, 0x00, 0x00, 0x00, 0x00, 0x00, 0x00, 0x00, 0x00, 0x00, 0x00, 0x00, 0x00,
    0x00, 0x00, 0x00, 0x00, 0x00, 0x00, 0x00, 0x00, 0x00, 0xc0, 0x00, 0x00, 0x00, 0x00, 0xc0, 0x00,
    0x00, 0x00, 0x00, 0x00, 0x00, 0x00, 0xc0, 0x00, 0x00, 0xc0, 0x00, 0xc0, 0x00, 0x00, 0x00, 0x00,
    0x00, 0x00, 0x00, 0x0c, 0x30, 0xc0, 0x00, 0xc3, 0x00, 0x03, 0x0c, 0x00, 0x33, 0x33, 0x00, 0x03,
    0x0c, 0x30, 0x00, 0x00, 0x00, 0x00, 0x00, 0x00, 0x00, 0x00, 0x30, 0x0c, 0x00, 0x30, 0x10, 0xc0,
    0x03, 0x03, 0x00, 0x00, 0x00, 0x42, 0x00, 0x00, 0x00, 0x00, 0x00, 0x00, 0x00, 0x00, 0x00, 0x00,
    0x00, 0x00, 0x00, 0x00, 0x00, 0x00, 0x00, 0x00, 0x0c, 0x00, 0x00, 0x00, 0x00, 0x00, 0x00, 0x00,
    0x00, 0x00, 0x00, 0x00, 0x00, 0x00, 0x00, 0x00, 0x00, 0x00, 0x00, 0x00, 0x00, 0x00, 0x00, 0x00,
    0x00, 0x00, 0x00, 0x00, 0x00, 0x00, 0x00, 0x00, 0x00, 0x00, 0x00, 0x00, 0x00, 0x00, 0x00, 0x00,
    0x00, 0x00, 0x00, 0x03, 0x00, 0x30, 0x00, 0x00, 0x00, 0x00, 0x00, 0x00, 0x0c, 0x0c, 0x00, 0x00,
    0x0c, 0x00, 0x30, 0x00, 0x00, 0x00, 0x00, 0x30, 0x0c, 0x03, 0x00, 0x00, 0x00, 0x03, 0x0c, 0x00,
    0x0c, 0x00, 0x00, 0xc3, 0x30, 0xc0, 0xcc, 0xc0, 0x00, 0x03, 0x03, 0x0c, 0x30, 0xc3, 0x03, 0x03,
    0x00, 0xc0, 0x00, 0x00, 0x30, 0x00, 0xc0, 0x00, 0x30, 0x00, 0x00, 0x00, 0x00, 0x80, 0x41, 0x00,
    0x00, 0x00, 0x00, 0x00, 0x00, 0x00, 0x00, 0x00, 0x00, 0x00, 0x00, 0x00, 0x00, 0x00, 0x00, 0x00,
    0x00, 0x00, 0x00, 0x00, 0x00, 0x00, 0x00, 0x00, 0x00, 0x00, 0x00, 0x00, 0x00, 0x00, 0x00, 0x00,
    0x00, 0x00, 0x00, 0x00, 0x00, 0x00, 0x00, 0x00, 0x00, 0x00, 0x00, 0x00, 0x00, 0x00, 0x00, 0x00,
    0x00, 0x00, 0x00, 0x00, 0x00, 0x00, 0x00, 0x00, 0x00, 0x00, 0x30, 0x00, 0x03, 0x00, 0x00, 0x03,
    0x00, 0x00, 0x00, 0x00, 0xc0, 0x00, 0x00, 0x00, 0xc0, 0x00, 0x00, 0x00, 0x00, 0x00, 0x00, 0x00,
    0x00, 0x00, 0x0c, 0x30, 0x0c, 0x00, 0x00, 0x0c, 0x00, 0x30, 0xc0, 0x00, 0x33, 0x33, 0x00, 0x0c,
    0x0c, 0x00, 0x30, 0x00, 0x00, 0x00, 0x30, 0x30, 0x0c, 0x03, 0x00, 0xc0, 0x00, 0x00, 0x00, 0x00,
    0x00, 0x00, 0x00, 0x00, 0x00, 0x04, 0x00, 0x00, 0x00, 0x00, 0x00, 0x00, 0x00, 0x00, 0x00, 0x00,
    0x00, 0x00, 0x00, 0x00, 0x00, 0x00, 0x00, 0x00, 0x00, 0x00, 0x00, 0x00, 0x00, 0x00, 0x00, 0x00,
    0x00, 0x00, 0x00, 0x00, 0x00, 0x00, 0x00, 0x00, 0x00, 0x00, 0x00, 0x00, 0x00, 0x00, 0x00, 0x00,
    0x00, 0x00, 0x00, 0x00, 0x00, 0x00, 0x00, 0x00, 0x00, 0x00, 0x00, 0x00, 0x00, 0x00, 0x00, 0x00,
    0x00, 0x00, 0x00, 0x00, 0x00, 0x00, 0x00, 0x00, 0x00, 0x00, 0x00, 0x30, 0x00, 0x00, 0x00, 0x0c,
    0x00, 0x00, 0x00, 0x00, 0x00, 0x00, 0x0c, 0x00, 0x00, 0x00, 0x00, 0x00, 0xc0, 0x30, 0x03, 0x00,
    0x30, 0x00, 0x03, 0x0c, 0x30, 0x4c, 0x33, 0x00, 0xc0, 0x30, 0x00, 0x0c, 0x30, 0xc3, 0x00, 0x00,
    0xc0, 0x00, 0x30, 0x00, 0x03, 0x0c, 0x00, 0x00, 0x00, 0x00, 0x03, 0x00, 0x03, 0x12, 0x08, 0x00,
    0x00, 0x00, 0x00, 0x00, 0x00, 0x00, 0x00, 0x00, 0x00, 0x00, 0x00, 0x00, 0x00, 0x00, 0x00, 0x00,
    0x00, 0x00, 0x00, 0x00, 0x00, 0x00, 0x00, 0x00, 0x00, 0x00, 0x00, 0x00, 0x00, 0x00, 0x00, 0x00,
    0x00, 0x00, 0x00, 0x00, 0x00, 0x00, 0x00, 0x00, 0x00, 0x00, 0x00, 0x00, 0x00, 0x00, 0x00, 0x00,
    0x00, 0xc0, 0x00, 0x00, 0x00, 0x00, 0x00, 0x00, 0x00, 0x00, 0x00, 0x00, 0x00, 0x00, 0x00, 0x00,
    0x00, 0xc0, 0x0c, 0x00, 0x00, 0x00, 0x00, 0x00, 0x00, 0x00, 0x00, 0x00, 0x00, 0x00, 0x00, 0x00,
    0x00, 0x00, 0x00, 0x0c, 0x00, 0x00, 0xc0, 0x03, 0x00, 0xc0, 0xc0, 0x00, 0xcc, 0xc0, 0xc0, 0x30,
    0x03, 0x00, 0x0c, 0x00, 0x00, 0x00, 0x03, 0x00, 0x00, 0xc0, 0x00, 0x0c, 0x30, 0x00, 0x30, 0xc0,
    0x00, 0xc3, 0x00, 0x00, 0x01, 0x00, 0x00, 0x00, 0x00, 0x00, 0x00, 0x00, 0x00, 0x00, 0x00, 0x00,
    0x00, 0x00, 0x00, 0x00, 0x00, 0x00, 0x00, 0x00, 0x00, 0x00, 0x00, 0x30, 0x00, 0x00, 0x00, 0x00,
    0x00, 0x00, 0x00, 0x00, 0x00, 0x00, 0x00, 0x00, 0x00, 0x00, 0x00, 0x00, 0x00, 0x00, 0x00, 0x00,
    0x00, 0x00, 0x00, 0x00, 0x00, 0x00, 0x00, 0x00, 0x00, 0x00, 0x00, 0x00, 0x00, 0x00, 0x00, 0x00,
    0x00, 0xc0, 0x00, 0x30, 0x00, 0x00, 0x00, 0x00, 0x00, 0x00, 0x00, 0x00, 0x00, 0x00, 0x00, 0x00,
    0x00, 0x00, 0x00, 0x00, 0x00, 0x03, 0x00, 0x00, 0x00, 0x00, 0xc3, 0x00, 0x0c, 0x0c, 0x00, 0xc0,
    0x0c, 0x0c, 0x00, 0xc0, 0x03, 0x0c, 0x0c, 0x00, 0x30, 0x03, 0x00, 0xc3, 0x0c, 0x30, 0xc0, 0x30,
    0x30, 0x0c, 0x0c, 0x00, 0x00, 0x00, 0x00, 0x03, 0x00, 0x00, 0x00, 0x00, 0x00, 0x88, 0x41, 0x00,
    0x00, 0x00, 0x00, 0x00, 0x00, 0x00, 0x00, 0x00, 0x00, 0x00, 0x00, 0x00, 0x00, 0x00, 0x00, 0x00,
    0x00, 0x00, 0x00, 0x00, 0x00, 0x00, 0x00, 0x00, 0x00, 0x00, 0x00, 0x00, 0x00, 0x00, 0x00, 0x00,
    0x00, 0x00, 0x00, 0x00, 0x00, 0x00, 0x00, 0x00, 0x00, 0x00, 0x00, 0x00, 0x00, 0x00, 0x00, 0x00,
    0x00, 0x00, 0x00, 0x00, 0x00, 0x00, 0x00, 0x00, 0x00, 0x00, 0x03, 0x00, 0x00, 0x00, 0x00, 0xc0,
    0x00, 0x00, 0x00, 0x00, 0x00, 0x00, 0x00, 0xc0, 0x00, 0x00, 0x00, 0x00, 0x30, 0x00, 0x00, 0x00,
    0x03, 0x00, 0x00, 0x00, 0xc0, 0x00, 0x0c, 0x00, 0xc0, 0x00, 0x0c, 0x0c, 0xcc, 0x30, 0xc0, 0xc3,
    0x00, 0x30, 0x00, 0x00, 0x00, 0x00, 0x03, 0x03, 0x00, 0x00, 0xc0, 0x00, 0x00, 0x30, 0xc0, 0x00,
    0x00, 0x00, 0x00, 0x00, 0x0c, 0x00, 0x20, 0x00, 0x00, 0x00, 0x00, 0x00, 0x00, 0x00, 0x00, 0x00,
    0x00, 0x00, 0x00, 0x00, 0x00, 0x00, 0x00, 0x00, 0x00, 0x00, 0x00, 0x00, 0x00, 0x00, 0x00, 0x00,
    0x00, 0x00, 0x00, 0x00, 0x00, 0x00, 0x00, 0x00, 0x00, 0x0c, 0x00, 0x00, 0x00, 0x03, 0x00, 0x00,
    0x00, 0xc0, 0x00, 0x00, 0x00, 0x00, 0x00, 0x00, 0x00, 0x00, 0x00, 0x00, 0x00, 0x00, 0x00, 0x00,
    0x00, 0x00, 0xc0, 0x00, 0x0c, 0x00, 0x0c, 0x00, 0x30, 0x00, 0x00, 0x00, 0x00, 0x00, 0x0c, 0x00,
    0x00, 0x00, 0xc0, 0x30, 0x00, 0x00, 0x00, 0x00, 0xc0, 0x00, 0x00, 0x30, 0x00, 0xc0, 0xc0, 0x0c,
    0x00, 0xc0, 0xc0, 0x00, 0x03, 0x03, 0x0c, 0x00, 0x03, 0x00, 0xc3, 0x0c, 0x30, 0xc3, 0x00, 0x00,
    0x0c, 0x30, 0x00, 0xc3, 0x0c, 0x00, 0x00, 0x00, 0x0c, 0x00, 0x00, 0x00, 0x01, 0x12, 0x00, 0x00,
    0x00, 0x00, 0x00, 0x00, 0x00, 0x00, 0x00, 0x00, 0x00, 0x00, 0x00, 0x00, 0x00, 0x00, 0x00, 0x00,
    0x00, 0x00, 0x00, 0x00, 0x00, 0x00, 0x00, 0x00, 0x00, 0x00, 0x00, 0x00, 0x00, 0x00, 0x00, 0x00,
    0x00, 0x00, 0x00, 0x00, 0x00, 0x00, 0x00, 0x03, 0x00, 0x00, 0x00, 0x00, 0x00, 0x00, 0x00, 0x00,
    0x00, 0x00, 0x00, 0x00, 0x00, 0x00, 0x00, 0x00, 0x00, 0x00, 0x00, 0x00, 0x00, 0x03, 0x00, 0x00,
    0x00, 0x00, 0xc0, 0x00, 0x00, 0x30, 0x00, 0x00, 0x00, 0x00, 0x00, 0x00, 0x00, 0x00, 0x00, 0x00,
    0x00, 0x00, 0xc3, 0x00, 0x0c, 0x00, 0x00, 0xc0, 0x0c, 0x00, 0x00, 0xc0, 0xcc, 0x30, 0x00, 0x30,
    0xc0, 0x00, 0x00, 0x00, 0x00, 0x00, 0x30, 0xc3, 0x00, 0x00, 0x0c, 0x00, 0x00, 0x00, 0x0c, 0x00,
    0x00, 0x10, 0x00, 0x00, 0x04, 0x80, 0x04, 0x00, 0x00, 0x00, 0x00, 0x00, 0x00, 0x00, 0x00, 0x00,
    0x00, 0x00, 0x00, 0x00, 0x00, 0x00, 0x00, 0x00, 0x00, 0x00, 0x00, 0x00, 0x00, 0x00, 0x00, 0x00,
    0x00, 0x00, 0x00, 0x00, 0x00, 0x30, 0x00, 0x00, 0x00, 0x00, 0x00, 0x00, 0x00, 0x00, 0x00, 0x00,
    0x00, 0x00, 0x00, 0x00, 0x00, 0x00, 0x00, 0x00, 0x00, 0x00, 0x00, 0x00, 0x00, 0x00, 0x00, 0x00,
    0x00, 0x00, 0x00, 0x00, 0x00, 0x00, 0x00, 0x00, 0x00, 0x00, 0x00, 0x00, 0x0c, 0x00, 0x00, 0x00,
    0x00, 0x0c, 0x00, 0x00, 0x00, 0x00, 0x00, 0x00, 0x00, 0x00, 0x00, 0x03, 0x00, 0x30, 0x30, 0x00,
    0xc0, 0x0c, 0x0c, 0x00, 0x03, 0x03, 0x30, 0x00, 0x00, 0xc3, 0x0c, 0x30, 0xc3, 0x0c, 0x00, 0x00,
    0x0c, 0x0c, 0x00, 0x00, 0x00, 0x0c, 0x00, 0x0c, 0x00, 0x00, 0xc0, 0x40, 0x08, 0x04, 0x40, 0x80,
    0x00, 0x00, 0x00, 0x00, 0x00, 0x00, 0x00, 0x00, 0x00, 0x00, 0x00, 0x00, 0x00, 0x00, 0x00, 0x00,
    0x00, 0x00, 0x00, 0x00, 0x00, 0x00, 0x00, 0x00, 0x00, 0x00, 0x00, 0x00, 0x00, 0x00, 0x00, 0x00,
    0x00, 0x00, 0x00, 0x00, 0x00, 0x00, 0x00, 0x00, 0x00, 0x00, 0x00, 0x00, 0x00, 0x00, 0x00, 0x00,
    0x00, 0x00, 0x00, 0x00, 0x00, 0x00, 0x00, 0x00, 0x00, 0xc0, 0x00, 0x00, 0x00, 0x00, 0x00, 0x00,
    0x00, 0x0c, 0x00, 0x0c, 0x00, 0x00, 0x00, 0x00, 0x03, 0x00, 0x00, 0x00, 0x00, 0x30, 0x00, 0xc0,
    0x00, 0x00, 0x00, 0x30, 0x03, 0x00, 0x00, 0x0c, 0x00, 0xc0, 0xc0, 0x33, 0x30, 0x30, 0x03, 0x0c,
    0x30, 0x00, 0x00, 0x00, 0x00, 0x00, 0x30, 0xc3, 0x00, 0xc0, 0xc0, 0x30, 0xc3, 0x00, 0x00, 0x00,
    0x00, 0x30, 0x00, 0x03, 0x00, 0x80, 0x20, 0x00, 0x00, 0x00, 0x00, 0x00, 0x00, 0x00, 0x00, 0x00,
    0x00, 0x00, 0x00, 0x00, 0x00, 0x00, 0x00, 0x00, 0x00, 0x00, 0x00, 0x00, 0x00, 0x00, 0x00, 0x00,
    0x00, 0x00, 0x00, 0x00, 0x00, 0x00, 0x00, 0x00, 0x00, 0x00, 0x00, 0x00, 0x00, 0x00, 0x00, 0x00,
    0x00, 0x00, 0x00, 0x00, 0x00, 0x00, 0x00, 0x00, 0x00, 0x00, 0x00, 0x00, 0x0c, 0x00, 0x00, 0x00,
    0x00, 0x00, 0x00, 0x00, 0xc0, 0x00, 0x00, 0x00, 0x00, 0x00, 0x00, 0x00, 0x00, 0x00, 0x00, 0x00,
    0x00, 0x00, 0x00, 0x00, 0x00, 0x00, 0x0c, 0x00, 0x00, 0x0c, 0x30, 0x00, 0x30, 0x03, 0x0c, 0xc0,
    0xcc, 0x33, 0x37, 0x30, 0x03, 0x00, 0xc0, 0x00, 0x00, 0xc3, 0x0c, 0x30, 0xc3, 0x0c, 0x00, 0x00,
    0x0c, 0x00, 0x03, 0x00, 0x00, 0x00, 0xc3, 0x00, 0x04, 0x00, 0x00, 0x00, 0x04, 0x12, 0x00, 0x00,
    0x00, 0x00, 0x00, 0x00, 0x00, 0x00, 0x00, 0x00, 0x00, 0x30, 0x00, 0x00, 0x00, 0x00, 0x00, 0x00,
    0x0c, 0x00, 0x00, 0x00, 0x00, 0x00, 0x00, 0x00, 0x00, 0x00, 0x00, 0x00, 0x00, 0x00, 0x00, 0x00,
    0x00, 0x00, 0x00, 0x00, 0x00, 0x00, 0x00, 0x00, 0x00, 0x00, 0x00, 0x0c, 0x00, 0x00, 0x00, 0x00,
    0x0c, 0x00, 0x00, 0x00, 0x00, 0x00, 0x00, 0x00, 0x00, 0x00, 0x30, 0x0c, 0x00, 0x30, 0x00, 0x03,
    0x00, 0xc0, 0x00, 0x00, 0x00, 0x00, 0x00, 0x00, 0xc0, 0x00, 0x00, 0x00, 0x30, 0x00, 0x00, 0x00,
    0x00, 0x00, 0x00, 0xc3, 0x00, 0xcc, 0xc4, 0xcd, 0x33, 0x49, 0x23, 0x33, 0x30, 0x30, 0x03, 0x0c,
    0x0c, 0x00, 0x00, 0x00, 0x00, 0x00, 0x30, 0xc3, 0x00, 0x0c, 0x00, 0x00, 0x00, 0x0c, 0x00, 0x00,
    0x40, 0x00, 0x00, 0x00, 0x08, 0x00, 0x04, 0x80, 0x00, 0x00, 0x00, 0x00, 0x00, 0x00, 0x00, 0x00,
    0x00, 0x00, 0x00, 0x00, 0x00, 0x00, 0x00, 0x00, 0x00, 0x00, 0x00, 0x00, 0x00, 0x00, 0x00, 0x00,
    0x00, 0x00, 0x00, 0x00, 0x00, 0x00, 0x00, 0x00, 0x00, 0x00, 0x00, 0x00, 0x00, 0x00, 0x00, 0x00,
    0x00, 0x00, 0x00, 0x00, 0x00, 0x00, 0x00, 0x00, 0x00, 0x00, 0x00, 0x00, 0x00, 0x00, 0x0c, 0x00,
    0x00, 0x00, 0x00, 0x00, 0x00, 0x00, 0x00, 0x30, 0x00, 0x00, 0x00, 0xc0, 0x00, 0x00, 0xc0, 0xc0,
    0x00, 0x00, 0x00, 0x30, 0x00, 0x00, 0x00, 0x00, 0x0c, 0x00, 0xc0, 0x0c, 0x33, 0x31, 0x33, 0x13,
    0x18, 0xb3, 0x32, 0x34, 0xc3, 0x03, 0x00, 0x00, 0xc0, 0x30, 0xc3, 0x0c, 0x30, 0xc3, 0x00, 0x00,
    0x0c, 0x00, 0x30, 0x0c, 0x30, 0xc0, 0x00, 0x0c, 0x00, 0x00, 0x00, 0xc0, 0x01, 0x32, 0x00, 0x00,
    0x00, 0x00, 0x03, 0x00, 0x00, 0x00, 0x00, 0x00, 0x00, 0x00, 0x00, 0x00, 0x00, 0x00, 0x00, 0x00,
    0x00, 0x00, 0x00, 0x00, 0x00, 0x00, 0x00, 0x00, 0x00, 0x00, 0x00, 0x00, 0x00, 0x00, 0x00, 0x00,
    0x00, 0x00, 0x00, 0x00, 0x00, 0x0c, 0x00, 0x00, 0x00, 0x00, 0x00, 0x00, 0x00, 0x30, 0x00, 0x03,
    0x00, 0x00, 0x00, 0x00, 0x00, 0x00, 0x00, 0x00, 0x00, 0x0c, 0x00, 0x00, 0x00, 0x00, 0x0c, 0x00,
    0x00, 0x00, 0x00, 0x00, 0x00, 0x00, 0x00, 0x00, 0x00, 0x00, 0x03, 0x00, 0x00, 0x00, 0x00, 0x00,
    0x00, 0x00, 0x0c, 0xc0, 0xc1, 0x18, 0xc8, 0x8c, 0x8c, 0x4c, 0x8d, 0xcc, 0x30, 0x30, 0x30, 0xc0,
    0x03, 0x00, 0x00, 0x00, 0x00, 0x00, 0x0c, 0x30, 0xc0, 0xc3, 0x00, 0xc0, 0x00, 0x00, 0x04, 0x00,
    0x03, 0x00, 0x00, 0x00, 0x13, 0x00, 0x48, 0x10, 0x00, 0x0c, 0x00, 0x00, 0x00, 0x00, 0x00, 0x00,
    0x00, 0x00, 0x00, 0x00, 0x00, 0x00, 0x00, 0x00, 0x00, 0x00, 0x00, 0x00, 0x00, 0x00, 0x00, 0x00,
    0x00, 0x00, 0x00, 0x00, 0x00, 0x00, 0x00, 0x00, 0x00, 0x00, 0x00, 0x00, 0x00, 0x00, 0x00, 0x00,
    0x00, 0x00, 0x00, 0x00, 0x00, 0x00, 0x00, 0x30, 0x00, 0x00, 0x00, 0x00, 0x00, 0x00, 0x00, 0x00,
    0x00, 0xc0, 0x00, 0x00, 0x00, 0x00, 0x00, 0x00, 0x00, 0x00, 0x00, 0x00, 0x0c, 0x00, 0x00, 0x00,
    0x00, 0x00, 0x00, 0x00, 0x00, 0x00, 0x00, 0x00, 0x00, 0x00, 0x00, 0x0c, 0x0c, 0xcc, 0x23, 0x22,
    0x32, 0xc8, 0xd3, 0x33, 0x00, 0x00, 0x00, 0x0c, 0x00, 0x0c, 0x30, 0xc3, 0x0c, 0x30, 0xc0, 0x00,
    0x00, 0x00, 0x00, 0x00, 0x00, 0x00, 0x03, 0x00, 0x00, 0x03, 0x00, 0x00, 0x00, 0x10, 0x00, 0x00,
    0x00, 0x00, 0x00, 0x00, 0x00, 0x00, 0x00, 0x00, 0x00, 0x00, 0x00, 0x00, 0x00, 0x00, 0x00, 0x00,
    0x00, 0x00, 0x00, 0x00, 0x00, 0x00, 0x00, 0x00, 0x00, 0x00, 0x00, 0x00, 0x00, 0x00, 0x00, 0x00,
    0x00, 0x00, 0x00, 0x00, 0x00, 0x00, 0x00, 0x00, 0x00, 0x00, 0x00, 0x00, 0x00, 0x00, 0x00, 0x00,
    0x00, 0x00, 0x00, 0x00, 0x00, 0x00, 0x00, 0x00, 0x00, 0x00, 0x00, 0x30, 0x00, 0xc0, 0x00, 0x00,
    0x00, 0x00, 0x00, 0x00, 0x00, 0x00, 0x00, 0x00, 0x00, 0x03, 0x00, 0x00, 0x00, 0x0c, 0x00, 0x03,
    0x00, 0x00, 0x00, 0xc0, 0xc2, 0x22, 0x31, 0x33, 0x48, 0x73, 0x32, 0x30, 0x73, 0x0c, 0xc3, 0x00,
    0xc0, 0xc0, 0x00, 0x00, 0x00, 0x00, 0x03, 0x0c, 0x30, 0xc0, 0xc0, 0x0c, 0x30, 0x30, 0xc0, 0x00,
    0xc0, 0x00, 0x00, 0x00, 0x08, 0x82, 0x12, 0x00, 0x00, 0x00, 0x00, 0x00, 0x00, 0x00, 0x00, 0x00,
    0x00, 0x00, 0x00, 0x00, 0x00, 0x00, 0x00, 0x00, 0x00, 0x00, 0x00, 0x00, 0x00, 0x00, 0x00, 0x00,
    0x00, 0x00, 0x00, 0x00, 0x00, 0x00, 0x00, 0x00, 0x00, 0x00, 0x00, 0x00, 0x00, 0x00, 0x00, 0x00,
    0x00, 0x00, 0x00, 0x00, 0x00, 0x00, 0x00, 0x00, 0x00, 0x00, 0x00, 0x00, 0x00, 0x00, 0x00, 0x00,
    0x00, 0x00, 0x03, 0x00, 0x0c, 0x00, 0x00, 0x00, 0x00, 0xc0, 0x30, 0x00, 0x00, 0x0c, 0x00, 0x00,
    0x00, 0xc0, 0x00, 0x00, 0x00, 0xc0, 0x0c, 0x00, 0x00, 0x0c, 0x00, 0x00, 0x03, 0x04, 0xc7, 0x11,
    0x33, 0x21, 0x8c, 0xd3, 0x00, 0x00, 0x00, 0x00, 0x0c, 0x03, 0x0c, 0x30, 0xc0, 0xc3, 0x00, 0x00,
    0x00, 0x0c, 0x03, 0x00, 0x00, 0x00, 0x00, 0x00, 0x00, 0x00, 0x00, 0x00, 0x01, 0x00, 0x20, 0x10,
    0x00, 0x00, 0x00, 0x00, 0x00, 0x00, 0x00, 0x00, 0x00, 0x00, 0x00, 0x00, 0x00, 0x00, 0x00, 0x00,
    0x00, 0x00, 0x00, 0x00, 0x00, 0x00, 0x00, 0x00, 0x00, 0x00, 0x00, 0x00, 0x00, 0x00, 0x00, 0x00,
    0x00, 0x30, 0x00, 0x00, 0x00, 0x00, 0x00, 0x00, 0x00, 0x00, 0x00, 0x00, 0x00, 0x00, 0x00, 0x00,
    0x00, 0x00, 0x00, 0x00, 0x00, 0x00, 0x00, 0x00, 0x00, 0x00, 0x00, 0x00, 0x00, 0x00, 0x30, 0x00,
    0x0c, 0x00, 0x00, 0x0c, 0x00, 0x00, 0x00, 0xc0, 0x30, 0x00, 0x00, 0x00, 0x0c, 0x00, 0x00, 0x00,
    0x00, 0xc0, 0x00, 0x00, 0x00, 0x73, 0x10, 0x8e, 0x24, 0xcc, 0xc9, 0xc8, 0x33, 0x30, 0xc3, 0x0c,
    0x00, 0x30, 0x00, 0x00, 0x0c, 0x00, 0x30, 0xc3, 0x0c, 0x00, 0x30, 0x00, 0x03, 0x00, 0x00, 0x30,
    0x00, 0x00, 0x00, 0x00, 0x30, 0x21, 0x01, 0x03, 0x00, 0x00, 0x00, 0x00, 0x00, 0x00, 0x00, 0x00,
    0x00, 0x00, 0x00, 0x00, 0x00, 0x00, 0x00, 0x00, 0x00, 0x00, 0x00, 0x00, 0x00, 0x00, 0x00, 0x00,
    0x00, 0x00, 0x00, 0x00, 0x00, 0x00, 0x00, 0x00, 0x00, 0x00, 0x00, 0x00, 0x00, 0x00, 0x00, 0x00,
    0x00, 0x00, 0x00, 0x00, 0x00, 0x00, 0x00, 0x00, 0x00, 0x00, 0x00, 0x0c, 0x00, 0x00, 0x00, 0x00,
    0x00, 0x00, 0x00, 0x00, 0x00, 0x00, 0x00, 0x00, 0xc0, 0x00, 0x00, 0x00, 0x00, 0x00, 0x00, 0x00,
    0x00, 0x00, 0x00, 0x00, 0xc0, 0x00, 0x00, 0x00, 0x00, 0x00, 0x00, 0x00, 0x0c, 0x08, 0x23, 0x23,
    0x33, 0x27, 0x23, 0x30, 0xc0, 0x00, 0x00, 0x00, 0x30, 0x00, 0xc0, 0xc3, 0x00, 0x30, 0x00, 0x00,
    0x00, 0xc3, 0x00, 0x30, 0xc0, 0x00, 0x0c, 0x00, 0x03, 0x00, 0x0c, 0x00, 0x04, 0x04, 0x20, 0x20,
    0x00, 0x00, 0x00, 0x00, 0x00, 0x00, 0x00, 0x00, 0x00, 0x00, 0x00, 0x00, 0x00, 0x00, 0x00, 0x00,
    0x00, 0x00, 0x00, 0x00, 0x00, 0x00, 0x00, 0x00, 0x00, 0x00, 0x00, 0x00, 0x00, 0x00, 0x00, 0x00,
    0x00, 0x00, 0x00, 0x00, 0x00, 0x00, 0x00, 0x00, 0x00, 0x00, 0x00, 0x00, 0x00, 0x00, 0x00, 0x00,
    0x00, 0x00, 0x00, 0x00, 0x00, 0x00, 0x00, 0x00, 0x00, 0xc0, 0xc0, 0x00, 0x00, 0x00, 0x00, 0x0c,
    0x00, 0x00, 0x00, 0x00, 0x03, 0x00, 0x00, 0x00, 0x00, 0x00, 0x00, 0x30, 0x00, 0x00, 0x00, 0x00,
    0x00, 0x00, 0x0c, 0x00, 0x02, 0x71, 0x32, 0x31, 0x22, 0x70, 0xcc, 0xc3, 0x0c, 0x0c, 0x30, 0xc3,
    0x03, 0x00, 0x0c, 0x00, 0x03, 0x03, 0x0c, 0x30, 0xc0, 0x00, 0x03, 0x00, 0x00, 0x0c, 0x00, 0x00,
    0x30, 0x00, 0xc0, 0x00, 0x02, 0x12, 0x01, 0x00, 0x00, 0x00, 0x00, 0x00, 0x00, 0x00, 0x00, 0x00,
    0x00, 0x00, 0x00, 0x00, 0x00, 0x00, 0x00, 0x00, 0x00, 0x00, 0x00, 0x03, 0x00, 0x00, 0x00, 0x00,
    0x00, 0x00, 0x00, 0x00, 0x03, 0x00, 0x00, 0x00, 0x00, 0x00, 0x00, 0x00, 0x00, 0x00, 0x00, 0x00,
    0xc0, 0x00, 0x00, 0xc0, 0x00, 0x00, 0x00, 0x00, 0x00, 0x00, 0x00, 0x00, 0x00, 0x00, 0x00, 0x00,
    0x00, 0x00, 0x00, 0x00, 0x00, 0x00, 0x00, 0x00, 0x00, 0x00, 0x00, 0xc0, 0x00, 0x00, 0x30, 0x00,
    0x00, 0x00, 0x03, 0x00, 0x00, 0x00, 0x00, 0x0c, 0x00, 0x00, 0x00, 0x03, 0x0c, 0x08, 0xc8, 0x4e,
    0x34, 0xcb, 0x27, 0x00, 0x00, 0xc0, 0x00, 0x00, 0x00, 0x30, 0xc0, 0x30, 0x30, 0x00, 0x00, 0x00,
    0x0c, 0x30, 0x30, 0x00, 0x0c, 0x00, 0x00, 0x00, 0x00, 0x00, 0x00, 0x00, 0x20, 0x00, 0x12, 0x01,
    0x00, 0x00, 0x00, 0x00, 0x00, 0x00, 0x00, 0x00, 0x00, 0x00, 0x00, 0x00, 0x00, 0x00, 0x00, 0x00,
    0x00, 0x00, 0x00, 0x00, 0x00, 0x00, 0x00, 0x00, 0x00, 0x00, 0x00, 0x00, 0x00, 0x00, 0x00, 0x00,
    0x00, 0x00, 0x00, 0x00, 0x00, 0x30, 0x00, 0x00, 0x00, 0x00, 0x00, 0x00, 0x00, 0x00, 0x00, 0x00,
    0x00, 0x00, 0x00, 0x00, 0x00, 0x00, 0x00, 0x00, 0x00, 0x00, 0x00, 0x0c, 0x0c, 0x0c, 0x00, 0x00,
    0x00, 0x00, 0x30, 0x00, 0x00, 0x00, 0x00, 0x00, 0x00, 0x00, 0x30, 0x00, 0x00, 0x00, 0x00, 0xc0,
    0x0c, 0x00, 0x00, 0x00, 0x01, 0xc3, 0x13, 0x23, 0x23, 0x31, 0xcc, 0x8c, 0xcc, 0x03, 0x0c, 0x0c,
    0x30, 0x00, 0x03, 0x03, 0x00, 0xc3, 0x0c, 0x0c, 0x00, 0x03, 0x00, 0x0c, 0x00, 0x00, 0xc0, 0xc0,
    0x00, 0x00, 0x00, 0x00, 0x04, 0x88, 0x40, 0x20, 0x00, 0x00, 0x00, 0x00, 0x00, 0x00, 0x00, 0x00,
    0x00, 0x00, 0x00, 0x00, 0x00, 0x00, 0x00, 0x00, 0x0c, 0x00, 0x00, 0x00, 0x00, 0x00, 0x00, 0x00,
    0x00, 0x00, 0x00, 0x00, 0x00, 0x00, 0x00, 0x00, 0x00, 0x00, 0x00, 0x00, 0x00, 0x00, 0x00, 0x00,
    0x00, 0x00, 0x00, 0x00, 0x00, 0x00, 0x00, 0x00, 0x00, 0x00, 0x00, 0x00, 0x00, 0x03, 0x00, 0x00,
    0x00, 0x00, 0x00, 0xc0, 0x00, 0x00, 0x0c, 0x00, 0x00, 0x03, 0x00, 0x00, 0x00, 0x00, 0x00, 0x0c,
    0x0c, 0x03, 0x00, 0x00, 0x00, 0x00, 0x30, 0x00, 0x00, 0x00, 0xc0, 0x00, 0x1c, 0x20, 0x8c, 0x8c,
    0x73, 0x23, 0x23, 0x00, 0x00, 0xc0, 0x00, 0xc0, 0x00, 0xc3, 0x00, 0x00, 0x0c, 0x00, 0x00, 0xc0,
    0xc3, 0x00, 0x03, 0x00, 0x30, 0x30, 0x00, 0x01, 0x00, 0x00, 0x00, 0x00, 0x00, 0x00, 0xc8, 0x00,
    0x00, 0x00, 0x00, 0x00, 0x00, 0x00, 0x00, 0x00, 0x00, 0x00, 0x00, 0x00, 0x00, 0x00, 0x00, 0x00,
    0x00, 0x00, 0x00, 0x00, 0x00, 0x00, 0x00, 0x00, 0x00, 0x00, 0x00, 0x00, 0x00, 0x00, 0x00, 0x00,
    0x00, 0x00, 0x00, 0x00, 0x00, 0x00, 0x00, 0x00, 0x00, 0x00, 0x00, 0x00, 0x00, 0x00, 0x00, 0x00,
    0x00, 0x00, 0x00, 0x00, 0x00, 0x00, 0x00, 0x00, 0x00, 0xc0, 0x0c, 0x00, 0x00, 0x00, 0x00, 0x00,
    0x00, 0x00, 0x00, 0x00, 0x30, 0x0c, 0x00, 0x00, 0x00, 0x00, 0x00, 0x00, 0x00, 0x00, 0x00, 0x00,
    0x00, 0x00, 0x00, 0x00, 0x02, 0x0c, 0x48, 0xd3, 0x22, 0x72, 0x3c, 0x33, 0x30, 0x03, 0x0c, 0x00,
    0x0c, 0x00, 0x30, 0xc0, 0xc0, 0x30, 0xc0, 0x00, 0x00, 0x30, 0x30, 0x00, 0x00, 0x00, 0x04, 0x00,
    0x30, 0x30, 0x00, 0x00, 0x0c, 0x48, 0x01, 0x12, 0x00, 0x00, 0x00, 0x00, 0x00, 0x00, 0x00, 0x00,
    0x00, 0x00, 0x00, 0x00, 0x00, 0x00, 0x00, 0x00, 0x00, 0x00, 0x00, 0x00, 0x00, 0x00, 0x00, 0x00,
    0x00, 0x00, 0x00, 0x00, 0x00, 0x00, 0x00, 0x00, 0x00, 0x00, 0x00, 0x00, 0x00, 0x00, 0x00, 0x00,
    0x00, 0x00, 0x00, 0x00, 0x00, 0x00, 0x00, 0x00, 0x00, 0x00, 0x00, 0x00, 0x00, 0x00, 0x00, 0x00,
    0x00, 0x00, 0xc0, 0x00, 0x00, 0x00, 0x00, 0x03, 0x00, 0xc0, 0x00, 0x00, 0x00, 0x00, 0x00, 0x00,
    0x00, 0x00, 0x00, 0x00, 0x00, 0x30, 0x00, 0x00, 0x00, 0x00, 0x00, 0x30, 0x30, 0xc6, 0x33, 0x26,
    0x37, 0x0c, 0xc8, 0x00, 0x0c, 0xc0, 0x00, 0x33, 0x00, 0x30, 0x00, 0x0c, 0x00, 0x00, 0x0c, 0x30,
    0xc3, 0x03, 0x00, 0x0c, 0x03, 0x00, 0x00, 0x30, 0x00, 0x00, 0x00, 0x00, 0x01, 0x01, 0x20, 0xc0,
    0x00, 0x00, 0x00, 0x00, 0x00, 0x00, 0x00, 0x00, 0x00, 0x00, 0x00, 0x00, 0x00, 0x00, 0x00, 0x00,
    0x00, 0x00, 0x00, 0x00, 0x00, 0x00, 0x00, 0x00, 0x00, 0x00, 0x00, 0x00, 0x00, 0x00, 0x00, 0x00,
    0x00, 0x00, 0x00, 0x00, 0x00, 0x00, 0x00, 0x00, 0x00, 0x00, 0x00, 0x00, 0x00, 0xc0, 0x00, 0x00,
    0x00, 0x00, 0x00, 0x00, 0x00, 0x00, 0x00, 0x00, 0x00, 0x00, 0x00, 0x00, 0x00, 0x00, 0x00, 0x00,
    0x00, 0x00, 0x00, 0x00, 0x00, 0x00, 0x03, 0x00, 0x00, 0x00, 0x00, 0x00, 0x0c, 0x00, 0x00, 0x00,
    0x00, 0x30, 0x00, 0x00, 0x0c, 0x48, 0xc4, 0x8c, 0xcc, 0xb2, 0x74, 0xcc, 0xc0, 0x03, 0x0c, 0x00,
    0x03, 0x00, 0xc0, 0xc0, 0x30, 0xc3, 0x00, 0x00, 0x00, 0x00, 0x03, 0x00, 0x30, 0x01, 0x0c, 0x00,
    0x00, 0x00, 0x00, 0x30, 0x08, 0x20, 0x04, 0x04, 0x40, 0x00, 0x00, 0x00, 0x00, 0x00, 0x00, 0x00,
    0x00, 0x00, 0x00, 0x00, 0x00, 0x00, 0x00, 0x00, 0x00, 0x00, 0x00, 0x00, 0x00, 0x00, 0x00, 0x00,
    0x00, 0x00, 0x00, 0x00, 0x00, 0x00, 0x00, 0x00, 0x00, 0x00, 0x00, 0x00, 0x00, 0x00, 0x00, 0x30,
    0x00, 0x00, 0x30, 0x00, 0x00, 0x00, 0x00, 0x00, 0x00, 0x00, 0x00, 0x00, 0x00, 0x00, 0x00, 0x00,
    0x00, 0x00, 0x00, 0x00, 0x0c, 0x0c, 0x00, 0xc0, 0x00, 0x00, 0x00, 0x0c, 0x00, 0x00, 0x00, 0x00,
    0x00, 0x00, 0x00, 0x00, 0xc0, 0x00, 0x00, 0x00, 0x0c, 0x00, 0x03, 0x00, 0xc4, 0x83, 0x18, 0xcc,
    0x93, 0x1c, 0xcc, 0x00, 0x0c, 0x30, 0x00, 0x00, 0xc0, 0x0c, 0x0c, 0x03, 0x00, 0x00, 0x03, 0x0c,
    0x30, 0xc0, 0xc0, 0x00, 0x00, 0x00, 0x00, 0x00, 0x0c, 0x00, 0x0c, 0x00, 0x01, 0x07, 0x20, 0x80,
    0x20, 0x00, 0x00, 0x00, 0x00, 0x00, 0x00, 0x00, 0x00, 0x00, 0x00, 0x00, 0x00, 0x00, 0x00, 0x00,
    0x00, 0x00, 0x00, 0x00, 0x00, 0x00, 0x00, 0x00, 0x00, 0x00, 0x00, 0x00, 0x00, 0x00, 0x00, 0x00,
    0x00, 0xc0, 0x00, 0x00, 0x00, 0x00, 0x00, 0x00, 0x00, 0x00, 0x00, 0x00, 0x00, 0x00, 0x00, 0x00,
    0x00, 0x00, 0x00, 0x00, 0x00, 0x00, 0x00, 0x00, 0x00, 0xc0, 0x00, 0x00, 0xc0, 0x00, 0x0c, 0x00,
    0x00, 0x00, 0x00, 0xc0, 0x00, 0xc0, 0x00, 0x00, 0xc0, 0xc0, 0x00, 0x0c, 0x00, 0x00, 0x00, 0x0c,
    0x00, 0x00, 0x00, 0x00, 0x13, 0x31, 0x23, 0x23, 0x38, 0xc8, 0xe0, 0xc3, 0x00, 0x00, 0xc3, 0x30,
    0x00, 0xc0, 0x00, 0x00, 0x0c, 0x30, 0xc0, 0x00, 0x00, 0x0c, 0x00, 0x30, 0xc0, 0x0c, 0x00, 0x0c,
    0x00, 0x00, 0xc0, 0x00, 0x03, 0x00, 0x04, 0x12, 0x00, 0x00, 0x00, 0x00, 0x00, 0x00, 0x00, 0x00,
    0x00, 0x00, 0x00, 0x00, 0x00, 0x00, 0x00, 0x00, 0x00, 0x00, 0x00, 0x00, 0x00, 0x00, 0x00, 0x00,
    0x00, 0x00, 0x00, 0x00, 0x00, 0x00, 0x00, 0x00, 0x00, 0x00, 0x00, 0x00, 0x00, 0xc0, 0x00, 0x00,
    0x00, 0x00, 0x00, 0x00, 0x00, 0x00, 0x00, 0x00, 0x00, 0x00, 0x00, 0x00, 0x00, 0x00, 0x00, 0x00,
    0x00, 0x00, 0x00, 0x0c, 0x00, 0x00, 0x00, 0x00, 0x0c, 0x00, 0x30, 0x00, 0x00, 0x00, 0xc0, 0x00,
    0x00, 0x00, 0xc0, 0xc0, 0x00, 0x00, 0x0c, 0x00, 0x00, 0x00, 0x00, 0x00, 0xc2, 0x08, 0xcc, 0x71,
    0x8c, 0xb3, 0x3c, 0x00, 0x33, 0x30, 0x00, 0x00, 0x30, 0x03, 0x03, 0x0c, 0x00, 0x00, 0x00, 0xc3,
    0x0c, 0x00, 0x30, 0x00, 0x03, 0x00, 0x0c, 0x00, 0x00, 0x00, 0x00, 0x00, 0x00, 0x62, 0x12, 0x00,
    0x00, 0x00, 0x00, 0x00, 0x00, 0x00, 0x00, 0x00, 0x00, 0x0c, 0x00, 0x00, 0x00, 0x00, 0x00, 0x00,
    0x00, 0x00, 0x00, 0x00, 0x00, 0x00, 0x00, 0x00, 0x00, 0x00, 0x00, 0x00, 0x00, 0x00, 0x00, 0x00,
    0x00, 0x00, 0x00, 0x00, 0x0c, 0x00, 0x00, 0x00, 0x00, 0x00, 0x00, 0x00, 0x00, 0x00, 0x00, 0x00,
    0x00, 0x00, 0x00, 0x00, 0x00, 0x00, 0x00, 0x00, 0x00, 0x00, 0xc0, 0xc0, 0x00, 0x00, 0x00, 0x00,
    0x00, 0x03, 0x00, 0x00, 0x00, 0x00, 0x00, 0x0c, 0x00, 0x00, 0x00, 0x00, 0x00, 0x00, 0xc0, 0x00,
    0x00, 0x00, 0x30, 0x00, 0x20, 0x8c, 0x48, 0x8c, 0xc7, 0x1c, 0xd0, 0x33, 0x00, 0x03, 0x0c, 0x0c,
    0x00, 0x30, 0x30, 0x00, 0xc3, 0x0c, 0x30, 0x00, 0x00, 0xc3, 0x03, 0x00, 0x00, 0x00, 0x00, 0x00,
    0x00, 0x00, 0x00, 0x00, 0x02, 0x00, 0x40, 0x88, 0x40, 0x00, 0x00, 0x00, 0x00, 0x00, 0x00, 0x00,
    0x00, 0x00, 0x00, 0x00, 0x00, 0x00, 0x00, 0x00, 0x00, 0x00, 0x00, 0x00, 0x00, 0x00, 0x00, 0x00,
    0x00, 0x00, 0x00, 0x00, 0x00, 0x00, 0x00, 0x00, 0x00, 0x00, 0x00, 0x00, 0x00, 0x00, 0x00, 0x00,
    0x00, 0x00, 0x00, 0x00, 0x00, 0x00, 0x00, 0x00, 0x00, 0x00, 0x00, 0x00, 0x0c, 0x00, 0x00, 0x00,
    0x00, 0x00, 0x00, 0x00, 0x00, 0x00, 0x00, 0x00, 0x00, 0x00, 0x00, 0x00, 0x0c, 0x00, 0x00, 0x00,
    0x00, 0x00, 0x00, 0x00, 0x00, 0x00, 0x00, 0x00, 0x00, 0x00, 0x00, 0x03, 0x0c, 0x44, 0x8c, 0xc6,
    0x32, 0x32, 0xe3, 0x00, 0x0c, 0x30, 0x00, 0xc0, 0x30, 0x00, 0x00, 0xc0, 0x00, 0x00, 0x00, 0xc3,
    0x0c, 0x00, 0x00, 0x0c, 0x30, 0x00, 0x00, 0x30, 0x30, 0x30, 0x00, 0x00, 0x00, 0x12, 0x20, 0x00,
    0x20, 0x00, 0x00, 0x00, 0x00, 0x00, 0x00, 0x00, 0x00, 0x00, 0x00, 0x00, 0x00, 0x00, 0x00, 0x00,
    0x00, 0x00, 0x00, 0x0c, 0x00, 0x00, 0x00, 0x00, 0x00, 0x00, 0x00, 0x00, 0x00, 0x00, 0x00, 0x00,
    0x00, 0x00, 0x00, 0x00, 0x00, 0x00, 0x00, 0x00, 0x00, 0x00, 0x00, 0x00, 0x00, 0x00, 0x00, 0x00,
    0x0c, 0x00, 0x00, 0x00, 0xc0, 0x00, 0x00, 0x00, 0x03, 0x00, 0x00, 0x00, 0x00, 0x30, 0x30, 0x03,
    0x00, 0x00, 0x00, 0x00, 0x00, 0x00, 0x00, 0xc0, 0x00, 0x00, 0x00, 0x00, 0x00, 0x00, 0x00, 0x00,
    0x00, 0x0c, 0x00, 0x00, 0x44, 0xcc, 0xc4, 0x8c, 0xd8, 0xcc, 0xc0, 0x03, 0x00, 0x03, 0x00, 0x03,
    0x03, 0x03, 0x00, 0x0c, 0x30, 0xc3, 0x0c, 0x00, 0x00, 0x30, 0xc0, 0xc0, 0x00, 0x30, 0x30, 0x00,
    0x00, 0x00, 0x00, 0x00, 0x00, 0x30, 0x0c, 0x84, 0x01, 0x00, 0x0c, 0x00, 0x00, 0x00, 0x0c, 0x00,
    0x00, 0x00, 0x00, 0x00, 0x00, 0x00, 0x00, 0x00, 0x30, 0x00, 0x00, 0x00, 0x00, 0x00, 0x00, 0x00,
    0x00, 0x00, 0x00, 0x00, 0x00, 0x00, 0x00, 0x00, 0x00, 0x00, 0x00, 0x00, 0x00, 0x00, 0x00, 0x00,
    0x00, 0x00, 0x00, 0x00, 0x00, 0x00, 0x00, 0x00, 0xc0, 0x00, 0x00, 0x00, 0x00, 0x00, 0x00, 0x00,
    0x00, 0x00, 0x00, 0x00, 0x00, 0x00, 0x00, 0x00, 0x00, 0xc0, 0x00, 0x00, 0x00, 0x00, 0x0c, 0x00,
    0x00, 0x30, 0x00, 0x00, 0x00, 0x30, 0x00, 0x00, 0x30, 0x00, 0x00, 0x03, 0x23, 0x22, 0x23, 0x22,
    0x33, 0x27, 0x73, 0x00, 0x33, 0x30, 0x30, 0x30, 0x00, 0x30, 0x30, 0x00, 0x00, 0x00, 0x00, 0x30,
    0xc3, 0x00, 0x0c, 0x00, 0x03, 0x00, 0x00, 0x00, 0x00, 0x00, 0x00, 0x00, 0x00, 0x04, 0x81, 0x08,
    0x40, 0x00, 0x00, 0x00, 0x00, 0x00, 0x00, 0x00, 0x00, 0x00, 0x00, 0x00, 0x00, 0x00, 0x00, 0x00,
    0x00, 0x00, 0x00, 0x00, 0x00, 0x00, 0x00, 0x00, 0x00, 0x00, 0x00, 0x00, 0x0c, 0x00, 0x00, 0x00,
    0x00, 0x00, 0x00, 0x00, 0x00, 0x00, 0x00, 0x00, 0x00, 0x00, 0x00, 0x00, 0x00, 0x00, 0x00, 0x0c,
    0x00, 0x00, 0x00, 0xc0, 0x00, 0x00, 0x00, 0x00, 0x00, 0x03, 0x03, 0x00, 0x0c, 0x00, 0x00, 0x30,
    0x00, 0x00, 0x00, 0x0c, 0x00, 0x0c, 0x00, 0x00, 0x03, 0x00, 0x0c, 0x00, 0x00, 0x00, 0x00, 0x03,
    0x00, 0x00, 0x00, 0x00, 0x30, 0x81, 0x32, 0x4d, 0x23, 0x72, 0xc0, 0x30, 0x00, 0x03, 0x03, 0x00,
    0xc0, 0x00, 0x03, 0x03, 0x03, 0x0c, 0x30, 0x00, 0x00, 0x0c, 0x00, 0x0c, 0x00, 0x00, 0x00, 0xc0,
    0xc0, 0x00, 0x00, 0x00, 0x10, 0x08, 0x10, 0x80, 0x20, 0x00, 0x00, 0x00, 0x00, 0x00, 0x00, 0x00,
    0x00, 0x00, 0x00, 0x00, 0x00, 0x00, 0x00, 0x00, 0x00, 0x00, 0x00, 0x00, 0x00, 0x00, 0x00, 0x00,
    0x00, 0x00, 0x00, 0x00, 0x00, 0x00, 0x00, 0x00, 0x00, 0x00, 0x00, 0x00, 0x00, 0x00, 0x00, 0x00,
    0x00, 0x00, 0x00, 0x00, 0x30, 0x00, 0x00, 0x00, 0x00, 0x00, 0x00, 0x00, 0x00, 0x00, 0x00, 0x00,
    0x00, 0x00, 0x00, 0x03, 0x00, 0x00, 0x00, 0x00, 0x00, 0x00, 0x30, 0x00, 0x00, 0xc0, 0x00, 0x00,
    0x00, 0x00, 0x00, 0x00, 0xc0, 0x00, 0x00, 0x00, 0x00, 0x00, 0x00, 0xc3, 0x08, 0x33, 0x21, 0xc8,
    0xcc, 0x8c, 0xcc, 0x03, 0x0c, 0x30, 0x30, 0x0c, 0x0c, 0x0c, 0x00, 0x30, 0x30, 0x00, 0x03, 0x0c,
    0x30, 0xc0, 0xc0, 0xc0, 0x30, 0x00, 0x00, 0x00, 0x00, 0xc0, 0x10, 0x00, 0x00, 0x00, 0xc8, 0x12,
    0x01, 0x00, 0x00, 0x00, 0x00, 0x00, 0x00, 0x00, 0x00, 0x00, 0x00, 0x00, 0x00, 0x00, 0x00, 0x00,
    0x00, 0x00, 0x00, 0x00, 0x00, 0x00, 0x00, 0x00, 0x00, 0x00, 0x00, 0x00, 0x00, 0x00, 0x00, 0x03,
    0x00, 0x00, 0x00, 0x00, 0x00, 0x00, 0x00, 0x00, 0x00, 0x00, 0x00, 0x00, 0x00, 0x00, 0x00, 0x00,
    0x00, 0x00, 0x00, 0x00, 0x00, 0x00, 0x00, 0x00, 0x00, 0xc0, 0x00, 0x00, 0x00, 0x03, 0x00, 0x00,
    0x0c, 0x03, 0x00, 0x00, 0x0c, 0x00, 0x00, 0x00, 0x00, 0x00, 0x00, 0x00, 0x00, 0x00, 0x00, 0xc0,
    0x00, 0x00, 0x00, 0x00, 0x47, 0x18, 0x8c, 0x33, 0x24, 0xce, 0x30, 0x30, 0x00, 0x03, 0x00, 0xc0,
    0x00, 0xc0, 0xc0, 0x00, 0x00, 0xc3, 0x00, 0x00, 0x00, 0x00, 0x0c, 0x00, 0x00, 0x03, 0x00, 0x00,
    0x00, 0x00, 0x00, 0x00, 0x00, 0x0c, 0x01, 0x00, 0x40, 0x00, 0x00, 0x00, 0x00, 0x00, 0x00, 0x00,
    0x00, 0x00, 0x00, 0x00, 0x00, 0x00, 0x00, 0x00, 0x00, 0x00, 0x00, 0x00, 0x00, 0x00, 0x00, 0x00,
    0x00, 0x00, 0x00, 0x00, 0x00, 0x00, 0x00, 0x00, 0x00, 0x00, 0x00, 0x00, 0x00, 0x00, 0x00, 0x00,
    0x00, 0x00, 0x03, 0x00, 0x00, 0x00, 0x00, 0x00, 0x00, 0x00, 0x00, 0x00, 0x00, 0x00, 0x00, 0x00,
    0x00, 0x00, 0x00, 0x00, 0x00, 0x00, 0x03, 0x00, 0x00, 0x00, 0x00, 0x00, 0x00, 0x00, 0x00, 0x00,
    0x30, 0x00, 0x00, 0x00, 0x00, 0x00, 0x0c, 0x00, 0x00, 0x00, 0xc0, 0x03, 0x20, 0x82, 0x12, 0x48,
    0xcc, 0xb3, 0x00, 0x00, 0xc3, 0x30, 0x30, 0x03, 0x0c, 0x00, 0x0c, 0x0c, 0x0c, 0x00, 0x30, 0xc3,
    0x0c, 0x30, 0x00, 0x0c, 0x00, 0xc0, 0x03, 0x0c, 0x0c, 0x00, 0x00, 0xc0, 0xc0, 0x01, 0x22, 0x21,
    0x08, 0x00, 0x00, 0x00, 0x00, 0x00, 0x00, 0x00, 0x00, 0x00, 0x00, 0x00, 0x00, 0x00, 0x00, 0x00,
    0x00, 0x00, 0x00, 0x00, 0x00, 0x00, 0x00, 0x00, 0x00, 0x00, 0x00, 0x00, 0x00, 0x00, 0x00, 0x00,
    0x00, 0x00, 0x00, 0x00, 0x00, 0x00, 0x00, 0x00, 0x00, 0x00, 0xc0, 0x00, 0x00, 0x00, 0x00, 0x00,
    0x00, 0x00, 0x00, 0x00, 0x00, 0x00, 0x00, 0x00, 0x00, 0x00, 0xc0, 0xc0, 0x00, 0xc0, 0x00, 0x00,
    0xc0, 0x00, 0x00, 0x30, 0x00, 0x00, 0x00, 0x03, 0x00, 0x00, 0x00, 0x30, 0x00, 0x30, 0x00, 0x00,
    0x00, 0x30, 0x00, 0x01, 0x0c, 0x31, 0xcc, 0xcd, 0x23, 0x18, 0x73, 0x00, 0x00, 0x03, 0x03, 0x00,
    0x00, 0x30, 0x00, 0xc0, 0xc0, 0x30, 0x00, 0x00, 0x00, 0x03, 0x03, 0x00, 0x0c, 0x00, 0x00, 0x00,
    0x00, 0x00, 0x0c, 0x00, 0x00, 0x02, 0x10, 0x43, 0x00, 0x80, 0x00, 0x00, 0x00, 0x00, 0x00, 0x00,
    0x00, 0x00, 0x00, 0x00, 0x00, 0x00, 0x00, 0x00, 0x00, 0x00, 0x00, 0x00, 0x00, 0x00, 0x00, 0x00,
    0x00, 0x00, 0x00, 0x00, 0x00, 0x00, 0x00, 0x00, 0x00, 0x00, 0x00, 0x00, 0x00, 0x00, 0x00, 0x0c,
    0x00, 0x0c, 0x00, 0x00, 0x00, 0x00, 0x0c, 0x00, 0x00, 0x00, 0x00, 0x00, 0x00, 0x00, 0x00, 0x00,
    0x00, 0x0c, 0x00, 0x00, 0xc0, 0x00, 0x00, 0x00, 0x00, 0x00, 0x00, 0x00, 0x00, 0x00, 0x0c, 0x00,
    0x00, 0x00, 0xc0, 0x00, 0x00, 0x00, 0x00, 0x00, 0x00, 0x00, 0x00, 0x0c, 0x86, 0x18, 0x22, 0x22,
    0x36, 0x33, 0x00, 0x30, 0xc0, 0x30, 0x30, 0x30, 0xc3, 0x03, 0x00, 0x00, 0x03, 0x03, 0x03, 0x0c,
    0x30, 0x30, 0x30, 0x00, 0xc0, 0x00, 0x00, 0x00, 0x00, 0x00, 0xc0, 0x00, 0x00, 0x00, 0xc8, 0x30,
    0x20, 0x00, 0x00, 0x00, 0x00, 0x00, 0x00, 0x00, 0x00, 0x00, 0x00, 0x00, 0x00, 0x00, 0x00, 0x00,
    0x00, 0x00, 0x00, 0x00, 0x00, 0x00, 0x00, 0x00, 0x00, 0x00, 0x00, 0x00, 0x00, 0x00, 0x00, 0x00,
    0x00, 0x00, 0x00, 0x00, 0x00, 0x00, 0x00, 0x00, 0x00, 0x00, 0x00, 0x00, 0x00, 0x00, 0x00, 0x00,
    0x00, 0x00, 0x00, 0x00, 0x00, 0x00, 0x00, 0x00, 0x03, 0x00, 0x00, 0x00, 0x00, 0x00, 0x30, 0x00,
    0x00, 0x30, 0x03, 0x00, 0x30, 0x00, 0xc0, 0x00, 0x00, 0x00, 0x00, 0x00, 0x03, 0x00, 0x00, 0x00,
    0x00, 0x00, 0x00, 0x00, 0x4c, 0x83, 0x31, 0xc7, 0x13, 0x38, 0x00, 0x00, 0x0c, 0x00, 0x03, 0x00,
    0x00, 0x00, 0x30, 0x30, 0xc0, 0x00, 0x30, 0x00, 0x03, 0x00, 0x00, 0x30, 0x00, 0x00, 0x00, 0x00,
    0xc0, 0x40, 0x00, 0x00, 0x00, 0x0c, 0x01, 0x04, 0x01, 0x00, 0x00, 0x00, 0x00, 0x00, 0x00, 0x00,
    0x00, 0x00, 0x00, 0x00, 0x00, 0x00, 0x00, 0x00, 0x00, 0x00, 0x00, 0x00, 0x00, 0x00, 0x00, 0x00,
    0x00, 0x00, 0x00, 0x00, 0x00, 0x00, 0x00, 0x00, 0x00, 0x00, 0x00, 0x00, 0x00, 0x00, 0x00, 0x00,
    0x00, 0x00, 0x00, 0x00, 0x00, 0x00, 0x00, 0x00, 0x00, 0x00, 0x00, 0x00, 0x00, 0x00, 0x00, 0x00,
    0x00, 0x00, 0x03, 0x00, 0x00, 0x03, 0x00, 0x30, 0x00, 0x00, 0x30, 0x00, 0x00, 0x0c, 0x00, 0x00,
    0x00, 0x00, 0x00, 0x00, 0x00, 0x00, 0x00, 0x00, 0x03, 0x00, 0x00, 0x0c, 0xc0, 0x32, 0x18, 0x20,
    0xe3, 0x2c, 0x0c, 0x30, 0x00, 0x0c, 0x30, 0x30, 0x30, 0xc3, 0x03, 0x00, 0x00, 0xc0, 0x00, 0xc3,
    0x00, 0x0c, 0x0c, 0x00, 0x00, 0x03, 0x03, 0x0c, 0x00, 0x00, 0x00, 0x00, 0x03, 0x01, 0x22, 0x22,
    0x10, 0x00, 0x00, 0x00, 0x00, 0x00, 0x00, 0x00, 0x00, 0x00, 0x00, 0x00, 0x00, 0x00, 0x00, 0x00,
    0x00, 0x00, 0x00, 0x00, 0x00, 0x00, 0x00, 0x00, 0x00, 0x00, 0x03, 0x00, 0x00, 0x00, 0x00, 0x00,
    0x00, 0x00, 0x00, 0x00, 0x00, 0xc0, 0x0c, 0x00, 0x00, 0x00, 0x00, 0x00, 0x00, 0x00, 0x00, 0x00,
    0x00, 0x00, 0x00, 0x00, 0x00, 0x00, 0x00, 0x00, 0x00, 0x00, 0x30, 0x03, 0x03, 0x00, 0x00, 0x00,
    0x0c, 0x00, 0x00, 0x00, 0x00, 0x00, 0x00, 0x00, 0x00, 0x30, 0x00, 0x00, 0xc0, 0x00, 0x00, 0x00,
    0x30, 0x00, 0x03, 0x01, 0x22, 0x21, 0xc3, 0x73, 0x23, 0x4c, 0x00, 0x03, 0x03, 0x00, 0x03, 0x03,
    0x00, 0x00, 0x00, 0x0c, 0x30, 0x0c, 0x0c, 0x00, 0x30, 0xc0, 0xc0, 0x0c, 0x0c, 0x30, 0x00, 0x00,
    0x03, 0x00, 0x00, 0x00, 0x00, 0x00, 0x84, 0x00, 0x08, 0x00, 0x00, 0x00, 0x00, 0x00, 0x00, 0x00,
    0x00, 0x00, 0x00, 0x00, 0x00, 0x00, 0x00, 0x00, 0x00, 0x00, 0x00, 0x00, 0x00, 0x00, 0x00, 0x00,
    0x00, 0x00, 0x00, 0x00, 0x00, 0x00, 0x00, 0x00, 0x00, 0x00, 0x00, 0x03, 0x00, 0x00, 0x00, 0x00,
    0x00, 0x00, 0x00, 0x00, 0x00, 0x00, 0x00, 0x00, 0x00, 0x00, 0x00, 0x00, 0x00, 0x00, 0x00, 0x00,
    0x03, 0x0c, 0x00, 0x00, 0x00, 0x00, 0x00, 0x00, 0x00, 0x00, 0x00, 0x00, 0x00, 0x00, 0x00, 0x0c,
    0x03, 0x00, 0x00, 0xc0, 0x00, 0x00, 0x0c, 0x03, 0x00, 0x00, 0x00, 0x0c, 0x23, 0x1c, 0x22, 0x08,
    0x8c, 0xcc, 0x00, 0xc0, 0x00, 0x03, 0x00, 0x30, 0x0c, 0x30, 0xc0, 0xc0, 0x00, 0x00, 0xc0, 0x30,
    0x00, 0x00, 0x03, 0x00, 0x00, 0x00, 0x00, 0x00, 0x00, 0x00, 0x00, 0x00, 0x00, 0x00, 0x4c, 0x84,
    0x80, 0x40, 0x00, 0x00, 0x00, 0x00, 0xc0, 0x00, 0x00, 0x00, 0x00, 0x00, 0x00, 0x00, 0x00, 0x00,
    0xc0, 0x00, 0x00, 0xc0, 0x00, 0x00, 0x00, 0x00, 0x00, 0xc0, 0x00, 0x00, 0x00, 0x00, 0x00, 0x00,
    0x00, 0x00, 0x00, 0x30, 0x00, 0x00, 0x00, 0x00, 0x00, 0x00, 0x00, 0x00, 0x00, 0x00, 0x00, 0x00,
    0x00, 0x00, 0x00, 0x00, 0x00, 0x00, 0x00, 0x00, 0x00, 0x00, 0x00, 0x00, 0x00, 0x00, 0x00, 0x03,
    0x00, 0x03, 0x00, 0x03, 0x03, 0x00, 0x00, 0x00, 0x00, 0x00, 0x00, 0x00, 0x00, 0x00, 0x00, 0x00,
    0x00, 0x00, 0x00, 0x02, 0x04, 0x82, 0x31, 0xcd, 0xc7, 0x24, 0x00, 0x00, 0xc0, 0xc0, 0x30, 0xc3,
    0x00, 0x00, 0x0c, 0x03, 0x0c, 0x30, 0x03, 0x00, 0xc3, 0x0c, 0x30, 0x03, 0x00, 0x00, 0x00, 0x00,
    0x30, 0x03, 0x00, 0x00, 0x40, 0x03, 0x00, 0x48, 0x04, 0x00, 0x00, 0x00, 0x00, 0x00, 0x00, 0x00,
    0x00, 0x00, 0x00, 0x00, 0x00, 0x00, 0x00, 0x00, 0x00, 0x00, 0x0c, 0x00, 0x00, 0x00, 0x00, 0x00,
    0x00, 0x00, 0x00, 0x00, 0x00, 0x00, 0x00, 0x00, 0x00, 0x00, 0x00, 0x00, 0x00, 0x00, 0x00, 0x00,
    0x00, 0x00, 0x00, 0x00, 0x00, 0x00, 0x00, 0x00, 0x00, 0x00, 0x00, 0x00, 0x00, 0x00, 0x00, 0x00,
    0x00, 0x00, 0x03, 0x0c, 0x00, 0x30, 0x30, 0xc0, 0x00, 0x30, 0x00, 0x30, 0x00, 0x00, 0x00, 0x00,
    0x00, 0x00, 0x00, 0x00, 0x00, 0x00, 0xc0, 0x00, 0x00, 0x00, 0x30, 0x04, 0xcc, 0x33, 0x18, 0x84,
    0x8c, 0xb0, 0x00, 0x30, 0x0c, 0x00, 0x00, 0x00, 0xc0, 0xc3, 0x00, 0x00, 0x00, 0x00, 0x30, 0x0c,
    0x00, 0x00, 0x00, 0xc0, 0x00, 0x00, 0x01, 0x30, 0x00, 0x00, 0x00, 0x00, 0x00, 0x00, 0x88, 0x80,
    0x42, 0x00, 0x00, 0xc0, 0x00, 0x00, 0x00, 0x00, 0x00, 0x00, 0x00, 0x00, 0x00, 0x00, 0x00, 0x00,
    0x00, 0x00, 0x00, 0x00, 0x00, 0x00, 0x00, 0x00, 0x00, 0x00, 0x00, 0x00, 0x00, 0x00, 0x00, 0x00,
    0x00, 0x00, 0x00, 0x00, 0x00, 0x00, 0x00, 0x00, 0x00, 0x00, 0x00, 0x00, 0x00, 0x00, 0x00, 0x00,
    0x00, 0x00, 0x00, 0x00, 0x00, 0x00, 0x00, 0x00, 0x0c, 0x30, 0xc0, 0x00, 0x30, 0x00, 0x00, 0x00,
    0x03, 0x00, 0x00, 0x00, 0x00, 0x00, 0xc0, 0xc0, 0x00, 0x00, 0x0c, 0x00, 0x00, 0x0c, 0x00, 0x00,
    0x00, 0x00, 0x00, 0x30, 0x42, 0x11, 0x8c, 0xcc, 0xc8, 0xcc, 0x00, 0x00, 0x00, 0x30, 0x0c, 0x30,
    0x30, 0x00, 0x03, 0x0c, 0x03, 0x03, 0x00, 0xc0, 0x30, 0xc3, 0x0c, 0x00, 0x30, 0xc0, 0x10, 0x00,
    0x00, 0x00, 0x00, 0x00, 0x0c, 0x00, 0x4c, 0x13, 0x00, 0x20, 0x00, 0x00, 0x00, 0x00, 0x00, 0x00,
    0x00, 0x00, 0x00, 0x00, 0x00, 0x00, 0x00, 0x00, 0x00, 0x00, 0x00, 0x00, 0x00, 0x00, 0x00, 0x00,
    0x00, 0x00, 0x00, 0x00, 0x00, 0x00, 0x00, 0x00, 0x00, 0x00, 0x00, 0x00, 0x00, 0x00, 0x00, 0x00,
    0x00, 0x00, 0x00, 0x00, 0x00, 0x00, 0x00, 0x00, 0x00, 0x00, 0x00, 0x00, 0x00, 0x00, 0x00, 0x00,
    0x00, 0x00, 0x00, 0x00, 0x00, 0x00, 0x00, 0x00, 0x00, 0x00, 0x03, 0x00, 0x00, 0x0c, 0x00, 0x00,
    0x00, 0x00, 0x00, 0x00, 0x00, 0xc0, 0x00, 0x00, 0x00, 0x00, 0x00, 0x08, 0x88, 0xc8, 0xc2, 0x18,
    0x8d, 0x30, 0x00, 0x03, 0x03, 0x03, 0x00, 0x03, 0x03, 0x0c, 0x30, 0x00, 0xc0, 0x30, 0x0c, 0x03,
    0x00, 0x00, 0x00, 0x30, 0x00, 0x00, 0x00, 0x00, 0x30, 0x40, 0x00, 0x03, 0x00, 0x03, 0x11, 0x30,
    0x21, 0x00, 0x00, 0x00, 0x00, 0x00, 0x00, 0x00, 0x00, 0x00, 0x00, 0x00, 0x00, 0x00, 0x00, 0x00,
    0x00, 0x00, 0x00, 0x00, 0x00, 0x00, 0x00, 0x00, 0x00, 0x00, 0x00, 0x00, 0x00, 0x00, 0x00, 0x30,
    0x00, 0x00, 0x00, 0x00, 0x00, 0x00, 0x00, 0x00, 0x00, 0x00, 0x00, 0x00, 0x00, 0x00, 0x00, 0x00,
    0x00, 0x00, 0x00, 0x00, 0x00, 0x00, 0x00, 0x00, 0x00, 0x0c, 0x00, 0xc0, 0x00, 0xc0, 0xc0, 0x00,
    0xc0, 0x00, 0x00, 0x00, 0x00, 0xc0, 0x00, 0x00, 0x30, 0x03, 0x00, 0x00, 0x30, 0x00, 0x00, 0x00,
    0x00, 0x0c, 0x00, 0x03, 0x0c, 0x4c, 0x24, 0xc8, 0xd3, 0x8c, 0x03, 0x00, 0x30, 0x00, 0x00, 0x30,
    0x30, 0x00, 0x00, 0xc0, 0x00, 0x00, 0xc0, 0x30, 0x0c, 0x30, 0xc3, 0x03, 0x00, 0x00, 0xc0, 0xc0,
    0x00, 0x00, 0x00, 0x00, 0x00, 0x00, 0x88, 0x08, 0x40, 0x00, 0x00, 0x00, 0x00, 0x00, 0x00, 0x00,
    0x00, 0x00, 0x00, 0x00, 0x00, 0x00, 0x00, 0x00, 0x00, 0x00, 0x00, 0x00, 0x00, 0x00, 0x00, 0x00,
    0x00, 0x00, 0x00, 0x00, 0x00, 0x00, 0x03, 0x00, 0x00, 0x00, 0x30, 0x00, 0x00, 0x00, 0x00, 0x00,
    0x00, 0x00, 0x00, 0x00, 0x00, 0x03, 0x00, 0x00, 0x00, 0x00, 0x00, 0x00, 0xc0, 0x00, 0x00, 0x00,
    0x03, 0x00, 0x30, 0x00, 0xc0, 0x00, 0x00, 0xc0, 0x00, 0x00, 0xc0, 0x00, 0x30, 0x00, 0x00, 0x00,
    0x00, 0x30, 0x00, 0x03, 0x00, 0x00, 0x00, 0x0c, 0x00, 0xc0, 0x00, 0x30, 0x44, 0x88, 0x8c, 0x8c,
    0x73, 0x30, 0x00, 0x00, 0x00, 0xc0, 0xc3, 0x00, 0x03, 0x30, 0xc0, 0x03, 0x0c, 0x0c, 0x03, 0x00,
    0xc0, 0x00, 0x00, 0x00, 0x00, 0x00, 0x00, 0x00, 0x00, 0x30, 0x00, 0x00, 0x00, 0x00, 0x43, 0x20,
    0x22, 0x00, 0x00, 0x00, 0x00, 0x00, 0x00, 0x00, 0x00, 0x00, 0x0c, 0x00, 0x00, 0x00, 0x00, 0x00,
    0x00, 0x00, 0x00, 0x00, 0x00, 0x00, 0x00, 0x00, 0x00, 0x00, 0x00, 0x00, 0x00, 0x00, 0x30, 0x00,
    0x00, 0x00, 0x00, 0x00, 0x00, 0x00, 0x00, 0x00, 0x00, 0x00, 0x00, 0x00, 0x00, 0x00, 0x00, 0x00,
    0x00, 0x00, 0x00, 0x00, 0x00, 0x00, 0x00, 0x00, 0x00, 0x03, 0x00, 0x0c, 0x00, 0x00, 0x00, 0x00,
    0x00, 0x30, 0x00, 0x03, 0x00, 0x00, 0x00, 0x00, 0x00, 0x00, 0x00, 0x00, 0x00, 0x00, 0x00, 0x00,
    0x00, 0x00, 0x00, 0x06, 0x32, 0x31, 0xc6, 0x32, 0x32, 0x30, 0x00, 0x00, 0x00, 0x0c, 0x00, 0x03,
    0x30, 0x00, 0x0c, 0x30, 0x00, 0xc0, 0x30, 0x0c, 0x03, 0x0c, 0x30, 0x30, 0x30, 0xc0, 0x00, 0x03,
    0x04, 0x00, 0x00, 0x00, 0x00, 0x03, 0x30, 0x42, 0x00, 0x10, 0x00, 0x00, 0x00, 0x00, 0x00, 0x00,
    0x00, 0x00, 0x00, 0x00, 0x00, 0x00, 0x00, 0x00, 0x00, 0x00, 0x00, 0x00, 0x00, 0x00, 0x00, 0x00,
    0x00, 0x00, 0x00, 0x00, 0x00, 0x00, 0x00, 0x00, 0x00, 0x00, 0x00, 0x00, 0x00, 0x00, 0x00, 0x00,
    0x00, 0x00, 0x00, 0x00, 0x00, 0x00, 0x00, 0x00, 0x00, 0x00, 0x00, 0x00, 0x00, 0x00, 0x00, 0x00,
    0x00, 0x30, 0x00, 0xc0, 0x03, 0x0c, 0x0c, 0x00, 0x30, 0x00, 0x00, 0x30, 0x00, 0x00, 0x03, 0x03,
    0x00, 0x00, 0x00, 0x00, 0x00, 0x00, 0x00, 0x00, 0x00, 0x00, 0x00, 0xc0, 0xc3, 0x08, 0x23, 0x13,
    0x23, 0x40, 0x00, 0x00, 0x0c, 0x00, 0x30, 0x30, 0x03, 0x30, 0xc0, 0x00, 0xc0, 0x03, 0x00, 0xc0,
    0x30, 0x00, 0x03, 0x00, 0x00, 0x00, 0x00, 0x30, 0x00, 0x00, 0x00, 0xc0, 0x00, 0x00, 0x48, 0x84,
    0x44, 0x00, 0x00, 0x00, 0x00, 0x00, 0x00, 0x00, 0x00, 0x00, 0x00, 0x00, 0x00, 0x00, 0x00, 0x00,
    0x00, 0x00, 0x00, 0x00, 0x00, 0x00, 0x00, 0x00, 0x00, 0x00, 0x00, 0x00, 0x00, 0x00, 0x00, 0x00,
    0x00, 0x00, 0x00, 0x00, 0x00, 0x00, 0x00, 0x00, 0x00, 0x00, 0x00, 0x00, 0x00, 0xc0, 0x00, 0x00,
    0x00, 0x00, 0x00, 0x00, 0x00, 0x00, 0x30, 0x00, 0x0c, 0x00, 0x30, 0x00, 0x00, 0x00, 0x00, 0x0c,
    0x00, 0x00, 0x03, 0x00, 0x00, 0x00, 0x30, 0x00, 0x00, 0x00, 0x00, 0x00, 0x00, 0x00, 0x00, 0x00,
    0x00, 0x00, 0x00, 0x1c, 0x21, 0x8c, 0x8c, 0x8c, 0x8c, 0xc0, 0x00, 0x00, 0x03, 0x30, 0x03, 0x00,
    0x00, 0x00, 0x03, 0x0c, 0x0c, 0x30, 0x0c, 0x03, 0x00, 0xc3, 0x00, 0x0c, 0x00, 0x00, 0x0c, 0x00,
    0x03, 0x00, 0x00, 0x00, 0x00, 0x03, 0x20, 0x48, 0x20, 0x80, 0x00, 0x00, 0x00, 0x00, 0x00, 0x00,
    0x00, 0x00, 0x00, 0x00, 0x00, 0x00, 0x00, 0x03, 0x00, 0x00, 0x00, 0x00, 0x00, 0x00, 0x00, 0x00,
    0x00, 0x00, 0x00, 0x00, 0x00, 0x00, 0x00, 0x00, 0x00, 0x00, 0x00, 0x00, 0x00, 0x00, 0x00, 0x00,
    0x00, 0x00, 0x00, 0x00, 0x0c, 0x00, 0x00, 0x00, 0x30, 0x00, 0x03, 0x00, 0x00, 0x00, 0x00, 0x00,
    0x00, 0x03, 0x00, 0x00, 0xc0, 0x00, 0x00, 0x00, 0x00, 0x00, 0x30, 0x00, 0x00, 0x0c, 0x00, 0x00,
    0x00, 0x00, 0x03, 0x00, 0x00, 0x00, 0x03, 0x00, 0x30, 0x00, 0x00, 0x02, 0x10, 0xc4, 0xd1, 0xc6,
    0x37, 0x30, 0x04, 0x0c, 0x33, 0x03, 0x00, 0x03, 0x00, 0xcc, 0xc0, 0x00, 0x00, 0x00, 0xc0, 0x30,
    0x0c, 0x00, 0x0c, 0x00, 0x30, 0x0c, 0x00, 0x00, 0x30, 0x00, 0x00, 0x00, 0x0c, 0x01, 0x32, 0x30,
    0x01, 0x08, 0x00, 0x00, 0x00, 0x00, 0x00, 0x00, 0x00, 0x00, 0x00, 0x00, 0x00, 0x00, 0x00, 0x00,
    0x00, 0x00, 0x00, 0x00, 0x00, 0x00, 0x00, 0x00, 0x00, 0x00, 0x00, 0x00, 0x00, 0x00, 0x00, 0x00,
    0x00, 0x00, 0x00, 0x00, 0x00, 0x00, 0x00, 0x00, 0x00, 0x00, 0x30, 0x00, 0xc0, 0x00, 0x00, 0x00,
    0x00, 0x00, 0x00, 0x00, 0x00, 0x00, 0x00, 0x00, 0x00, 0xc0, 0x03, 0x0c, 0x00, 0x30, 0xc0, 0xc0,
    0x03, 0x0c, 0x00, 0x00, 0x03, 0x00, 0x00, 0x00, 0x00, 0xc0, 0x00, 0x00, 0x00, 0x03, 0x00, 0x00,
    0x00, 0x00, 0xc0, 0xc4, 0xc8, 0x22, 0x22, 0x23, 0x1c, 0x80, 0x00, 0x00, 0x0c, 0xfc, 0x30, 0xc0,
    0x0c, 0x00, 0x0c, 0x30, 0xc3, 0x0c, 0x03, 0x00, 0xc0, 0x0c, 0x00, 0x30, 0x00, 0xc0, 0x00, 0x00,
    0x00, 0x00, 0x00, 0x00, 0x00, 0x0c, 0x84, 0x08, 0x88, 0x00, 0x00, 0x00, 0x00, 0x00, 0x00, 0x00,
    0x00, 0x00, 0x00, 0x00, 0x00, 0x00, 0x00, 0x00, 0x00, 0x00, 0x00, 0x00, 0x00, 0x00, 0x00, 0x00,
    0x00, 0x00, 0x00, 0x00, 0x00, 0x00, 0x00, 0x00, 0x00, 0x00, 0x00, 0x00, 0x00, 0x00, 0x00, 0x00,
    0x00, 0x03, 0x00, 0x00, 0x00, 0x00, 0x00, 0x00, 0x00, 0x00, 0x00, 0x00, 0x00, 0x00, 0x00, 0x00,
    0x0c, 0x00, 0x30, 0x00, 0x03, 0x00, 0x00, 0x00, 0x30, 0x00, 0x00, 0x00, 0x30, 0x00, 0x00, 0x00,
    0x0c, 0x00, 0x00, 0x03, 0x03, 0x00, 0x00, 0x00, 0x00, 0x0c, 0x00, 0x0c, 0x23, 0x1c, 0x4c, 0xcc,
    0xc8, 0xc0, 0x00, 0x00, 0x33, 0x33, 0x00, 0x03, 0x00, 0x0c, 0xc0, 0x00, 0x00, 0x00, 0x30, 0x0c,
    0x00, 0xc0, 0x30, 0x00, 0x00, 0x00, 0x00, 0x03, 0x00, 0x03, 0x00, 0x00, 0x00, 0x08, 0xc8, 0xc1,
    0x00, 0x40, 0x00, 0x00, 0x00, 0x00, 0x00, 0x00, 0x00, 0x00, 0x00, 0x00, 0x00, 0x00, 0x00, 0x00,
    0x00, 0x00, 0x00, 0x00, 0x00, 0x00, 0x00, 0x00, 0x00, 0x00, 0x00, 0x00, 0x00, 0x00, 0x00, 0x00,
    0x00, 0x00, 0x00, 0x00, 0x00, 0x00, 0x00, 0x00, 0x00, 0x30, 0x00, 0x00, 0x00, 0x00, 0x00, 0x00,
    0x00, 0x00, 0x00, 0x00, 0x00, 0x00, 0x00, 0x00, 0x00, 0x0c, 0x00, 0x00, 0x30, 0x00, 0x00, 0x03,
    0x00, 0x00, 0x00, 0x03, 0x00, 0x00, 0x00, 0x30, 0x00, 0x00, 0x30, 0x00, 0x00, 0x00, 0x00, 0x00,
    0x00, 0x00, 0x00, 0x21, 0x04, 0x82, 0x31, 0x21, 0x8d, 0x00, 0x30, 0x00, 0xcc, 0xcc, 0xcc, 0x30,
    0x00, 0xc0, 0x0c, 0x30, 0xc3, 0x0c, 0x00, 0xc0, 0x0c, 0x00, 0x03, 0x03, 0x0c, 0x00, 0x00, 0x00,
    0x00, 0x30, 0x00, 0x03, 0x00, 0x31, 0x21, 0x20, 0x84, 0x20, 0x00, 0x00, 0x00, 0x00, 0x00, 0x00,
    0x00, 0x00, 0x00, 0x00, 0x00, 0x00, 0x00, 0x00, 0x00, 0x00, 0xc0, 0x00, 0x00, 0x00, 0x00, 0x00,
    0x00, 0x00, 0x00, 0x00, 0x00, 0x00, 0x00, 0x00, 0x00, 0x00, 0x00, 0x00, 0x00, 0x00, 0x0c, 0x00,
    0x0c, 0x00, 0x00, 0x00, 0x00, 0x00, 0x00, 0x00, 0x00, 0x00, 0x00, 0x00, 0x00, 0x00, 0x00, 0x00,
    0x00, 0xc0, 0x0c, 0x30, 0x00, 0x00, 0xc3, 0x00, 0x00, 0x00, 0x30, 0x30, 0x00, 0x00, 0x0c, 0x00,
    0x00, 0x00, 0x00, 0x00, 0x00, 0x00, 0x00, 0x00, 0x00, 0x00, 0x00, 0x0c, 0x8c, 0x8c, 0xc8, 0xcc,
    0xcf, 0x00, 0x00, 0x30, 0xcc, 0xf3, 0x0f, 0xc0, 0xc0, 0x00, 0x00, 0x00, 0x00, 0x00, 0x30, 0x00,
    0xc0, 0x0c, 0x00, 0x00, 0x00, 0x03, 0x00, 0xc0, 0x00, 0x00, 0x00, 0x00, 0x00, 0x4c, 0xcc, 0x84,
    0x30, 0x00, 0x00, 0x00, 0x00, 0x00, 0x00, 0x00, 0x00, 0x00, 0x00, 0x00, 0x00, 0x00, 0x00, 0x00,
    0x00, 0x00, 0x00, 0x00, 0x00, 0x00, 0x00, 0x00, 0x00, 0x00, 0x00, 0x00, 0x00, 0x00, 0x00, 0x00,
    0x00, 0x00, 0x00, 0x00, 0x00, 0x00, 0x00, 0x00, 0x00, 0x00, 0x00, 0x00, 0x00, 0x00, 0x00, 0x00,
    0x00, 0x00, 0x00, 0x00, 0x00, 0x00, 0x00, 0x00, 0x0c, 0x00, 0xc0, 0x00, 0x00, 0x30, 0x00, 0x00,
    0x00, 0xc3, 0x00, 0x00, 0x00, 0x03, 0x00, 0x00, 0x00, 0x00, 0x00, 0x00, 0x00, 0x00, 0x00, 0x0c,
    0x0c, 0x00, 0x00, 0xc0, 0x82, 0x31, 0x23, 0x49, 0x32, 0x00, 0x00, 0x03, 0x33, 0xcc, 0xc3, 0xcc,
    0x0c, 0x03, 0x0c, 0xcc, 0xc3, 0x0c, 0x00, 0xc0, 0x00, 0xc0, 0xc0, 0xc0, 0x00, 0xc0, 0x00, 0x00,
    0x03, 0x00, 0x00, 0x00, 0x00, 0xc8, 0x81, 0x32, 0x04, 0x84, 0x00, 0x00, 0x00, 0x00, 0x00, 0x00,
    0x00, 0x00, 0x00, 0x00, 0x00, 0x00, 0x00, 0x00, 0x00, 0x00, 0x00, 0x00, 0x00, 0x00, 0x00, 0x00,
    0x00, 0x00, 0x00, 0x00, 0x00, 0x00, 0x00, 0x00, 0x00, 0x00, 0x00, 0x00, 0x00, 0x00, 0x00, 0x00,
    0x00, 0x00, 0x00, 0x00, 0x00, 0x00, 0x00, 0x00, 0x00, 0x00, 0x00, 0x00, 0x00, 0x00, 0x00, 0x00,
    0x00, 0x0c, 0x03, 0x03, 0x0c, 0x00, 0x00, 0x0c, 0x0c, 0x00, 0x00, 0x00, 0x00, 0x30, 0x00, 0x00,
    0x30, 0x00, 0x00, 0x00, 0x00, 0x00, 0x03, 0x00, 0x00, 0x00, 0x00, 0x18, 0x31, 0x12, 0x34, 0x8c,
    0x9c, 0x0c, 0x00, 0x03, 0x33, 0xcc, 0x33, 0xcf, 0x30, 0x30, 0x00, 0x00, 0x00, 0x00, 0x30, 0x0c,
    0x0c, 0x00, 0x0c, 0x03, 0x0c, 0x00, 0x00, 0x00, 0x30, 0x00, 0x00, 0x00, 0x00, 0xcd, 0x33, 0x04,
    0x42, 0x00, 0x00, 0x0c, 0x00, 0x00, 0x00, 0x00, 0x00, 0x00, 0x00, 0x00, 0x00, 0x00, 0x00, 0x00,
    0x00, 0x00, 0x00, 0x00, 0x00, 0x00, 0x00, 0x00, 0x00, 0x00, 0x00, 0x00, 0x00, 0x00, 0x00, 0x00,
    0x00, 0x00, 0x00, 0x00, 0x00, 0x00, 0x00, 0x00, 0x00, 0x00, 0x00, 0x00, 0x00, 0x00, 0x00, 0x00,
    0x00, 0x00, 0x00, 0x00, 0x00, 0x00, 0x00, 0x00, 0x00, 0xc0, 0x00, 0x00, 0x00, 0x00, 0x0c, 0x00,
    0x00, 0x00, 0x00, 0x00, 0x0c, 0x00, 0x00, 0x00, 0x00, 0x0c, 0x00, 0xc0, 0xc0, 0x0c, 0x00, 0x00,
    0x00, 0x00, 0x00, 0x03, 0x13, 0x23, 0x12, 0x32, 0x33, 0x00, 0x00, 0x0c, 0xcf, 0x33, 0x0f, 0xc3,
    0x0f, 0x00, 0x03, 0x0c, 0x30, 0xc3, 0x00, 0x00, 0xc0, 0x0c, 0x00, 0x00, 0x00, 0x00, 0x0c, 0x00,
    0x00, 0x00, 0x00, 0x00, 0x00, 0xd3, 0x21, 0x88, 0x20, 0x04, 0x00, 0x00, 0x00, 0x00, 0x00, 0x00,
    0x00, 0x00, 0x00, 0x00, 0x00, 0x00, 0x00, 0x00, 0x00, 0x00, 0x00, 0x00, 0x00, 0x00, 0x00, 0x00,
    0x00, 0x00, 0x00, 0x00, 0x00, 0x00, 0x00, 0x00, 0x00, 0x00, 0x00, 0x00, 0x00, 0x03, 0x00, 0x00,
    0x00, 0x00, 0x00, 0x00, 0x00, 0x00, 0x00, 0x00, 0x00, 0x00, 0x00, 0x00, 0x00, 0x00, 0x00, 0x00,
    0x0c, 0x00, 0xc0, 0xc0, 0x00, 0x0c, 0x00, 0x00, 0x00, 0x00, 0x0c, 0x30, 0x00, 0x00, 0x00, 0x0c,
    0x00, 0x00, 0x00, 0x00, 0x00, 0x00, 0x00, 0x00, 0x00, 0x03, 0x00, 0xc8, 0x48, 0x8c, 0x8c, 0x87,
    0x34, 0x00, 0x00, 0x0c, 0xcc, 0xcc, 0xc3, 0xf3, 0x30, 0x03, 0x00, 0x00, 0x00, 0x00, 0x0c, 0x30,
    0x00, 0xc0, 0x30, 0x30, 0x00, 0x30, 0xc0, 0x00, 0x00, 0x00, 0x00, 0x30, 0x0c, 0x32, 0x32, 0x0c,
    0x04, 0x80, 0x00, 0x00, 0x00, 0x00, 0x0c, 0x00, 0x00, 0x00, 0x00, 0x00, 0x00, 0x00, 0x00, 0x03,
    0x00, 0x00, 0x00, 0x00, 0x00, 0x00, 0x00, 0x00, 0x00, 0xc0, 0x00, 0x00, 0x00, 0x03, 0x00, 0x00,
    0x00, 0x00, 0x00, 0x00, 0x00, 0x00, 0x00, 0x00, 0x00, 0x00, 0x00, 0x00, 0x00, 0x00, 0x00, 0x00,
    0x00, 0x00, 0x00, 0x00, 0x00, 0x0c, 0x00, 0x00, 0x00, 0x0c, 0x0c, 0x0c, 0x30, 0xc0, 0x00, 0x30,
    0xc0, 0xc3, 0x00, 0x00, 0x00, 0x00, 0x03, 0x00, 0x00, 0x00, 0x00, 0x00, 0x00, 0x00, 0x00, 0x00,
    0x00, 0x00, 0x00, 0x13, 0x23, 0x12, 0x23, 0x32, 0x38, 0x00, 0x0c, 0x33, 0x33, 0x33, 0x30, 0xcc,
    0xcc, 0xc0, 0x30, 0x33, 0x0c, 0x30, 0xc0, 0x00, 0x0c, 0x00, 0x00, 0x00, 0xc3, 0x00, 0x00, 0x00,
    0x00, 0x00, 0x00, 0x00, 0x00, 0x0c, 0xc8, 0xc2, 0x20, 0x02, 0x00, 0x00, 0x00, 0x00, 0x00, 0x00,
    0x00, 0x00, 0x00, 0x00, 0x00, 0x00, 0x00, 0x00, 0x00, 0x00, 0x00, 0x00, 0x00, 0x00, 0x00, 0x00,
    0x00, 0x00, 0x00, 0x00, 0x00, 0x00, 0x00, 0x00, 0x00, 0x00, 0x00, 0x00, 0x00, 0x00, 0x00, 0x00,
    0x00, 0x00, 0x00, 0x00, 0x00, 0x00, 0x00, 0x00, 0x00, 0x00, 0x00, 0x00, 0x00, 0xc0, 0x00, 0x00,
    0x03, 0x00, 0x00, 0x00, 0x00, 0x00, 0x30, 0x00, 0x00, 0x00, 0x00, 0x00, 0xc0, 0x00, 0xc0, 0x00,
    0x00, 0x00, 0x0c, 0x00, 0x00, 0x00, 0x00, 0x00, 0x00, 0xc0, 0x00, 0xc0, 0x30, 0x8c, 0x71, 0x48,
    0xcc, 0x00, 0x00, 0x33, 0x33, 0x33, 0xcc, 0xfc, 0xc3, 0x30, 0x00, 0x00, 0x00, 0x00, 0x03, 0x03,
    0x00, 0x03, 0x03, 0x00, 0x00, 0x00, 0x00, 0x03, 0x00, 0x10, 0xc0, 0x00, 0x30, 0x0d, 0x8c, 0x48,
    0x4c, 0x40, 0x00, 0x00, 0x00, 0x00, 0x00, 0x00, 0x00, 0x00, 0x00, 0x00, 0x00, 0x00, 0x00, 0x00,
    0x00, 0x00, 0x00, 0x00, 0x00, 0x00, 0x00, 0x00, 0x00, 0x00, 0x00, 0x00, 0x00, 0x00, 0x00, 0x00,
    0x00, 0x00, 0x00, 0x00, 0x00, 0xc0, 0x00, 0x00, 0x00, 0x00, 0x00, 0x00, 0x00, 0x00, 0x00, 0x00,
    0x03, 0x00, 0x0c, 0x00, 0xc0, 0x00, 0x00, 0x00, 0x30, 0x03, 0x03, 0x03, 0x00, 0x03, 0x00, 0x00,
    0x00, 0x00, 0x00, 0x00, 0x00, 0xc0, 0x00, 0x00, 0x03, 0x00, 0xc0, 0x00, 0x03, 0x00, 0x30, 0x00,
    0xc0, 0x00, 0x00, 0x1c, 0x84, 0xc6, 0x08, 0xcd, 0x34, 0x0c, 0x00, 0x33, 0x33, 0x33, 0x33, 0xcf,
    0x30, 0xf0, 0x0c, 0x00, 0xc3, 0x0c, 0x30, 0x30, 0x00, 0xc0, 0x00, 0x0c, 0x00, 0x00, 0x00, 0x00,
    0x01, 0x00, 0x00, 0x00, 0xc0, 0xc0, 0xc7, 0x21, 0x00, 0x20, 0x00, 0x00, 0x00, 0x00, 0x00, 0x00,
    0x00, 0x00, 0x00, 0x00, 0x00, 0x00, 0x00, 0x00, 0x00, 0x00, 0x00, 0x00, 0x00, 0x00, 0x00, 0x00,
    0x00, 0x00, 0x00, 0x00, 0x00, 0x00, 0x00, 0x00, 0x00, 0x00, 0x00, 0x00, 0x00, 0x00, 0x00, 0x00,
    0x00, 0x00, 0x00, 0x00, 0x00, 0x00, 0x00, 0x00, 0x00, 0x00, 0x00, 0x00, 0x00, 0x00, 0x00, 0x00,
    0x00, 0x30, 0x30, 0x30, 0x0c, 0x30, 0x00, 0xc0, 0xc3, 0x00, 0xc3, 0x0c, 0x00, 0x00, 0x00, 0x00,
    0x30, 0x00, 0x00, 0x00, 0x30, 0x00, 0x00, 0x0c, 0x00, 0x00, 0x00, 0xc2, 0x0c, 0x48, 0xcc, 0x88,
    0xcc, 0x00, 0x00, 0xcc, 0xcc, 0xcc, 0xc0, 0xfc, 0xcc, 0xcf, 0x00, 0x30, 0x00, 0x00, 0x00, 0x00,
    0xc0, 0x00, 0x30, 0x00, 0x0c, 0x0c, 0x0c, 0x00, 0x00, 0x00, 0x00, 0x00, 0x30, 0x0c, 0xcc, 0x8c,
    0xc8, 0x41, 0x00, 0x00, 0x00, 0x00, 0x00, 0x00, 0x00, 0x00, 0x00, 0x00, 0x00, 0x00, 0x00, 0x00,
    0x00, 0x00, 0x00, 0x00, 0x00, 0x00, 0x00, 0x00, 0x00, 0x00, 0x00, 0x00, 0x00, 0x00, 0x00, 0x00,
    0x00, 0x00, 0x00, 0x00, 0x00, 0x00, 0x00, 0x00, 0x00, 0x00, 0x00, 0x00, 0x00, 0x00, 0x00, 0x00,
    0x00, 0x00, 0x00, 0x00, 0x00, 0x00, 0x00, 0x00, 0x03, 0x00, 0x00, 0x00, 0xc0, 0x00, 0x0c, 0x00,
    0x00, 0x0c, 0x00, 0x00, 0x00, 0x00, 0x00, 0x0c, 0x00, 0x00, 0x00, 0x03, 0x00, 0x00, 0x00, 0x00,
    0x00, 0x00, 0x0c, 0x08, 0x48, 0x8c, 0x61, 0x33, 0x70, 0x00, 0x00, 0xc3, 0x33, 0x30, 0xcc, 0x3f,
    0xc3, 0xf3, 0xf3, 0x00, 0x0c, 0x30, 0x30, 0x00, 0x03, 0x03, 0x00, 0xc0, 0xc0, 0x00, 0x00, 0x00,
    0x00, 0x0c, 0x00, 0x30, 0xfc, 0x00, 0x32, 0x10, 0x41, 0x00, 0x00, 0x00, 0x00, 0x00, 0x00, 0x00,
    0x00, 0x00, 0x00, 0x00, 0x00, 0x00, 0x00, 0x00, 0x00, 0x00, 0x00, 0x00, 0x00, 0x00, 0x00, 0x00,
    0x00, 0x00, 0x00, 0x00, 0x00, 0x00, 0x00, 0x00, 0x00, 0x00, 0x00, 0x00, 0x00, 0x00, 0x00, 0x00,
    0x00, 0x00, 0x00, 0x00, 0x00, 0x00, 0x00, 0x00, 0x00, 0x00, 0x00, 0x00, 0x00, 0x00, 0x00, 0x00,
    0x00, 0x03, 0x0c, 0x30, 0x00, 0x00, 0x00, 0x00, 0x00, 0x00, 0x00, 0x00, 0x0c, 0x03, 0x03, 0x00,
    0x00, 0x00, 0x00, 0x00, 0x00, 0x00, 0x00, 0x00, 0x00, 0x00, 0x00, 0x10, 0xc2, 0x32, 0x0c, 0x98,
    0x8c, 0x00, 0x03, 0x33, 0x33, 0x33, 0x33, 0x33, 0xf3, 0xf3, 0x0c, 0xc0, 0xc0, 0x03, 0x00, 0xc3,
    0x00, 0x00, 0x00, 0x00, 0x00, 0x00, 0x00, 0x30, 0x0c, 0x00, 0x03, 0x00, 0xcc, 0xc3, 0x0c, 0xcc,
    0x88, 0x20, 0x80, 0x00, 0x00, 0x00, 0x00, 0x00, 0x00, 0x00, 0x0c, 0x00, 0x00, 0x00, 0x00, 0x00,
    0x00, 0x00, 0x00, 0x00, 0x00, 0x00, 0x00, 0x00, 0x00, 0x00, 0x00, 0x00, 0x00, 0x00, 0x00, 0x00,
    0x00, 0x00, 0x00, 0x30, 0x00, 0x00, 0x00, 0x00, 0x00, 0x00, 0x00, 0x00, 0x00, 0x00, 0x00, 0x00,
    0x00, 0x00, 0x00, 0x00, 0x00, 0x00, 0x00, 0x00, 0x0c, 0x30, 0x00, 0x00, 0xc3, 0x0c, 0x00, 0x30,
    0x30, 0x00, 0x00, 0x00, 0xc0, 0x00, 0x00, 0x00, 0x00, 0x00, 0x00, 0x00, 0x00, 0x00, 0xc0, 0x00,
    0x00, 0x03, 0x00, 0x32, 0x23, 0x04, 0xc9, 0x33, 0x30, 0x00, 0x30, 0x0c, 0xcc, 0xcc, 0xcc, 0xcf,
    0xcc, 0xfc, 0xcc, 0xcc, 0x00, 0x00, 0x00, 0x00, 0x30, 0x30, 0x0c, 0x00, 0x03, 0x03, 0x03, 0x00,
    0x00, 0x00, 0x33, 0x0c, 0x33, 0x00, 0x04, 0x84, 0x81, 0x00, 0x00, 0x00, 0x00, 0x00, 0x00, 0x00,
    0x00, 0x00, 0x00, 0x00, 0x00, 0x00, 0x00, 0x00, 0x00, 0x00, 0x00, 0x00, 0x00, 0x00, 0x00, 0x00,
    0x00, 0x00, 0x00, 0x00, 0x00, 0x00, 0x00, 0x00, 0x00, 0x00, 0x00, 0x00, 0x00, 0x00, 0x00, 0x00,
    0x00, 0x00, 0x00, 0x00, 0x00, 0x00, 0x00, 0x00, 0x00, 0x00, 0x00, 0x00, 0x00, 0x00, 0x00, 0x00,
    0x00, 0x00, 0xc3, 0x0c, 0x00, 0x00, 0x30, 0x00, 0x00, 0xc0, 0xc3, 0x0c, 0x00, 0x00, 0x00, 0x00,
    0x00, 0x30, 0x30, 0x00, 0x00, 0x00, 0x00, 0x00, 0x00, 0x30, 0x00, 0x08, 0x31, 0x23, 0x23, 0x23,
    0x30, 0x00, 0x03, 0x33, 0x33, 0x0f, 0x0c, 0x33, 0xf3, 0xcc, 0xcf, 0x33, 0x03, 0x00, 0x30, 0x00,
    0x00, 0x00, 0xc0, 0x0c, 0x30, 0x00, 0x00, 0x00, 0x00, 0x03, 0x03, 0x03, 0x03, 0x30, 0xc3, 0x32,
    0x12, 0x08, 0x00, 0x00, 0x00, 0x00, 0x00, 0x00, 0x00, 0x00, 0x00, 0x00, 0x00, 0x00, 0x00, 0x00,
    0x00, 0x00, 0x00, 0x00, 0x00, 0x00, 0x00, 0x0c, 0x00, 0x00, 0x00, 0x00, 0x00, 0x00, 0x00, 0x00,
    0x00, 0x00, 0x00, 0x00, 0x00, 0x00, 0x00, 0x00, 0x00, 0x00, 0x00, 0x00, 0x00, 0x00, 0x00, 0x00,
    0x30, 0x00, 0x00, 0x00, 0x00, 0x00, 0x00, 0x00, 0x0c, 0x0c, 0x00, 0x00, 0x30, 0x00, 0x00, 0x00,
    0x00, 0x00, 0x00, 0x00, 0x00, 0x30, 0x00, 0x00, 0x03, 0x00, 0x00, 0x30, 0x00, 0x00, 0x00, 0x30,
    0x03, 0x00, 0x00, 0xc3, 0x12, 0x32, 0x18, 0xc6, 0x30, 0x03, 0x00, 0xcf, 0x30, 0xcc, 0xcc, 0xcc,
    0xf0, 0xf3, 0x33, 0x33, 0x30, 0x0c, 0x00, 0xcc, 0x0c, 0x00, 0x00, 0x00, 0x00, 0x00, 0x30, 0x01,
    0x03, 0x00, 0x33, 0x30, 0xcc, 0xc0, 0x0c, 0xc8, 0xc0, 0x80, 0x40, 0x00, 0x00, 0x00, 0x00, 0x00,
    0x00, 0x00, 0x00, 0x00, 0x00, 0x00, 0x00, 0x0c, 0x00, 0x00, 0x00, 0x00, 0x00, 0x0c, 0x00, 0x00,
    0x00, 0x00, 0x00, 0x00, 0x00, 0x00, 0x00, 0x00, 0x00, 0x00, 0x00, 0x00, 0x00, 0x00, 0x00, 0x00,
    0x00, 0x00, 0x00, 0x00, 0x0c, 0x00, 0x00, 0x00, 0x00, 0x00, 0x00, 0x00, 0x00, 0x00, 0x00, 0x00,
    0x00, 0xc0, 0x30, 0xc3, 0x03, 0x0c, 0x03, 0x0c, 0x30, 0x00, 0x00, 0x00, 0x00, 0x00, 0x30, 0x30,
    0x30, 0x00, 0x00, 0x00, 0x00, 0x30, 0x00, 0x00, 0x00, 0x00, 0x00, 0x11, 0x23, 0x12, 0x31, 0x33,
    0x40, 0x00, 0x0c, 0xf3, 0x33, 0x33, 0x33, 0x33, 0x3f, 0xcc, 0xcc, 0xcc, 0x30, 0x00, 0x0c, 0x00,
    0xc0, 0x30, 0x03, 0x00, 0x00, 0x30, 0x00, 0xcc, 0xf0, 0x33, 0x30, 0xc3, 0x30, 0x30, 0xc0, 0xc4,
    0x23, 0x04, 0x00, 0x00, 0x00, 0x00, 0x00, 0x00, 0x00, 0x00, 0x00, 0x00, 0x00, 0x00, 0x00, 0x00,
    0x00, 0x00, 0xc0, 0x00, 0x00, 0x00, 0x00, 0x00, 0x00, 0x00, 0x00, 0x00, 0x00, 0xc0, 0x00, 0x00,
    0x00, 0x00, 0x30, 0x00, 0x00, 0x00, 0x00, 0x00, 0x00, 0x00, 0x00, 0x00, 0x00, 0x00, 0x00, 0x00,
    0x00, 0x00, 0x00, 0x00, 0x00, 0x00, 0x00, 0x00, 0x00, 0x03, 0x00, 0x00, 0x00, 0x00, 0x30, 0x00,
    0x00, 0x30, 0x00, 0x00, 0x0c, 0x00, 0x00, 0x00, 0x00, 0x00, 0x00, 0x00, 0x0c, 0x00, 0x00, 0x00,
    0x00, 0x00, 0x00, 0xc8, 0xc1, 0x23, 0x18, 0xc8, 0xf0, 0x00, 0x03, 0x33, 0x30, 0xcc, 0xcc, 0xc3,
    0x33, 0x33, 0x3c, 0xf3, 0x30, 0xc0, 0xc0, 0x00, 0x00, 0x00, 0xc0, 0x0c, 0x30, 0x03, 0x3c, 0xf3,
    0xc3, 0x30, 0x0c, 0x30, 0x0c, 0x0c, 0x30, 0xce, 0x10, 0x40, 0x80, 0x00, 0x00, 0x00, 0x00, 0x00,
    0x00, 0x00, 0x00, 0x00, 0x00, 0x00, 0x00, 0x00, 0x00, 0x00, 0x00, 0x00, 0x03, 0x00, 0x00, 0x00,
    0x00, 0x00, 0x00, 0x00, 0x00, 0x00, 0x00, 0x00, 0x00, 0x00, 0x00, 0x00, 0x00, 0x00, 0x00, 0x00,
    0x00, 0xc0, 0x00, 0x03, 0x00, 0x00, 0x00, 0x0c, 0x00, 0x00, 0x00, 0x00, 0x00, 0x00, 0x00, 0x00,
    0x30, 0xc0, 0x0c, 0x30, 0xc3, 0x00, 0x00, 0x00, 0x00, 0x00, 0xc3, 0x0c, 0x00, 0x00, 0x00, 0x00,
    0x00, 0x00, 0x00, 0x00, 0x00, 0x00, 0x03, 0x00, 0x00, 0x00, 0x00, 0x02, 0x13, 0x31, 0x8c, 0x8d,
    0x00, 0x10, 0x0c, 0xcc, 0xcc, 0xcf, 0x3c, 0xcc, 0xfc, 0xcc, 0xcc, 0xcc, 0xfc, 0x0c, 0x00, 0xc3,
    0x0c, 0x0c, 0x00, 0x00, 0x03, 0x3c, 0xf0, 0x30, 0xc3, 0x0c, 0xc3, 0xcc, 0xc0, 0xc0, 0xcc, 0x21,
    0xc8, 0x20, 0x00, 0x00, 0xc0, 0x00, 0x00, 0x00, 0x00, 0x00, 0x00, 0x00, 0x00, 0x00, 0x00, 0x00,
    0x00, 0x00, 0x00, 0x00, 0x00, 0x00, 0x00, 0x00, 0x00, 0x00, 0x00, 0x00, 0x00, 0x00, 0x00, 0x00,
    0x00, 0x00, 0x00, 0x00, 0x00, 0x00, 0x00, 0x00, 0x00, 0x00, 0x03, 0x00, 0x00, 0x00, 0x0c, 0x00,
    0x00, 0x00, 0x00, 0x00, 0x00, 0x00, 0x00, 0x00, 0x00, 0x00, 0xc0, 0x00, 0x00, 0x30, 0x00, 0x30,
    0x0c, 0x00, 0x00, 0x00, 0x00, 0x0c, 0x00, 0x00, 0x00, 0x00, 0x30, 0x00, 0x00, 0x00, 0x00, 0x00,
    0x30, 0x00, 0x00, 0xc4, 0x32, 0x18, 0xc2, 0x13, 0xc0, 0x00, 0x33, 0x3c, 0xcc, 0xc3, 0x33, 0x33,
    0x0f, 0x3c, 0xcc, 0xcf, 0x33, 0xc0, 0xc0, 0x00, 0x00, 0x00, 0x0c, 0xcc, 0xcc, 0x30, 0x3c, 0xf3,
    0xcc, 0x30, 0x0f, 0x0c, 0x0c, 0x00, 0x30, 0xcc, 0x21, 0x04, 0x00, 0x00, 0x00, 0x00, 0x00, 0x00,
    0x00, 0x00, 0x00, 0x00, 0x00, 0x00, 0x00, 0x00, 0x00, 0x00, 0x00, 0x00, 0x00, 0x00, 0x00, 0x00,
    0x00, 0x00, 0x00, 0x00, 0x00, 0x00, 0x00, 0x00, 0x00, 0x00, 0x00, 0x00, 0x00, 0x0c, 0x00, 0x00,
    0x00, 0x00, 0x00, 0x00, 0x00, 0x00, 0x00, 0x00, 0x00, 0x00, 0x00, 0x00, 0x00, 0x00, 0x00, 0x00,
    0x03, 0x0c, 0x03, 0x0c, 0x30, 0x03, 0x0c, 0x00, 0xc0, 0x00, 0x00, 0x00, 0x00, 0xc0, 0x0c, 0x0c,
    0x00, 0x0c, 0x00, 0x0c, 0x00, 0x00, 0x00, 0x00, 0x00, 0x00, 0xc0, 0x13, 0x20, 0x82, 0x27, 0x38,
    0xc1, 0x00, 0x33, 0x33, 0x33, 0x30, 0xcc, 0x33, 0xf3, 0x33, 0x33, 0x33, 0xfc, 0xff, 0x33, 0x30,
    0x00, 0xcc, 0xfc, 0x33, 0x33, 0x33, 0xcc, 0x33, 0x0c, 0x0c, 0x00, 0xf0, 0xc0, 0xcc, 0x0c, 0x32,
    0x30, 0x82, 0x00, 0x00, 0x00, 0x00, 0x00, 0x00, 0x00, 0x00, 0x00, 0x00, 0x00, 0x00, 0x00, 0x00,
    0x00, 0x00, 0x00, 0x00, 0x00, 0x00, 0x00, 0x00, 0x00, 0x00, 0x00, 0x00, 0x00, 0x00, 0x00, 0x00,
    0x00, 0x0c, 0x00, 0x00, 0x00, 0x00, 0x00, 0x00, 0xc0, 0x00, 0x00, 0x00, 0x00, 0x00, 0x00, 0x00,
    0x00, 0x00, 0x00, 0x00, 0x00, 0x00, 0x00, 0x00, 0x30, 0x00, 0x30, 0x00, 0x03, 0x00, 0x00, 0x00,
    0x00, 0x30, 0x30, 0x03, 0x0c, 0x00, 0x00, 0x00, 0x0c, 0x00, 0x00, 0x00, 0x00, 0x00, 0xc0, 0x00,
    0x00, 0x00, 0x00, 0x30, 0x87, 0x33, 0x0c, 0x4c, 0x80, 0x03, 0x33, 0xcc, 0xcc, 0x33, 0x03, 0x3c,
    0xff, 0xcc, 0xcc, 0xcc, 0xcf, 0x33, 0xcc, 0xcf, 0xcf, 0x33, 0xf3, 0x0c, 0x0c, 0x30, 0xcc, 0xf3,
    0x30, 0xcc, 0xc0, 0xf3, 0x0c, 0x00, 0xc3, 0x0c, 0x48, 0x10, 0x10, 0x00, 0x00, 0x00, 0x00, 0x00,
    0x00, 0x00, 0x00, 0x00, 0x00, 0x00, 0x00, 0x00, 0x00, 0x00, 0x00, 0x00, 0x00, 0x00, 0x00, 0x00,
    0x00, 0x00, 0x00, 0x00, 0x00, 0x00, 0x00, 0x00, 0x00, 0xc0, 0x00, 0x00, 0x00, 0x00, 0x00, 0x00,
    0x00, 0x00, 0x00, 0x00, 0x00, 0x00, 0x00, 0x00, 0x00, 0x00, 0x00, 0x00, 0x00, 0x00, 0x00, 0x00,
    0x00, 0xc3, 0x00, 0xc3, 0x00, 0x30, 0x00, 0x0c, 0x00, 0x00, 0x00, 0x30, 0x00, 0x00, 0x00, 0x00,
    0x00, 0x00, 0x00, 0x00, 0x03, 0x00, 0x00, 0x00, 0x00, 0x30, 0x00, 0x08, 0x30, 0x84, 0x92, 0x33,
    0x40, 0x00, 0x33, 0x33, 0x33, 0x03, 0x3c, 0xcf, 0xf0, 0xf3, 0x33, 0x33, 0x30, 0xcf, 0xc3, 0xf3,
    0x33, 0xc3, 0xf0, 0xcc, 0xcc, 0x33, 0x30, 0x33, 0x0c, 0x0c, 0x0c, 0x3c, 0x03, 0x00, 0x0c, 0x0d,
    0xc3, 0x08, 0x00, 0x00, 0x00, 0x00, 0x00, 0x00, 0x00, 0x00, 0x00, 0x00, 0x00, 0x00, 0x00, 0x00,
    0x00, 0x00, 0x00, 0x00, 0x00, 0x00, 0x00, 0x00, 0x00, 0x00, 0x00, 0x00, 0x00, 0x00, 0x00, 0x00,
    0x00, 0x00, 0x00, 0x00, 0x00, 0x00, 0x00, 0x00, 0x00, 0x00, 0x00, 0x00, 0x00, 0x00, 0x00, 0x00,
    0x00, 0x00, 0x00, 0x00, 0xc0, 0x00, 0x00, 0x00, 0x00, 0x00, 0x0c, 0x00, 0x30, 0x00, 0xc3, 0x00,
    0x0c, 0x00, 0x00, 0x00, 0x00, 0x00, 0x00, 0xc0, 0x00, 0x00, 0x00, 0x00, 0x00, 0x00, 0x00, 0x0c,
    0x00, 0x00, 0x00, 0xc7, 0x08, 0x48, 0xcc, 0x89, 0xc0, 0x30, 0xcc, 0xf3, 0x0c, 0xcc, 0xc3, 0x3f,
    0xff, 0x33, 0x33, 0x33, 0xcc, 0xc3, 0x30, 0x33, 0xcc, 0xcc, 0xcc, 0xcc, 0xcf, 0x03, 0xf3, 0x33,
    0x33, 0x03, 0x00, 0x3f, 0x30, 0xc3, 0x00, 0xc3, 0x21, 0x20, 0x40, 0x00, 0x00, 0x00, 0x00, 0x00,
    0x00, 0x00, 0x00, 0x00, 0x00, 0x00, 0x00, 0x00, 0x00, 0x00, 0x00, 0x00, 0x00, 0x00, 0x00, 0x00,
    0x00, 0x00, 0x00, 0x00, 0x00, 0x00, 0x00, 0x00, 0x00, 0x00, 0x00, 0x00, 0x00, 0x00, 0x00, 0x00,
    0x00, 0x00, 0x00, 0x00, 0x00, 0x00, 0x00, 0x00, 0x00, 0x00, 0x00, 0x0c, 0x00, 0x00, 0x00, 0x00,
    0x0c, 0x30, 0xc0, 0x30, 0x03, 0x0c, 0x00, 0x00, 0x00, 0x0c, 0x0c, 0x00, 0x00, 0x03, 0x0c, 0x00,
    0x00, 0x00, 0x00, 0xc0, 0x00, 0x00, 0x00, 0xc0, 0x00, 0x00, 0x00, 0x00, 0x84, 0xcc, 0x48, 0xdc,
    0x00, 0x00, 0xcf, 0x30, 0xcc, 0x30, 0x33, 0xcf, 0x33, 0xcc, 0xcc, 0xc3, 0x3c, 0xf3, 0xcf, 0x33,
    0xcf, 0x30, 0xc3, 0x33, 0x33, 0x33, 0x30, 0xf3, 0x3c, 0xc3, 0x30, 0x03, 0x03, 0x00, 0x0c, 0x0c,
    0x88, 0x40, 0x20, 0x00, 0x00, 0x00, 0x00, 0x00, 0x00, 0x00, 0x00, 0x00, 0x00, 0x00, 0x00, 0x00,
    0x00, 0x00, 0x00, 0x00, 0x00, 0x00, 0x00, 0x00, 0x00, 0x00, 0x00, 0x00, 0x00, 0x00, 0x00, 0x00,
    0x00, 0x00, 0x00, 0x00, 0x00, 0x00, 0x00, 0x00, 0x00, 0x00, 0x00, 0x00, 0x00, 0x00, 0x00, 0x00,
    0x00, 0x00, 0x00, 0x00, 0x00, 0x00, 0x00, 0x00, 0x00, 0x00, 0x03, 0x03, 0x00, 0x00, 0x00, 0x03,
    0x00, 0x00, 0x00, 0x00, 0xc0, 0xc0, 0x00, 0x00, 0xc0, 0xc0, 0x30, 0x00, 0x30, 0x00, 0x00, 0x00,
    0x03, 0x00, 0x00, 0xc8, 0x4c, 0x88, 0x8c, 0x4e, 0xc0, 0x03, 0x33, 0x33, 0x33, 0x33, 0x33, 0x3f,
    0xcc, 0x33, 0x30, 0xcf, 0xf3, 0x0c, 0xc0, 0xf0, 0xf3, 0x33, 0x33, 0x33, 0x0c, 0x33, 0x30, 0xcf,
    0xcf, 0x03, 0x0c, 0x30, 0xcc, 0x30, 0xc0, 0x03, 0x31, 0x22, 0x00, 0x00, 0x00, 0x00, 0x00, 0x00,
    0x00, 0x00, 0x00, 0x00, 0x00, 0x00, 0x00, 0x00, 0x00, 0x00, 0x00, 0x00, 0x00, 0x00, 0x00, 0x00,
    0x00, 0x00, 0x00, 0x00, 0x00, 0x00, 0x00, 0x00, 0x00, 0x00, 0x00, 0x00, 0x00, 0x00, 0x00, 0x00,
    0x00, 0x00, 0x00, 0x00, 0x00, 0x00, 0x00, 0x00, 0x00, 0x00, 0x00, 0x00, 0x00, 0x00, 0x00, 0x00,
    0x30, 0xc3, 0x00, 0x00, 0x30, 0xc3, 0x0c, 0x30, 0x03, 0x00, 0x00, 0x30, 0x00, 0x00, 0x00, 0x00,
    0x00, 0x00, 0x00, 0x00, 0x00, 0x0c, 0x0c, 0x00, 0x00, 0x00, 0x0c, 0x13, 0x20, 0x87, 0x22, 0x33,
    0x00, 0x00, 0xcf, 0x33, 0x33, 0x30, 0xcc, 0xff, 0x33, 0x33, 0x33, 0x33, 0x33, 0xcc, 0xf3, 0x3c,
    0xc3, 0x30, 0xf3, 0x0c, 0xc3, 0x0c, 0xcc, 0xcc, 0xfc, 0xc0, 0xc0, 0x00, 0x00, 0xc0, 0x03, 0x0c,
    0x48, 0xc0, 0x00, 0x00, 0x00, 0x00, 0x00, 0x00, 0x00, 0x00, 0x00, 0x00, 0x00, 0x00, 0x00, 0x0c,
    0x00, 0x30, 0x00, 0x00, 0x00, 0x00, 0x00, 0x00, 0x00, 0x00, 0x00, 0x00, 0x00, 0x00, 0x00, 0x00,
    0x00, 0x00, 0x00, 0x00, 0x00, 0x00, 0x00, 0x00, 0x00, 0x00, 0x00, 0x00, 0x00, 0x00, 0x00, 0x00,
    0x00, 0x00, 0x00, 0x00, 0x00, 0x00, 0x00, 0x00, 0x00, 0x00, 0x30, 0xc3, 0x00, 0x00, 0x00, 0x00,
    0x00, 0x03, 0x03, 0x00, 0x00, 0x00, 0x00, 0x00, 0x00, 0x00, 0x00, 0x00, 0x00, 0x00, 0x00, 0x00,
    0x00, 0x00, 0x00, 0x08, 0x0c, 0x70, 0x8c, 0x93, 0x00, 0x0c, 0xcc, 0xcc, 0xcc, 0xcc, 0xcf, 0xf3,
    0x33, 0x33, 0x30, 0xcc, 0xcc, 0xcc, 0xcc, 0xfc, 0xf3, 0x0c, 0xf3, 0x33, 0x30, 0xcc, 0xc3, 0x3f,
    0xcc, 0x33, 0x33, 0x0c, 0xcc, 0x0c, 0x30, 0x03, 0x31, 0x04, 0x40, 0x00, 0x00, 0x00, 0x00, 0x00,
    0x00, 0x00, 0x00, 0x00, 0x00, 0x00, 0x00, 0x00, 0x00, 0x00, 0x00, 0x00, 0x00, 0x00, 0x00, 0x00,
    0x00, 0x00, 0x00, 0x00, 0x00, 0x00, 0x00, 0x00, 0x00, 0x00, 0x00, 0x00, 0x00, 0x00, 0x00, 0x00,
    0x00, 0x00, 0x00, 0x00, 0x00, 0x00, 0x00, 0x00, 0x00, 0x00, 0x00, 0x00, 0x00, 0x00, 0x00, 0x00,
    0x0c, 0x30, 0x00, 0x00, 0x30, 0xcc, 0x30, 0x00, 0x30, 0x00, 0x00, 0x00, 0x0c, 0x00, 0xc0, 0x30,
    0x00, 0x00, 0x00, 0x00, 0x00, 0x00, 0x00, 0x00, 0x00, 0x00, 0x00, 0x31, 0xc6, 0x08, 0xc5, 0x38,
    0x00, 0x0c, 0xcc, 0x33, 0x33, 0x03, 0x33, 0x3f, 0x33, 0x33, 0x33, 0x0f, 0x33, 0x0c, 0xcc, 0xcf,
    0xf3, 0x33, 0x3c, 0xcc, 0x0c, 0x33, 0x33, 0xcf, 0x33, 0x00, 0xcc, 0xc0, 0x00, 0xc0, 0x03, 0x30,
    0xc8, 0x88, 0x20, 0x03, 0x00, 0x00, 0x00, 0x00, 0x00, 0x00, 0x00, 0x00, 0x00, 0x00, 0x00, 0x00,
    0x00, 0x00, 0x00, 0x00, 0x00, 0x00, 0x00, 0x00, 0x00, 0x00, 0x00, 0x00, 0x00, 0x00, 0x00, 0x00,
    0x00, 0x00, 0x00, 0x00, 0x00, 0x30, 0x00, 0x30, 0x00, 0x00, 0x00, 0x00, 0x00, 0x00, 0x00, 0x00,
    0x00, 0x00, 0x00, 0x00, 0x00, 0x00, 0x00, 0x00, 0x00, 0x03, 0x0c, 0x30, 0x00, 0x00, 0x00, 0x30,
    0x00, 0x00, 0x00, 0x00, 0xc0, 0x0c, 0x00, 0x00, 0x30, 0x30, 0x00, 0x0c, 0x00, 0x00, 0x00, 0x00,
    0x00, 0x0c, 0x00, 0x04, 0x20, 0xc8, 0x63, 0x33, 0x00, 0x0c, 0xf3, 0x33, 0x30, 0xcc, 0xcf, 0xf3,
    0x33, 0x0c, 0xc3, 0x33, 0xcc, 0xc3, 0x33, 0xff, 0x33, 0x33, 0xfc, 0x33, 0x30, 0xf3, 0x33, 0xcf,
    0xcc, 0xf3, 0x30, 0x30, 0xcc, 0x03, 0x30, 0x00, 0x33, 0x01, 0x00, 0x00, 0x00, 0x00, 0x00, 0x00,
    0x00, 0x00, 0x00, 0x00, 0x00, 0x00, 0x00, 0x00, 0x00, 0x00, 0x00, 0x00, 0x00, 0x00, 0x00, 0x00,
    0x00, 0x00, 0x00, 0x00, 0x00, 0x00, 0x00, 0x00, 0x30, 0x00, 0x00, 0x00, 0x00, 0x00, 0x00, 0x00,
    0x00, 0x00, 0x00, 0x00, 0x00, 0x00, 0x00, 0x00, 0x00, 0x00, 0x00, 0x00, 0x00, 0x00, 0x00, 0x00,
    0x0c, 0x30, 0x00, 0x03, 0x0c, 0x33, 0x0c, 0x00, 0x00, 0xc3, 0x03, 0x00, 0x00, 0x00, 0x00, 0x00,
    0x00, 0x00, 0x30, 0x00, 0x03, 0x00, 0x00, 0x00, 0xc0, 0xc0, 0x00, 0xc8, 0x8c, 0x8c, 0xc4, 0x8d,
    0x03, 0x03, 0x33, 0x33, 0x33, 0x33, 0x3f, 0x3c, 0xcc, 0xcc, 0xcc, 0xcc, 0xcc, 0xcc, 0xcc, 0xcf,
    0xfc, 0xcc, 0xf3, 0x0c, 0x30, 0x33, 0x03, 0x33, 0xcc, 0xc0, 0xcc, 0xc0, 0x00, 0xc0, 0x03, 0x33,
    0x04, 0x8c, 0x04, 0x00, 0x00, 0x00, 0x00, 0x00, 0x00, 0x00, 0x0c, 0x00, 0x00, 0x00, 0x00, 0x00,
    0x00, 0x00, 0x00, 0x00, 0x00, 0x00, 0x00, 0x00, 0x00, 0x00, 0x00, 0x00, 0x03, 0x00, 0x00, 0x00,
    0x00, 0x00, 0x00, 0x00, 0x00, 0x00, 0x00, 0x00, 0x00, 0x00, 0x00, 0x30, 0x00, 0x00, 0x00, 0x00,
    0x00, 0x00, 0x00, 0x00, 0x00, 0x00, 0x00, 0x00, 0x00, 0x03, 0x0c, 0x30, 0x00, 0x00, 0x00, 0x03,
    0x0c, 0x00, 0x00, 0x00, 0x00, 0x00, 0x03, 0x00, 0x00, 0x00, 0x00, 0x00, 0x00, 0x00, 0xc0, 0x0c,
    0x00, 0x00, 0x00, 0x03, 0x04, 0x84, 0x63, 0x33, 0x00, 0x30, 0xf0, 0xcc, 0xcc, 0x33, 0xf3, 0xcc,
    0xcc, 0xcf, 0x30, 0xcc, 0xcc, 0x33, 0x33, 0xcf, 0x3c, 0xc3, 0x3c, 0xc3, 0x0c, 0x33, 0x30, 0xfc,
    0xf3, 0x30, 0x30, 0x33, 0x30, 0x03, 0x30, 0x00, 0x0c, 0x41, 0x20, 0x00, 0x00, 0x00, 0x00, 0x30,
    0x00, 0x00, 0x00, 0x00, 0x00, 0x00, 0x00, 0x00, 0x00, 0x00, 0x00, 0x00, 0x00, 0x00, 0x00, 0x00,
    0x00, 0x00, 0x00, 0x00, 0x00, 0x00, 0x00, 0x00, 0x00, 0x00, 0x00, 0x00, 0x00, 0x00, 0x00, 0x00,
    0x00, 0x00, 0x0c, 0x00, 0x00, 0x00, 0x00, 0x00, 0x00, 0x00, 0x00, 0x00, 0x00, 0x00, 0x00, 0x00,
    0x30, 0xc0, 0x00, 0x03, 0x33, 0x0c, 0xc0, 0x30, 0x00, 0x00, 0x00, 0x0c, 0x03, 0x00, 0x00, 0x03,
    0x00, 0x00, 0x00, 0x00, 0x00, 0x00, 0x00, 0xc0, 0x00, 0x00, 0x00, 0x70, 0x63, 0x1c, 0x8c, 0x98,
    0x00, 0x0c, 0xcc, 0xcc, 0xcc, 0xcc, 0xfc, 0xf3, 0x33, 0x33, 0xcc, 0xcf, 0x33, 0x0c, 0x30, 0xcf,
    0xcc, 0x33, 0x3c, 0xcc, 0xc3, 0x33, 0x33, 0x3f, 0x33, 0x0c, 0xcc, 0xcc, 0x0c, 0xc0, 0x0c, 0x30,
    0xc0, 0xc8, 0x00, 0x00, 0x00, 0x00, 0x00, 0x00, 0x00, 0x00, 0x00, 0x00, 0x00, 0x00, 0x00, 0x00,
    0x00, 0x00, 0x00, 0x00, 0x00, 0x00, 0x00, 0x00, 0x00, 0x00, 0x00, 0x00, 0x00, 0x00, 0x00, 0x00,
    0x00, 0x00, 0x00, 0x00, 0x00, 0x00, 0x00, 0x00, 0x00, 0x00, 0x00, 0x00, 0x00, 0x00, 0x00, 0x00,
    0x00, 0x00, 0x00, 0xc0, 0x00, 0x00, 0x00, 0x00, 0x00, 0x0c, 0xc3, 0x00, 0x00, 0x00, 0x0c, 0x00,
    0x00, 0x03, 0x0c, 0x00, 0x00, 0x03, 0x00, 0x00, 0x00, 0x30, 0x00, 0x00, 0xc0, 0x00, 0x00, 0x00,
    0x00, 0x00, 0x0c, 0x06, 0x0c, 0x82, 0x31, 0x33, 0x00, 0x0c, 0xcc, 0x33, 0x30, 0x33, 0x3f, 0x33,
    0x0c, 0xcc, 0xcf, 0x33, 0x0c, 0xc3, 0x0c, 0x33, 0x33, 0x30, 0xf3, 0x30, 0x30, 0x33, 0x33, 0x33,
    0xf3, 0x30, 0x00, 0xc3, 0x00, 0x0c, 0xc3, 0x03, 0x0c, 0x10, 0x80, 0x00, 0x00, 0x00, 0x00, 0x00,
    0x00, 0x00, 0x00, 0x00, 0x00, 0x00, 0x00, 0x00, 0x00, 0x00, 0x00, 0x00, 0x0c, 0x00, 0x00, 0x00,
    0x00, 0x00, 0x00, 0x00, 0x00, 0x00, 0x00, 0x00, 0x00, 0x00, 0x00, 0x00, 0x00, 0x00, 0x00, 0x00,
    0x00, 0x00, 0x00, 0x00, 0x00, 0x00, 0x00, 0x0c, 0x00, 0x00, 0x00, 0x00, 0x00, 0x00, 0x00, 0x00,
    0x0c, 0x00, 0x00, 0x30, 0xc3, 0x30, 0xc0, 0x00, 0x30, 0x30, 0x00, 0x00, 0x30, 0x00, 0x00, 0x00,
    0x03, 0x00, 0x03, 0x00, 0x00, 0x00, 0x00, 0x00, 0x00, 0x00, 0x00, 0x20, 0xc1, 0x32, 0x13, 0x20,
    0x00, 0x33, 0x33, 0x30, 0xcc, 0xcf, 0xcc, 0xcc, 0xcc, 0xcf, 0xf3, 0x33, 0x33, 0x33, 0x33, 0x33,
    0xcc, 0xcc, 0x3c, 0xcc, 0xc3, 0x33, 0x33, 0x3c, 0xfc, 0xcc, 0xcc, 0xcc, 0x33, 0x00, 0x30, 0x30,
    0x00, 0x08, 0x04, 0x00, 0x00, 0x00, 0x00, 0x00, 0x00, 0x00, 0x00, 0x00, 0x00, 0x00, 0x00, 0x00,
    0x00, 0x00, 0x00, 0x00, 0x00, 0x00, 0x00, 0x00, 0x00, 0x00, 0x00, 0x00, 0x00, 0x00, 0x00, 0x30,
    0x00, 0x00, 0x00, 0x00, 0x00, 0x00, 0x00, 0x00, 0x00, 0x00, 0x00, 0x00, 0x00, 0x0c, 0x00, 0xc0,
    0x00, 0x00, 0x30, 0x00, 0x00, 0x00, 0x00, 0x00, 0x00, 0xc3, 0x30, 0x00, 0x00, 0x00, 0x0c, 0x0c,
    0x00, 0x00, 0x00, 0x30, 0x00, 0x00, 0x03, 0x00, 0x00, 0x00, 0x00, 0x00, 0x00, 0x30, 0x00, 0x00,
    0x00, 0x00, 0x00, 0x0c, 0x23, 0x21, 0xc8, 0x8c, 0x00, 0x33, 0x0c, 0xcc, 0xc3, 0x33, 0x3f, 0xcc,
    0xcc, 0xc0, 0xcc, 0xcc, 0xcc, 0x30, 0xc3, 0x0f, 0xf3, 0x33, 0x3c, 0x30, 0x30, 0x33, 0x30, 0xcf,
    0x33, 0x03, 0x0c, 0xcc, 0x00, 0x33, 0x03, 0x0c, 0xcc, 0xc1, 0x00, 0x00, 0x00, 0x00, 0x00, 0x00,
    0x00, 0x00, 0x00, 0x00, 0x00, 0x00, 0x00, 0x00, 0x00, 0x00, 0x00, 0x00, 0x00, 0x00, 0x00, 0x00,
    0x00, 0x00, 0x00, 0x00, 0x00, 0x00, 0x00, 0x00, 0x00, 0x00, 0x00, 0x00, 0x00, 0x00, 0x00, 0x00,
    0x00, 0x00, 0x00, 0x00, 0x00, 0x00, 0x00, 0x00, 0x00, 0x30, 0x00, 0x00, 0x00, 0x00, 0x00, 0x00,
    0x30, 0x00, 0x03, 0x33, 0x30, 0xcc, 0xc0, 0xc0, 0x00, 0x00, 0x0c, 0x00, 0x00, 0x30, 0x00, 0x03,
    0x00, 0x00, 0x00, 0x00, 0x00, 0x00, 0x0c, 0x00, 0x00, 0xc0, 0xc0, 0x31, 0x20, 0x8c, 0x23, 0x34,
    0x03, 0x0c, 0xcc, 0x33, 0x30, 0xcf, 0xcc, 0xcc, 0x33, 0x33, 0x33, 0x33, 0x33, 0x33, 0x30, 0xcc,
    0xcc, 0xcc, 0xcf, 0x0c, 0xc3, 0x33, 0x0c, 0x33, 0xcc, 0xf0, 0xc3, 0x33, 0x0c, 0x00, 0x30, 0xc0,
    0x00, 0x00, 0x88, 0x00, 0x00, 0x00, 0x00, 0x00, 0x00, 0x00, 0x00, 0x00, 0x00, 0x00, 0x00, 0x00,
    0x00, 0x00, 0x00, 0x00, 0x00, 0x00, 0x00, 0x00, 0x00, 0x00, 0x00, 0x00, 0x00, 0x00, 0x00, 0x00,
    0x00, 0x00, 0x00, 0x00, 0x00, 0x00, 0x00, 0x00, 0x00, 0x00, 0x00, 0x00, 0x00, 0x00, 0x00, 0x00,
    0x00, 0x00, 0x00, 0x00, 0x00, 0x00, 0x03, 0x00, 0x03, 0x30, 0xc0, 0x00, 0x00, 0x00, 0x0c, 0x00,
    0x0c, 0x0c, 0x00, 0x00, 0x0c, 0x00, 0x30, 0x00, 0x00, 0x00, 0xc0, 0x03, 0x00, 0x00, 0x00, 0x00,
    0x0c, 0x00, 0x00, 0x02, 0x0c, 0x46, 0x31, 0x8c, 0x00, 0x33, 0x33, 0x30, 0xcc, 0xcc, 0xfc, 0xcc,
    0xcc, 0xcc, 0xcc, 0xcc, 0x33, 0x0c, 0xcc, 0x33, 0xcf, 0x33, 0x3c, 0xcc, 0x30, 0xcc, 0xcc, 0xcc,
    0xf3, 0x0c, 0x33, 0x33, 0x03, 0x33, 0x0c, 0x0c, 0xcc, 0x30, 0x00, 0x00, 0x00, 0x00, 0x00, 0x00,
    0x00, 0x00, 0x00, 0x00, 0x00, 0x00, 0x00, 0x0c, 0x00, 0x00, 0x00, 0x00, 0x00, 0x00, 0x00, 0x00,
    0x00, 0x00, 0x00, 0x00, 0x00, 0x00, 0x00, 0x00, 0x00, 0x00, 0x00, 0x00, 0x00, 0x30, 0x00, 0x00,
    0x00, 0x00, 0xc0, 0x00, 0x00, 0x00, 0x00, 0x00, 0x00, 0x00, 0x00, 0x00, 0x00, 0x00, 0x30, 0x00,
    0x00, 0x00, 0x0c, 0x30, 0xcc, 0x30, 0xc0, 0x00, 0xc0, 0x00, 0x00, 0x03, 0x00, 0x00, 0x00, 0x00,
    0x00, 0x00, 0x00, 0x30, 0x00, 0x00, 0x00, 0x00, 0xc0, 0x00, 0x00, 0x31, 0xc4, 0xc8, 0xc8, 0x70,
    0x00, 0x33, 0x33, 0x0c, 0xc3, 0x33, 0xcf, 0x33, 0x30, 0xcc, 0xcc, 0xcc, 0xc3, 0x33, 0x33, 0x0c,
    0xf3, 0x30, 0xfc, 0xc3, 0x0c, 0x33, 0x30, 0x33, 0x3c, 0xc3, 0x0c, 0xcc, 0xc0, 0x00, 0x30, 0xc0,
    0x00, 0x03, 0x10, 0x03, 0x00, 0x00, 0x00, 0x00, 0x00, 0x00, 0x00, 0x00, 0x00, 0x00, 0x00, 0x00,
    0x00, 0x00, 0x00, 0x00, 0x00, 0x00, 0x00, 0x00, 0x00, 0x00, 0x00, 0x00, 0x00, 0x00, 0x00, 0x00,
    0x00, 0x00, 0x00, 0x00, 0x00, 0x00, 0x00, 0x00, 0x00, 0x00, 0x00, 0x00, 0x00, 0x00, 0x00, 0x00,
    0x00, 0x00, 0x00, 0x00, 0x00, 0x00, 0x00, 0x00, 0x30, 0xcc, 0x00, 0x00, 0x00, 0x00, 0x0c, 0x30,
    0x00, 0x00, 0x30, 0x30, 0x00, 0x00, 0x00, 0x00, 0x0c, 0x00, 0x00, 0x00, 0x00, 0x00, 0x00, 0x0c,
    0x00, 0x00, 0x00, 0x10, 0x22, 0x23, 0x13, 0x0c, 0x00, 0x33, 0x30, 0xcc, 0x33, 0x33, 0xf3, 0x30,
    0xcc, 0x33, 0x33, 0x33, 0x33, 0x30, 0xc0, 0xcc, 0xcc, 0xcc, 0xcc, 0x30, 0xc0, 0xcc, 0xcc, 0xc3,
    0x33, 0x30, 0xcc, 0xcc, 0x0c, 0xcc, 0x0c, 0x33, 0x33, 0x01, 0x00, 0x00, 0x00, 0x00, 0x00, 0x00,
    0x00, 0x00, 0x00, 0x00, 0x00, 0x00, 0x00, 0x00, 0x00, 0x00, 0x00, 0x00, 0x00, 0x00, 0x00, 0x00,
    0x00, 0x00, 0x00, 0x00, 0x00, 0x00, 0x00, 0x00, 0x00, 0x00, 0x00, 0x00, 0x00, 0x00, 0x00, 0x00,
    0x00, 0x00, 0x00, 0x00, 0x00, 0x00, 0x00, 0x00, 0x00, 0x00, 0x00, 0x00, 0x00, 0x00, 0x00, 0x00,
    0x00, 0x00, 0xcc, 0xcc, 0x33, 0x33, 0x00, 0x00, 0x00, 0xc3, 0x00, 0x00, 0x00, 0x0c, 0x00, 0xc0,
    0xc0, 0x0c, 0x00, 0x00, 0x03, 0x03, 0x00, 0x00, 0x00, 0x00, 0x00, 0xc8, 0xc3, 0x0c, 0x62, 0x20,
    0x03, 0x0c, 0xcc, 0xcc, 0xcc, 0xcf, 0x3c, 0xcc, 0xcc, 0xcc, 0xcc, 0xcc, 0xcc, 0xcc, 0xcc, 0x33,
    0x33, 0x33, 0x3f, 0x33, 0x33, 0x33, 0x03, 0x33, 0x3f, 0x33, 0x33, 0xcf, 0x00, 0x03, 0x03, 0x00,
    0x00, 0x30, 0x88, 0x00, 0x00, 0x00, 0x00, 0x00, 0x00, 0x00, 0x00, 0x00, 0x00, 0x00, 0x00, 0x00,
    0x00, 0x00, 0x00, 0x00, 0x00, 0x00, 0x00, 0x00, 0x00, 0x00, 0x00, 0x00, 0x00, 0x00, 0x00, 0x00,
    0x00, 0x00, 0x00, 0x00, 0x00, 0x00, 0x00, 0x30, 0x00, 0xc0, 0x00, 0x00, 0x00, 0x00, 0x00, 0x00,
    0x00, 0x00, 0x00, 0x00, 0x00, 0x00, 0x00, 0x00, 0x0c, 0x30, 0x00, 0x00, 0x00, 0x00, 0x30, 0x00,
    0x30, 0x00, 0x00, 0x00, 0x03, 0x00, 0x0c, 0x00, 0x00, 0x00, 0x00, 0x00, 0x00, 0x00, 0x00, 0xc0,
    0x00, 0x00, 0x30, 0x02, 0x12, 0x21, 0x31, 0xcc, 0x00, 0xcc, 0xcc, 0xcc, 0x30, 0xcf, 0xf3, 0x33,
    0x33, 0x30, 0xcc, 0xc3, 0x33, 0x33, 0x33, 0x33, 0x33, 0x33, 0xf3, 0x30, 0x00, 0xcc, 0xcc, 0x03,
    0x33, 0x30, 0x33, 0x33, 0x33, 0x30, 0xc0, 0xcc, 0xcc, 0x00, 0x00, 0x00, 0x00, 0x00, 0x00, 0x00,
    0x00, 0x00, 0x00, 0x00, 0x00, 0x00, 0x00, 0x00, 0x00, 0x03, 0x00, 0x00, 0x00, 0x00, 0x00, 0x00,
    0x00, 0x00, 0x00, 0x00, 0x0c, 0x00, 0x00, 0x00, 0x00, 0x00, 0x00, 0x00, 0x00, 0x00, 0x00, 0x00,
    0x00, 0x00, 0x00, 0x00, 0x00, 0x00, 0x00, 0x00, 0x00, 0x00, 0x00, 0x00, 0x00, 0x00, 0x00, 0x00,
    0x03, 0x03, 0x0c, 0x33, 0x0c, 0x30, 0x03, 0x0c, 0x00, 0x00, 0x03, 0x00, 0xc0, 0x00, 0x00, 0x00,
    0x00, 0x00, 0x03, 0x00, 0x00, 0x00, 0x00, 0x00, 0x00, 0x03, 0x00, 0x30, 0xc8, 0x4c, 0x88, 0x20,
    0x03, 0x33, 0x33, 0x33, 0x0c, 0xcc, 0xf3, 0x0c, 0xc3, 0x0c, 0xcc, 0xcc, 0xcc, 0xcc, 0xc0, 0xcc,
    0xcc, 0xcc, 0xcc, 0xcc, 0xcc, 0xcc, 0xc3, 0x33, 0x33, 0x0c, 0xcc, 0xcc, 0xc0, 0x00, 0x33, 0x00,
    0x00, 0xc3, 0x10, 0x00, 0x00, 0x00, 0x00, 0x00, 0x00, 0x00, 0x00, 0x00, 0x00, 0x00, 0x00, 0x00,
    0x00, 0x00, 0x00, 0x00, 0x00, 0x00, 0x00, 0x00, 0x00, 0x00, 0x00, 0x00, 0x00, 0x00, 0x00, 0x00,
    0x00, 0x00, 0x00, 0x00, 0x03, 0x00, 0x00, 0x00, 0x00, 0x00, 0x00, 0x00, 0x00, 0x00, 0x00, 0x00,
    0x00, 0x00, 0x00, 0x00, 0x00, 0x00, 0x00, 0x00, 0x30, 0x30, 0x00, 0x00, 0x00, 0x03, 0x30, 0x00,
    0x00, 0x00, 0x30, 0x00, 0x00, 0x00, 0x00, 0x00, 0x00, 0x00, 0x00, 0x00, 0x00, 0x00, 0x00, 0x00,
    0x00, 0x00, 0x00, 0x04, 0x43, 0x32, 0x33, 0x30, 0x10, 0xcc, 0xcc, 0xcc, 0xcc, 0xcf, 0xcc, 0xcc,
    0xcc, 0xcc, 0xcc, 0xcc, 0xc3, 0x33, 0x33, 0x0c, 0xcc, 0xc3, 0xfc, 0xc3, 0x03, 0xcc, 0x30, 0xc3,
    0x33, 0x30, 0xcf, 0xcc, 0xc3, 0x33, 0x00, 0xcc, 0xcc, 0x00, 0x40, 0x00, 0x00, 0x00, 0x00, 0xc0,
    0x00, 0x00, 0x00, 0x00, 0x00, 0x00, 0x00, 0x00, 0x00, 0x00, 0x00, 0x00, 0x00, 0x00, 0x00, 0x00,
    0x00, 0x00, 0x00, 0x00, 0x00, 0x00, 0x00, 0x00, 0x00, 0x00, 0x00, 0x00, 0x00, 0x00, 0x00, 0x00,
    0x00, 0x00, 0x00, 0x00, 0x00, 0x00, 0x00, 0x00, 0x00, 0x00, 0x00, 0x00, 0x00, 0x00, 0x00, 0x00,
    0x03, 0x03, 0x33, 0x0c, 0xcc, 0xc0, 0x00, 0x00, 0x0c, 0x30, 0x00, 0x0c, 0x00, 0x03, 0x00, 0x00,
    0x00, 0xc0, 0x00, 0x00, 0xc0, 0x00, 0x00, 0x00, 0x00, 0xc0, 0x00, 0x32, 0x31, 0x21, 0x12, 0x1c,
    0x33, 0x33, 0x33, 0x30, 0xc3, 0x33, 0xcc, 0xcc, 0xcc, 0xcc, 0xcc, 0xcc, 0x33, 0x0c, 0xcc, 0xcc,
    0xcc, 0xcc, 0xcc, 0xcc, 0xc0, 0xcc, 0xcc, 0x30, 0xcc, 0xcc, 0xf3, 0x33, 0x30, 0x00, 0xcc, 0x00,
    0x00, 0x30, 0x20, 0x00, 0x00, 0x00, 0x00, 0x00, 0x00, 0x00, 0x00, 0x00, 0x00, 0x00, 0x00, 0x00,
    0x00, 0x00, 0x00, 0x00, 0xc0, 0x00, 0x00, 0x00, 0x00, 0x00, 0x00, 0x00, 0x00, 0x00, 0x00, 0x00,
    0x00, 0x00, 0x00, 0x00, 0x00, 0x00, 0x00, 0x00, 0x00, 0x00, 0x00, 0x00, 0x00, 0x00, 0x00, 0x00,
    0x00, 0x00, 0x00, 0x00, 0x00, 0x00, 0x00, 0x00, 0x30, 0x30, 0x00, 0x00, 0x00, 0x0c, 0xcc, 0x30,
    0xc0, 0x00, 0x00, 0x00, 0x00, 0xc0, 0x00, 0xc0, 0xc0, 0x00, 0x30, 0x00, 0x00, 0x0c, 0x0c, 0x00,
    0x00, 0x00, 0x00, 0x04, 0x88, 0xc8, 0xc8, 0xc0, 0x30, 0x33, 0x0c, 0xcc, 0x33, 0x3f, 0x33, 0x33,
    0x33, 0x33, 0x33, 0x33, 0x33, 0x33, 0x30, 0x33, 0x33, 0x33, 0xfc, 0xc3, 0x33, 0xcc, 0xc3, 0x33,
    0x30, 0xc3, 0x33, 0xcc, 0xc3, 0x30, 0x03, 0x33, 0x33, 0x03, 0x01, 0x00, 0x00, 0x00, 0x00, 0x00,
    0x00, 0x00, 0x00, 0x00, 0x00, 0x00, 0x00, 0x00, 0x00, 0x00, 0x00, 0x00, 0x00, 0x00, 0x00, 0x00,
    0x00, 0x00, 0x00, 0x00, 0x00, 0x00, 0x00, 0x00, 0x00, 0x00, 0x00, 0x00, 0x00, 0x00, 0x00, 0x00,
    0x00, 0x00, 0x00, 0x00, 0x03, 0x00, 0x00, 0x00, 0x00, 0x00, 0x00, 0x00, 0x00, 0x03, 0x00, 0x00,
    0x00, 0x03, 0x0c, 0xcc, 0x30, 0xc0, 0x00, 0x00, 0x00, 0x00, 0xc0, 0x00, 0x0c, 0x00, 0x00, 0x00,
    0x00, 0x00, 0x00, 0x00, 0x00, 0x00, 0x00, 0x00, 0xc0, 0x00, 0x00, 0x30, 0xc2, 0x13, 0x21, 0x34,
    0xc3, 0x33, 0x33, 0x33, 0x33, 0x33, 0x33, 0x33, 0x33, 0x33, 0x33, 0x33, 0x33, 0x33, 0x0c, 0xcc,
    0xcc, 0xcc, 0xcc, 0xcc, 0x03, 0x33, 0x33, 0x0c, 0xcc, 0x33, 0x3c, 0xcc, 0xc0, 0x0c, 0x30, 0x00,
    0x00, 0x00, 0x10, 0x00, 0x00, 0x00, 0x00, 0x00, 0x00, 0x00, 0x00, 0xc0, 0x00, 0x00, 0x00, 0x00,
    0x00, 0x00, 0x00, 0x00, 0x00, 0x00, 0x00, 0x00, 0x00, 0x00, 0x00, 0x00, 0x00, 0x00, 0x00, 0x00,
    0x00, 0x00, 0x00, 0x00, 0x00, 0x00, 0x00, 0x00, 0x00, 0x00, 0x00, 0x00, 0x00, 0x00, 0x00, 0x00,
    0x00, 0x00, 0x00, 0x00, 0x00, 0x00, 0x00, 0x00, 0x0c, 0xc0, 0x00, 0x00, 0x0c, 0x0c, 0x30, 0x00,
    0x00, 0x30, 0x03, 0x00, 0xc0, 0x00, 0x0c, 0x00, 0x00, 0x00, 0x00, 0x0c, 0x00, 0xc0, 0x00, 0x00,
    0x00, 0x00, 0x00, 0x08, 0x21, 0x32, 0x1c, 0x8c, 0x33, 0x33, 0x30, 0xc3, 0x33, 0x3c, 0xcc, 0xcc,
    0xcc, 0xcc, 0xcc, 0xcc, 0xcc, 0xcc, 0xcc, 0x33, 0x30, 0xcf, 0xfc, 0xcc, 0xcf, 0x30, 0xcc, 0xc3,
    0x03, 0x0c, 0xcf, 0x33, 0x33, 0x03, 0x0c, 0xcc, 0xcc, 0xc1, 0x08, 0x00, 0xc0, 0x00, 0x00, 0x00,
    0x00, 0x00, 0x00, 0x00, 0x00, 0x00, 0x00, 0x0c, 0x00, 0x00, 0x00, 0x00, 0x00, 0x00, 0x00, 0x00,
    0x00, 0x00, 0x00, 0x00, 0x00, 0x00, 0x00, 0x00, 0x00, 0x00, 0x00, 0xc0, 0x00, 0x00, 0x00, 0x00,
    0x00, 0x00, 0x00, 0x00, 0x00, 0x00, 0x00, 0x00, 0x00, 0x00, 0x00, 0x00, 0x00, 0x00, 0x00, 0x00,
    0x00, 0x0c, 0xcc, 0x33, 0x00, 0xc0, 0xc3, 0x03, 0x03, 0x00, 0x00, 0x00, 0x00, 0x00, 0x00, 0x00,
    0x00, 0x0c, 0x00, 0x00, 0x00, 0x00, 0x00, 0x00, 0x00, 0x00, 0xc0, 0x07, 0x13, 0x21, 0xc2, 0x33,
    0x03, 0x33, 0x33, 0x30, 0xcc, 0xcc, 0xcc, 0xcc, 0xcc, 0xc3, 0x33, 0x33, 0x33, 0x33, 0x33, 0x0c,
    0x33, 0x33, 0x33, 0x30, 0x03, 0xcc, 0x30, 0xcc, 0xcc, 0xcf, 0x33, 0xcc, 0xc0, 0xc0, 0x00, 0x00,
    0x00, 0x03, 0x00, 0x00, 0x00, 0x00, 0x00, 0x00, 0x00, 0x00, 0x00, 0x00, 0x00, 0x00, 0x00, 0x00,
    0x00, 0x00, 0x00, 0x00, 0x00, 0x00, 0x00, 0x00, 0x00, 0x00, 0x00, 0x00, 0x00, 0x00, 0x00, 0x00,
    0x00, 0x00, 0x30, 0x00, 0x00, 0x00, 0x00, 0x00, 0x00, 0x00, 0x00, 0x00, 0x00, 0x00, 0x00, 0xc0,
    0x00, 0x00, 0x00, 0x00, 0x00, 0x00, 0x00, 0x00, 0x33, 0x00, 0x00, 0x00, 0x30, 0x0c, 0x00, 0x00,
    0x00, 0x00, 0x00, 0x0c, 0x00, 0x03, 0x00, 0x00, 0xc0, 0xc0, 0x00, 0x00, 0x00, 0x00, 0x00, 0x30,
    0x00, 0x30, 0x00, 0x30, 0x30, 0x8c, 0x23, 0x48, 0xc0, 0xf3, 0x33, 0x0c, 0xcc, 0xf3, 0x33, 0x33,
    0x33, 0x33, 0x33, 0x33, 0x33, 0x30, 0xc3, 0x33, 0x33, 0x3c, 0xf3, 0x33, 0x33, 0x33, 0x0c, 0xcc,
    0x33, 0x33, 0xfc, 0xf3, 0x30, 0x33, 0x33, 0x33, 0x33, 0x00, 0x20, 0x00, 0x00, 0x00, 0x00, 0x00,
    0x00, 0x00, 0x00, 0x00, 0x00, 0x00, 0x00, 0x00, 0x00, 0x00, 0x00, 0x00, 0x00, 0x00, 0x00, 0x00,
    0x00, 0x00, 0x00, 0x00, 0x00, 0x00, 0x00, 0x00, 0x00, 0x0c, 0x00, 0x00, 0x00, 0x00, 0x00, 0x00,
    0x00, 0x00, 0x00, 0x03, 0x00, 0x00, 0x00, 0x00, 0x00, 0x00, 0x00, 0x00, 0x00, 0x00, 0x00, 0x00,
    0x00, 0x30, 0xc3, 0x33, 0x03, 0x00, 0xcc, 0x00, 0x00, 0x00, 0xc0, 0xc0, 0x00, 0x30, 0x00, 0x0c,
    0x00, 0x00, 0x03, 0x00, 0x00, 0x00, 0x00, 0x00, 0x00, 0x00, 0x00, 0x02, 0x08, 0xc6, 0x31, 0x8c,
    0x30, 0xcc, 0xcc, 0xcc, 0xcc, 0xcc, 0xcc, 0xcc, 0xcc, 0xcc, 0xcc, 0xcc, 0xcc, 0xcc, 0xcc, 0xcc,
    0xcc, 0xcf, 0x3c, 0xcc, 0x0f, 0x33, 0xcc, 0x33, 0x30, 0xcc, 0xcc, 0xcc, 0xcc, 0x00, 0x00, 0x0c,
    0x00, 0x30, 0x41, 0x00, 0x00, 0x00, 0x00, 0x00, 0x00, 0x00, 0x00, 0x00, 0x00, 0x00, 0x00, 0x00,
    0x00, 0x00, 0x00, 0x00, 0x00, 0x00, 0x00, 0x00, 0x00, 0x00, 0x00, 0x00, 0x00, 0x00, 0x00, 0x00,
    0x03, 0x00, 0x00, 0x00, 0x00, 0xc0, 0x00, 0x00, 0x00, 0x00, 0x00, 0x00, 0x00, 0x00, 0x00, 0x00,
    0x00, 0xc0, 0x00, 0x00, 0x00, 0x00, 0x00, 0x00, 0x33, 0x00, 0x30, 0x00, 0x30, 0xcc, 0x00, 0x30,
    0xc0, 0xc0, 0x00, 0x00, 0x03, 0x00, 0x00, 0x00, 0x00, 0x00, 0x00, 0x00, 0x30, 0x00, 0x30, 0x00,
    0x0c, 0x00, 0x00, 0x0c, 0x61, 0x23, 0x18, 0xcb, 0x00, 0xf3, 0xcc, 0xcc, 0xcc, 0xcc, 0xcc, 0xcc,
    0xcc, 0xcc, 0xcc, 0xcc, 0xcc, 0xcc, 0x30, 0xcc, 0x33, 0x33, 0xcc, 0xcc, 0xcc, 0xcc, 0x33, 0x0c,
    0xcc, 0xcf, 0x3f, 0x33, 0x30, 0xcc, 0xcc, 0xc3, 0x33, 0x03, 0x08, 0x00, 0x00, 0x00, 0x00, 0x00,
    0x00, 0x00, 0x00, 0x00, 0x00, 0x00, 0x00, 0x00, 0x00, 0x00, 0x00, 0x00, 0x00, 0x00, 0x00, 0x00,
    0x00, 0x00, 0x00, 0x00, 0xc0, 0x00, 0x00, 0x00, 0x30, 0x00, 0x00, 0x00, 0x00, 0x00, 0x00, 0x00,
    0x00, 0x00, 0x00, 0x00, 0x00, 0x00, 0x00, 0x00, 0x00, 0x00, 0x03, 0x00, 0x30, 0x00, 0x00, 0x00,
    0x00, 0x33, 0x03, 0x0c, 0x00, 0x00, 0xc3, 0x00, 0x00, 0x00, 0x00, 0x00, 0x00, 0x00, 0x00, 0xc0,
    0x00, 0x00, 0x00, 0x00, 0x00, 0x0c, 0x00, 0x00, 0x00, 0x00, 0x00, 0x01, 0x0c, 0xc2, 0x20, 0x84,
    0xc0, 0xfc, 0xf3, 0x33, 0x33, 0x33, 0x33, 0x33, 0x33, 0x33, 0x33, 0x33, 0x33, 0x33, 0x33, 0x33,
    0x33, 0x3c, 0xf3, 0x33, 0x33, 0x33, 0x00, 0xcc, 0xcc, 0xcc, 0xcc, 0xf3, 0x30, 0x00, 0x00, 0x00,
    0x00, 0x00, 0x00, 0x00, 0x00, 0x00, 0x00, 0x00, 0x00, 0x00, 0x00, 0x00, 0x00, 0x00, 0x00, 0x00,
    0x00, 0x03, 0x00, 0x00, 0x00, 0x00, 0x00, 0x00, 0x00, 0x00, 0x00, 0x00, 0x00, 0x00, 0x00, 0x00,
    0x00, 0x00, 0x00, 0x00, 0x00, 0x00, 0x00, 0xc0, 0x00, 0x00, 0x0c, 0x00, 0x00, 0x00, 0x00, 0x00,
    0x00, 0x00, 0x00, 0x00, 0x00, 0x00, 0x00, 0x00, 0x30, 0xc0, 0x30, 0x30, 0xcc, 0xcc, 0x30, 0x00,
    0x00, 0x03, 0x03, 0x00, 0xc0, 0x00, 0x0c, 0x00, 0x00, 0x00, 0x30, 0x03, 0x00, 0x00, 0x00, 0x00,
    0x00, 0x00, 0x0c, 0x03, 0x30, 0x8c, 0x4c, 0xcc, 0xc0, 0xcf, 0x33, 0x0c, 0xcc, 0x33, 0x33, 0x33,
    0x33, 0x33, 0x33, 0x33, 0x0c, 0xc3, 0x30, 0xcc, 0xcc, 0xcf, 0x33, 0x30, 0x33, 0xcc, 0xcc, 0x33,
    0x33, 0x33, 0xf3, 0x33, 0x33, 0x33, 0x33, 0x33, 0x30, 0xc3, 0x12, 0x00, 0x00, 0x00, 0x00, 0x00,
    0x00, 0x00, 0x00, 0x00, 0x00, 0x00, 0x00, 0x00, 0x00, 0x00, 0x00, 0x00, 0x00, 0x00, 0x00, 0x00,
    0x00, 0x00, 0x00, 0x00, 0x00, 0x00, 0x00, 0x00, 0x00, 0x00, 0x00, 0x00, 0x00, 0x00, 0x00, 0x00,
    0x00, 0x00, 0x00, 0x00, 0x00, 0x00, 0x00, 0x00, 0x00, 0x00, 0x00, 0x00, 0x00, 0x00, 0x00, 0x00,
    0x03, 0x0c, 0x03, 0x03, 0x00, 0x00, 0x00, 0x0c, 0x30, 0xc0, 0x00, 0x00, 0x00, 0x00, 0x00, 0x00,
    0x03, 0x03, 0x00, 0x00, 0x00, 0x00, 0x00, 0x03, 0x00, 0x00, 0xc0, 0x00, 0x88, 0x48, 0xc8, 0x61,
    0x30, 0xf3, 0xcf, 0xcc, 0xcc, 0xcc, 0xcc, 0xcc, 0xcc, 0xcc, 0xcc, 0xcc, 0xcc, 0x33, 0x0c, 0xc3,
    0x33, 0xf3, 0xcc, 0xcc, 0x3c, 0xc0, 0xc3, 0x33, 0x33, 0x3c, 0xcf, 0xcc, 0xcc, 0x00, 0x00, 0x00,
    0x0c, 0x00, 0x20, 0x00, 0x00, 0x00, 0x00, 0x00, 0x00, 0x00, 0x00, 0x00, 0x00, 0x00, 0x00, 0x00,
    0x00, 0x00, 0x00, 0x00, 0x00, 0x00, 0x00, 0x00, 0x00, 0x00, 0x00, 0x00, 0x00, 0x00, 0x00, 0x00,
    0x00, 0x00, 0x00, 0x00, 0x00, 0x00, 0x00, 0x00, 0x00, 0xc0, 0x00, 0x00, 0x00, 0x00, 0x00, 0x00,
    0x00, 0x00, 0x00, 0x00, 0x00, 0x00, 0x00, 0x00, 0x30, 0x00, 0xc0, 0x30, 0x33, 0x33, 0x33, 0x00,
    0x00, 0x00, 0x00, 0x00, 0x00, 0x03, 0x00, 0x00, 0x00, 0x00, 0x00, 0x00, 0x00, 0x00, 0x00, 0x30,
    0x00, 0x00, 0x00, 0x0c, 0x13, 0x32, 0x23, 0x0c, 0xc0, 0xfc, 0xf3, 0x33, 0x33, 0x33, 0x33, 0x33,
    0x33, 0x33, 0x33, 0x33, 0x33, 0x30, 0xcc, 0x33, 0x0c, 0xcc, 0xcc, 0xcc, 0xcf, 0x33, 0x33, 0x33,
    0x33, 0x33, 0xf3, 0x33, 0x30, 0xcc, 0xcc, 0xcc, 0xc0, 0x31, 0x01, 0x00, 0x00, 0x00, 0x00, 0xc0,
    0x00, 0x00, 0x00, 0x00, 0x00, 0x00, 0x00, 0x00, 0x00, 0x00, 0x00, 0x00, 0x00, 0x00, 0x00, 0x00,
    0x00, 0x00, 0x00, 0x00, 0x00, 0x00, 0x00, 0x00, 0x00, 0x00, 0x00, 0x00, 0x00, 0x00, 0x00, 0x00,
    0x00, 0x00, 0x00, 0x00, 0x00, 0x00, 0x00, 0x00, 0x00, 0x00, 0x00, 0x00, 0x00, 0x00, 0x00, 0x00,
    0x03, 0x30, 0x33, 0x03, 0x00, 0x00, 0x00, 0x00, 0x00, 0x00, 0xc0, 0x30, 0x03, 0x00, 0x00, 0x00,
    0xc0, 0x00, 0x00, 0x00, 0x00, 0xc0, 0x03, 0x00, 0x00, 0x30, 0x00, 0x01, 0x30, 0x84, 0xc4, 0x92,
    0x30, 0xcf, 0x33, 0x0c, 0xcc, 0xcc, 0xcc, 0xcc, 0xcc, 0xcc, 0xcc, 0xcc, 0xcc, 0xcc, 0xcc, 0xcc,
    0xcc, 0xff, 0x33, 0x30, 0x33, 0x30, 0x0c, 0xcc, 0xcc, 0xcc, 0xcc, 0xcf, 0x33, 0x03, 0x00, 0x00,
    0x0c, 0x00, 0xc0, 0x00, 0xc0, 0x00, 0x00, 0x00, 0x00, 0x00, 0x00, 0x00, 0x00, 0x00, 0x00, 0x00,
    0x00, 0x00, 0x00, 0x00, 0x00, 0x00, 0x00, 0x00, 0x00, 0x00, 0x00, 0x00, 0x00, 0x00, 0x00, 0x00,
    0x00, 0x00, 0x00, 0x00, 0x00, 0x00, 0x00, 0x00, 0x00, 0x00, 0x00, 0x00, 0x00, 0x00, 0x00, 0x00,
    0x00, 0x00, 0x00, 0x00, 0x00, 0x00, 0x00, 0x00, 0x30, 0x0c, 0x00, 0x30, 0x33, 0x33, 0x30, 0x30,
    0x30, 0x0c, 0x00, 0x00, 0x30, 0x00, 0x00, 0x00, 0x00, 0x00, 0x00, 0x30, 0x0c, 0x00, 0xc0, 0x00,
    0x00, 0x00, 0x00, 0x03, 0x08, 0x4c, 0x63, 0x33, 0x1c, 0xf3, 0xcc, 0xcc, 0x33, 0x33, 0x33, 0x33,
    0x33, 0x33, 0x33, 0x33, 0x33, 0x33, 0x33, 0x33, 0x33, 0x33, 0x33, 0x33, 0x33, 0x0c, 0xc3, 0x33,
    0x33, 0x3f, 0xf3, 0xf3, 0x30, 0x30, 0xcc, 0xcc, 0xc0, 0xc0, 0x12, 0x00, 0x00, 0x00, 0x00, 0x00,
    0x00, 0x00, 0x00, 0x00, 0x00, 0x00, 0x00, 0x00, 0x00, 0x00, 0x00, 0x00, 0x00, 0x00, 0x00, 0x00,
    0x00, 0x00, 0x00, 0x00, 0x00, 0x00, 0x00, 0x00, 0x00, 0x00, 0x00, 0x00, 0x00, 0x00, 0x00, 0x00,
    0x00, 0x00, 0x00, 0x00, 0x00, 0x00, 0x00, 0x00, 0x00, 0x00, 0x00, 0x00, 0x00, 0x00, 0x00, 0x00,
    0x03, 0x00, 0xcc, 0x0c, 0x00, 0x00, 0x0c, 0x00, 0x00, 0xc0, 0x03, 0x00, 0x00, 0x00, 0x00, 0x30,
    0x00, 0x00, 0x00, 0x00, 0x00, 0x00, 0x00, 0x00, 0x00, 0x00, 0x00, 0x00, 0x87, 0x22, 0x31, 0x21,
    0x8b, 0xfc, 0xcf, 0x33, 0x33, 0x33, 0x33, 0x33, 0x33, 0x33, 0x33, 0x30, 0xc3, 0x0c, 0x30, 0xc3,
    0x33, 0xf3, 0xcc, 0xcc, 0xcf, 0x30, 0x33, 0x33, 0x33, 0xcc, 0xcc, 0xcc, 0xcc, 0x03, 0x00, 0x00,
    0x0c, 0x0c, 0x40, 0x10, 0x00, 0x00, 0x00, 0x00, 0x00, 0x00, 0x00, 0x00, 0x00, 0x00, 0x00, 0x0c,
    0x00, 0x00, 0x00, 0x00, 0x00, 0x00, 0x00, 0x00, 0x00, 0x00, 0x00, 0x00, 0x00, 0x00, 0x00, 0x00,
    0x00, 0x00, 0x00, 0x00, 0x00, 0x00, 0x00, 0x00, 0x00, 0x00, 0x00, 0x00, 0x00, 0x00, 0x00, 0xc0,
    0x00, 0x00, 0x00, 0x00, 0x00, 0x00, 0x00, 0x00, 0x30, 0x30, 0x03, 0x03, 0x33, 0x33, 0x00, 0x00,
    0x00, 0x00, 0x00, 0x00, 0x00, 0x00, 0x0c, 0x00, 0x00, 0x30, 0x0c, 0x00, 0x00, 0x00, 0x00, 0x00,
    0x0c, 0x00, 0x01, 0x03, 0x10, 0x8c, 0x48, 0xc8, 0xc3, 0x3f, 0xf3, 0x33, 0x33, 0x33, 0x33, 0x33,
    0x33, 0x33, 0x33, 0x0c, 0xcc, 0xc3, 0x0c, 0xcc, 0xcc, 0xcc, 0xcc, 0xc0, 0x33, 0x0c, 0xcc, 0xcc,
    0xcc, 0xf3, 0xf3, 0x33, 0x33, 0x00, 0xcc, 0x33, 0x00, 0x00, 0x22, 0x00, 0x00, 0x00, 0x00, 0x00,
    0x00, 0x00, 0x00, 0x00, 0x00, 0x00, 0x00, 0x00, 0x00, 0x00, 0x00, 0x00, 0x00, 0x00, 0x00, 0x00,
    0x00, 0x00, 0x00, 0x00, 0x00, 0x00, 0x00, 0x0c, 0x00, 0x00, 0x00, 0x00, 0x00, 0x00, 0x00, 0x00,
    0x00, 0x00, 0x00, 0x00, 0x00, 0x00, 0x00, 0x00, 0x00, 0x00, 0x00, 0x00, 0x00, 0x00, 0x00, 0x00,
    0x03, 0x0c, 0xc0, 0xc0, 0x00, 0x00, 0xcc, 0x30, 0xc0, 0x00, 0x00, 0x03, 0x00, 0x03, 0x00, 0x00,
    0x00, 0x00, 0x00, 0x00, 0x00, 0x00, 0x00, 0x00, 0x00, 0x00, 0xc0, 0x00, 0x4c, 0x32, 0x32, 0x13,
    0x23, 0x7c, 0xcf, 0x33, 0x0c, 0xcc, 0xcc, 0xcc, 0xcc, 0xcc, 0xcc, 0xcc, 0xcc, 0xcc, 0xcc, 0xc3,
    0x3f, 0xfc, 0xcc, 0xcc, 0xcc, 0xc3, 0x33, 0x33, 0x3f, 0x3c, 0xcf, 0xcc, 0xcc, 0xcc, 0x03, 0x00,
    0x33, 0x03, 0x00, 0x00, 0x00, 0x00, 0x00, 0x00, 0x00, 0x00, 0x00, 0x00, 0x00, 0x00, 0x00, 0x00,
    0x00, 0x00, 0x00, 0x00, 0x00, 0x00, 0x00, 0x00, 0x00, 0x00, 0x00, 0x00, 0x00, 0x00, 0x00, 0x00,
    0x00, 0x00, 0x00, 0x00, 0x00, 0x00, 0x00, 0x00, 0x00, 0x00, 0x00, 0x00, 0x00, 0x00, 0x00, 0x00,
    0x03, 0x00, 0x00, 0x00, 0x00, 0x00, 0x00, 0x00, 0x30, 0x00, 0x30, 0x33, 0x33, 0x30, 0x00, 0x00,
    0x00, 0xc0, 0xc0, 0x30, 0x00, 0x30, 0x00, 0x00, 0x0c, 0x00, 0x00, 0x00, 0xc0, 0x30, 0x00, 0xc0,
    0x00, 0x0c, 0x00, 0x30, 0xc8, 0x84, 0xc8, 0xc8, 0x4c, 0xcf, 0xf3, 0x33, 0x33, 0x33, 0x33, 0x33,
    0x33, 0x33, 0x33, 0x33, 0x30, 0xc3, 0x33, 0x33, 0x33, 0x33, 0x33, 0x30, 0xcc, 0xcc, 0xcc, 0xcc,
    0xcc, 0xcf, 0x33, 0x33, 0x30, 0x00, 0xcc, 0x0c, 0x00, 0x30, 0x61, 0x20, 0x00, 0x00, 0x00, 0x00,
    0x00, 0x00, 0x00, 0x00, 0x00, 0x00, 0x00, 0x00, 0x00, 0x00, 0x00, 0x00, 0x00, 0x00, 0x00, 0x00,
    0x00, 0x00, 0x00, 0x00, 0x00, 0x00, 0x00, 0x00, 0x00, 0x00, 0x00, 0x00, 0x00, 0x00, 0x00, 0x00,
    0x00, 0x00, 0x00, 0x00, 0x00, 0x00, 0x30, 0x00, 0x00, 0x00, 0x00, 0x00, 0x00, 0x00, 0x00, 0x00,
    0x03, 0x33, 0x03, 0x00, 0x00, 0x0c, 0xcc, 0x00, 0x00, 0x00, 0x00, 0x00, 0x00, 0x00, 0x00, 0x00,
    0x00, 0x00, 0x00, 0x0c, 0x00, 0x00, 0x30, 0x00, 0xc0, 0x00, 0x00, 0x00, 0x23, 0x0c, 0x8c, 0x63,
    0x21, 0x3f, 0xfc, 0xcc, 0xcc, 0xcc, 0xcc, 0xcc, 0xcc, 0xcc, 0xcc, 0xcc, 0xcc, 0xcc, 0xcc, 0xcc,
    0xcc, 0xcf, 0x3c, 0xcc, 0xcc, 0x33, 0x33, 0x33, 0xcf, 0xf3, 0xfc, 0xfc, 0xcf, 0x30, 0x03, 0x00,
    0xc3, 0x00, 0x0c, 0x00, 0x00, 0x00, 0x00, 0x00, 0x00, 0x00, 0x00, 0xc0, 0x00, 0x00, 0x00, 0x00,
    0x00, 0x0c, 0x00, 0x00, 0x00, 0x00, 0x00, 0x00, 0x00, 0x00, 0x00, 0x03, 0x00, 0x00, 0x00, 0x00,
    0x00, 0x00, 0x00, 0x00, 0x00, 0x00, 0xc0, 0x00, 0x00, 0x00, 0x00, 0x00, 0x0c, 0x00, 0x00, 0x00,
    0x00, 0x00, 0x00, 0x00, 0x00, 0x00, 0x03, 0x00, 0x30, 0x00, 0x30, 0xcc, 0xcc, 0xc0, 0x00, 0xc0,
    0x30, 0x00, 0x03, 0x00, 0x03, 0x00, 0x00, 0x03, 0x00, 0x00, 0xc0, 0x00, 0x00, 0x00, 0x00, 0x00,
    0x00, 0x00, 0x00, 0x03, 0x04, 0x88, 0x46, 0x31, 0x33, 0x33, 0x33, 0x33, 0x33, 0x33, 0x30, 0xc3,
    0x33, 0x33, 0x33, 0x33, 0x33, 0x30, 0xc3, 0x0c, 0xff, 0xf3, 0x33, 0x30, 0xcc, 0xcc, 0xcc, 0xcc,
    0xf3, 0x3c, 0xcf, 0x33, 0x30, 0xc0, 0xc0, 0xc0, 0x00, 0x03, 0x20, 0x00, 0x00, 0x00, 0x00, 0x00,
    0x00, 0x00, 0x00, 0x00, 0x00, 0x00, 0x00, 0x00, 0x00, 0x00, 0x00, 0x00, 0x00, 0x00, 0x00, 0x00,
    0x00, 0x00, 0x00, 0x00, 0x00, 0x00, 0x00, 0x00, 0x00, 0x00, 0x00, 0x00, 0x00, 0x00, 0x00, 0x00,
    0x00, 0x00, 0x00, 0x30, 0x00, 0x00, 0x00, 0x00, 0x00, 0x00, 0x03, 0x00, 0x00, 0x00, 0x00, 0x00,
    0x0c, 0xcc, 0x0c, 0x00, 0x00, 0x33, 0x30, 0x03, 0x00, 0x0c, 0x00, 0x00, 0x00, 0x00, 0x00, 0x30,
    0x00, 0x0c, 0x00, 0x00, 0x00, 0x00, 0x00, 0x00, 0x00, 0xc0, 0x0c, 0x00, 0x8c, 0x33, 0x33, 0x13,
    0x22, 0x2f, 0xf3, 0x33, 0x33, 0x30, 0xcc, 0xcc, 0xcc, 0xcc, 0xcc, 0xcc, 0x30, 0xcc, 0x30, 0xcc,
    0xcc, 0x33, 0x33, 0x33, 0x0c, 0xc3, 0x33, 0x33, 0x3c, 0xcf, 0x33, 0x33, 0x33, 0x30, 0x30, 0x0c,
    0x30, 0xc0, 0xc1, 0x20, 0x00, 0x00, 0x00, 0x00, 0x00, 0x00, 0x00, 0x00, 0x00, 0x00, 0x00, 0x00,
    0x00, 0x00, 0x00, 0x00, 0x00, 0x0c, 0x00, 0x00, 0x00, 0x30, 0x00, 0x00, 0x00, 0x00, 0x00, 0x00,
    0x00, 0x00, 0x00, 0x00, 0x00, 0x00, 0x00, 0x00, 0x00, 0x00, 0x03, 0x00, 0x00, 0x00, 0x00, 0x00,
    0x00, 0x00, 0x00, 0x00, 0x00, 0x00, 0x00, 0x00, 0x00, 0x03, 0x03, 0x33, 0x33, 0x00, 0x0c, 0x00,
    0x00, 0xc0, 0x00, 0x00, 0xc0, 0x00, 0x0c, 0x00, 0x00, 0x00, 0x00, 0xc0, 0x03, 0x03, 0x00, 0x30,
    0x00, 0x00, 0x00, 0x31, 0x32, 0x12, 0x21, 0x88, 0x84, 0xc3, 0x3c, 0xcc, 0xcc, 0xcc, 0xcc, 0xcc,
    0xcc, 0xcc, 0xcc, 0x33, 0x0c, 0x33, 0x33, 0x33, 0x33, 0xcc, 0xcc, 0xcc, 0xcc, 0x33, 0x33, 0x3c,
    0xcf, 0xf3, 0xcf, 0x33, 0x33, 0x0c, 0x03, 0x00, 0x00, 0x0c, 0x12, 0x00, 0x00, 0x00, 0x00, 0x00,
    0x00, 0x00, 0x00, 0x00, 0x00, 0x00, 0x00, 0x00, 0x00, 0x00, 0x00, 0x00, 0x00, 0x00, 0x00, 0x00,
    0x00, 0x00, 0x00, 0x00, 0x00, 0x00, 0x00, 0x00, 0x00, 0x00, 0x00, 0x00, 0x00, 0x00, 0x00, 0x00,
    0x30, 0x00, 0x30, 0x00, 0x00, 0x00, 0x00, 0x00, 0x00, 0x00, 0x00, 0x00, 0x03, 0x00, 0x00, 0x00,
    0x33, 0x30, 0xc0, 0x00, 0x00, 0xcc, 0xc3, 0x00, 0x00, 0x00, 0x30, 0x0c, 0x00, 0x00, 0x00, 0x00,
    0x00, 0xc0, 0x00, 0x00, 0x00, 0x00, 0x00, 0x00, 0x30, 0x03, 0x00, 0x03, 0x04, 0xc8, 0x4c, 0xcc,
    0x8c, 0x63, 0xf3, 0x33, 0x33, 0x33, 0x33, 0x33, 0x33, 0x33, 0x33, 0x33, 0x33, 0x0c, 0xcc, 0xcc,
    0xfc, 0xf3, 0x33, 0x30, 0x0c, 0xcc, 0xcc, 0xcf, 0xf3, 0x3c, 0xf3, 0x33, 0x30, 0xc3, 0x30, 0x33,
    0x0c, 0x00, 0xc0, 0x10, 0x00, 0x00, 0x00, 0x00, 0x00, 0x00, 0x00, 0x00, 0x00, 0x00, 0x00, 0x00,
    0x00, 0x00, 0x00, 0x00, 0x00, 0x00, 0x00, 0x00, 0x00, 0x00, 0x00, 0x00, 0x00, 0x00, 0x00, 0x00,
    0x00, 0x00, 0x00, 0x00, 0x00, 0x00, 0x00, 0x00, 0x00, 0x00, 0x00, 0x00, 0x00, 0x00, 0x00, 0x00,
    0x00, 0x00, 0x00, 0x00, 0x00, 0x00, 0x00, 0x00, 0x00, 0x00, 0x0c, 0x33, 0x30, 0x00, 0x30, 0x30,
    0x30, 0x00, 0x00, 0x00, 0x00, 0x03, 0x00, 0x00, 0x00, 0x00, 0x00, 0x00, 0x30, 0x00, 0x0c, 0x00,
    0x00, 0xc0, 0x13, 0x00, 0x4c, 0x23, 0x22, 0x21, 0xc6, 0x33, 0xff, 0x30, 0xcc, 0xcc, 0xcc, 0xcc,
    0xcc, 0xcc, 0xcc, 0xcc, 0xcc, 0xc3, 0x0c, 0xcc, 0xcf, 0x33, 0xcc, 0xcc, 0xcc, 0x33, 0x33, 0x33,
    0x3f, 0xcf, 0x33, 0xcc, 0xcc, 0xcc, 0x03, 0x00, 0x00, 0xc3, 0x12, 0x00, 0x00, 0x00, 0x00, 0x30,
    0x00, 0x00, 0x00, 0x00, 0x00, 0x00, 0x00, 0x00, 0x00, 0x00, 0x00, 0x00, 0x00, 0x00, 0x00, 0x00,
    0x00, 0x00, 0x00, 0x00, 0x00, 0x00, 0x00, 0x00, 0x00, 0x00, 0x00, 0x00, 0x00, 0x00, 0x00, 0x00,
    0x00, 0x00, 0x00, 0x00, 0x00, 0x00, 0x00, 0x00, 0x00, 0x00, 0x00, 0x00, 0x00, 0x00, 0x00, 0x00,
    0x00, 0x30, 0xc0, 0x00, 0x0c, 0xcc, 0x03, 0x00, 0x00, 0x03, 0x00, 0x00, 0x00, 0xc0, 0x00, 0x00,
    0x30, 0x00, 0x00, 0x03, 0x00, 0x03, 0x00, 0x0c, 0x30, 0x01, 0x30, 0x33, 0x22, 0x10, 0xcc, 0x4c,
    0x23, 0x04, 0xcf, 0x33, 0x33, 0x33, 0x33, 0x33, 0x33, 0x33, 0x33, 0x30, 0xc3, 0x30, 0xcc, 0xcc,
    0xf3, 0x3c, 0xcc, 0xc0, 0x33, 0x33, 0x33, 0x3c, 0xcc, 0xf3, 0xcc, 0xcc, 0xcc, 0x33, 0x30, 0x30,
    0xcc, 0x00, 0x80, 0x00, 0x00, 0x00, 0x00, 0x00, 0x00, 0x00, 0x00, 0x00, 0x00, 0x00, 0x00, 0x00,
    0x00, 0x00, 0x00, 0x00, 0x00, 0x00, 0x00, 0x00, 0x00, 0x00, 0x00, 0x00, 0x00, 0x00, 0x03, 0x00,
    0x00, 0x00, 0x00, 0x00, 0x00, 0x00, 0x00, 0x00, 0x00, 0x00, 0x00, 0x00, 0x00, 0x00, 0x00, 0x00,
    0x00, 0x00, 0x00, 0x00, 0x00, 0x00, 0x00, 0x00, 0x0c, 0x00, 0x03, 0x00, 0x00, 0x00, 0xc0, 0x00,
    0x00, 0xc0, 0x00, 0xc0, 0x00, 0x00, 0x00, 0x03, 0x00, 0x00, 0xc3, 0x00, 0x00, 0x30, 0x00, 0xc0,
    0x00, 0x4c, 0x00, 0x00, 0x08, 0xcc, 0x86, 0x32, 0x70, 0x8c, 0xfc, 0xcc, 0xcc, 0xcc, 0xcc, 0xcc,
    0xcc, 0xcc, 0xcc, 0xcc, 0xcc, 0x33, 0x33, 0x33, 0x33, 0xcc, 0xcc, 0xcc, 0xcc, 0xcc, 0xcc, 0xcf,
    0xff, 0x3c, 0xf3, 0x33, 0x33, 0x00, 0x03, 0x00, 0x00, 0xc3, 0x31, 0x20, 0x00, 0x00, 0x00, 0x00,
    0x00, 0x00, 0x00, 0x00, 0x00, 0x00, 0x00, 0x03, 0x00, 0x00, 0x00, 0x00, 0x00, 0x00, 0x00, 0x00,
    0x00, 0x00, 0x00, 0x00, 0x00, 0x00, 0x00, 0x00, 0x00, 0x00, 0x00, 0x00, 0x00, 0x00, 0x00, 0x00,
    0x00, 0x00, 0x00, 0x00, 0x00, 0x00, 0x00, 0x00, 0x00, 0x00, 0x00, 0x00, 0x00, 0x00, 0x00, 0x00,
    0x00, 0x00, 0x30, 0x0c, 0x30, 0x0c, 0x00, 0x0c, 0x0c, 0x00, 0x00, 0x00, 0x30, 0x00, 0x03, 0x00,
    0x00, 0x0c, 0x00, 0x00, 0x00, 0x00, 0x30, 0x00, 0x00, 0x00, 0x03, 0x0c, 0x8c, 0x12, 0x23, 0x18,
    0x22, 0x22, 0xff, 0x33, 0x33, 0x33, 0x33, 0x0c, 0xcc, 0xcc, 0xcc, 0x33, 0x33, 0x33, 0x0c, 0xcc,
    0xfc, 0xcc, 0xcc, 0xc3, 0x33, 0x33, 0x33, 0xf3, 0x33, 0xcf, 0x33, 0x33, 0x0c, 0xcc, 0xc0, 0x30,
    0xc0, 0x00, 0x04, 0x00, 0x00, 0x00, 0x30, 0x00, 0x00, 0x00, 0x00, 0x00, 0x00, 0x00, 0x00, 0x00,
    0x00, 0x00, 0x00, 0x00, 0x00, 0x00, 0x00, 0x00, 0x00, 0x00, 0x00, 0x00, 0x00, 0x00, 0x00, 0x00,
    0x00, 0x00, 0x00, 0x00, 0x00, 0x0c, 0x00, 0x00, 0x00, 0x00, 0x00, 0x00, 0x00, 0x00, 0x00, 0x00,
    0x00, 0x00, 0x00, 0x00, 0x00, 0x00, 0x00, 0x00, 0x00, 0x30, 0x00, 0x00, 0x00, 0xc0, 0x30, 0xc0,
    0x00, 0x00, 0x0c, 0x00, 0x00, 0x00, 0x30, 0x00, 0x00, 0x00, 0x00, 0x0c, 0x0c, 0x0c, 0x00, 0x00,
    0xc3, 0x00, 0x30, 0x01, 0x31, 0x23, 0x11, 0x23, 0x33, 0x10, 0xcf, 0x33, 0x33, 0x0c, 0xcc, 0xcc,
    0x33, 0x33, 0x33, 0x30, 0xc3, 0x0c, 0xcc, 0xcf, 0x33, 0x33, 0x33, 0x30, 0xcc, 0xcc, 0xcc, 0xcf,
    0xcc, 0xf3, 0x33, 0x33, 0x30, 0xc3, 0x33, 0x00, 0x0c, 0x33, 0x48, 0x00, 0x00, 0x00, 0x00, 0x00,
    0x00, 0x03, 0x00, 0x00, 0x00, 0x00, 0x00, 0x00, 0x00, 0x00, 0x00, 0x00, 0x0c, 0x00, 0x00, 0x00,
    0x00, 0x00, 0x00, 0x00, 0x00, 0x00, 0x00, 0x00, 0x00, 0x00, 0x00, 0x00, 0x00, 0x00, 0x00, 0x00,
    0x00, 0x00, 0x00, 0x00, 0x00, 0x00, 0x00, 0x00, 0x00, 0x00, 0x00, 0x00, 0x00, 0x00, 0x00, 0x00,
    0x03, 0x00, 0xc0, 0xc0, 0x00, 0x00, 0x00, 0x00, 0x00, 0x00, 0xc0, 0x00, 0x00, 0x03, 0x00, 0x00,
    0x03, 0x00, 0x03, 0x00, 0x00, 0x00, 0x00, 0x0c, 0x00, 0x00, 0x00, 0x03, 0x04, 0xc1, 0x33, 0x22,
    0x11, 0x8d, 0xfc, 0xcc, 0xcc, 0xcc, 0x33, 0x33, 0x33, 0x0c, 0xcc, 0xcc, 0xcc, 0xc3, 0x33, 0x33,
    0x33, 0xcc, 0xcc, 0xcc, 0xc3, 0x33, 0x33, 0xf3, 0xff, 0x3c, 0xf3, 0x33, 0x0c, 0x30, 0x00, 0x33,
    0x00, 0x00, 0xc0, 0x80, 0x00, 0x0c, 0x00, 0x00, 0x00, 0x00, 0x00, 0x00, 0x00, 0x00, 0x00, 0x00,
    0x00, 0x00, 0x00, 0x00, 0x00, 0x00, 0x00, 0x00, 0x00, 0x00, 0x00, 0x00, 0x00, 0x00, 0x00, 0x00,
    0x00, 0x03, 0x00, 0x00, 0x00, 0x00, 0x00, 0x00, 0x00, 0x00, 0x00, 0x00, 0x00, 0x00, 0x00, 0x00,
    0x00, 0x00, 0x00, 0x00, 0x00, 0x00, 0x00, 0x00, 0x00, 0x00, 0x00, 0x03, 0x0c, 0x0c, 0x00, 0x00,
    0xc0, 0x30, 0x00, 0x03, 0x00, 0x30, 0x00, 0x0c, 0x30, 0x0c, 0x30, 0x03, 0x00, 0xc0, 0x00, 0xc0,
    0x00, 0x00, 0x00, 0x00, 0x48, 0x23, 0x22, 0x0c, 0xc8, 0xc8, 0x3f, 0xcc, 0xcc, 0xcc, 0xcc, 0xcc,
    0xcc, 0xcc, 0xc3, 0x33, 0x30, 0xcc, 0x30, 0xcc, 0xfc, 0xcf, 0x33, 0x03, 0x33, 0x3c, 0xcc, 0xfc,
    0xcf, 0xcf, 0x33, 0x33, 0x33, 0x33, 0x33, 0x00, 0x33, 0x03, 0x08, 0x00, 0x00, 0x00, 0x00, 0x00,
    0x00, 0x00, 0x00, 0x00, 0x00, 0x00, 0x00, 0x00, 0x00, 0x00, 0x00, 0x00, 0x00, 0x00, 0x00, 0x00,
    0x00, 0x00, 0x00, 0x00, 0x00, 0x00, 0x00, 0x00, 0x00, 0x00, 0x00, 0x00, 0x00, 0x00, 0x00, 0x00,
    0x00, 0x00, 0x00, 0x00, 0x00, 0x00, 0x00, 0x00, 0x00, 0x0c, 0x03, 0x00, 0x00, 0x00, 0x00, 0x00,
    0x00, 0x00, 0x0c, 0x00, 0x00, 0x00, 0x30, 0x30, 0x03, 0x00, 0x00, 0x00, 0x03, 0x00, 0x00, 0x00,
    0x00, 0x00, 0xc0, 0xc0, 0x00, 0x00, 0x0c, 0x00, 0x00, 0x00, 0x00, 0x03, 0x32, 0x32, 0x12, 0x13,
    0x23, 0x13, 0xbc, 0xcc, 0xcc, 0x33, 0x33, 0x33, 0x33, 0x33, 0x33, 0x0c, 0xcc, 0x33, 0x0c, 0xcc,
    0xcc, 0xcc, 0xcc, 0xcc, 0xcc, 0xcc, 0xff, 0x3f, 0xf3, 0x33, 0x33, 0x33, 0x30, 0xc3, 0x30, 0x30,
    0x00, 0x30, 0x40, 0x00, 0x00, 0x00, 0x00, 0x00, 0x00, 0x00, 0x00, 0x00, 0x00, 0x00, 0x00, 0x00,
    0x00, 0x00, 0x00, 0x00, 0x00, 0x00, 0x00, 0x00, 0x00, 0x00, 0x00, 0x00, 0x00, 0x00, 0x00, 0x00,
    0x00, 0x00, 0x00, 0x00, 0x03, 0x00, 0x00, 0x03, 0x00, 0x00, 0x00, 0x00, 0x00, 0x00, 0x00, 0x0c,
    0x00, 0xc0, 0x00, 0x00, 0x00, 0x00, 0x00, 0x00, 0x00, 0x30, 0xc0, 0x30, 0x00, 0xc0, 0x00, 0x00,
    0x00, 0x00, 0x00, 0xc0, 0x00, 0x00, 0x03, 0x00, 0x0c, 0xcc, 0x0c, 0x00, 0x00, 0x00, 0x00, 0x00,
    0x00, 0x03, 0x00, 0xc0, 0x08, 0x10, 0x8c, 0x33, 0x84, 0x88, 0x3f, 0xcc, 0xcc, 0xcc, 0xcc, 0xcc,
    0xcc, 0xcc, 0xcc, 0xcc, 0x33, 0x30, 0xcc, 0xcf, 0x33, 0x33, 0x33, 0x0c, 0xcc, 0xcc, 0xcf, 0xcc,
    0xcf, 0x3c, 0xcc, 0xcc, 0xcc, 0x30, 0xc3, 0x03, 0x0c, 0x03, 0x21, 0x00, 0x00, 0x00, 0x00, 0x00,
    0x00, 0x00, 0x00, 0x00, 0x00, 0x00, 0x00, 0x00, 0x00, 0x00, 0x30, 0x00, 0x00, 0x00, 0x00, 0x00,
    0x00, 0x00, 0x00, 0x00, 0x00, 0x00, 0x00, 0x00, 0x00, 0x00, 0x00, 0x00, 0x00, 0x00, 0x00, 0x00,
    0x00, 0x00, 0x30, 0x00, 0x00, 0x00, 0x00, 0xc0, 0x00, 0x00, 0x00, 0x00, 0x00, 0x00, 0x00, 0x00,
    0x03, 0x00, 0x00, 0x00, 0x30, 0x03, 0x03, 0x00, 0x00, 0x00, 0xc0, 0x00, 0xc0, 0x00, 0x30, 0x0c,
    0x00, 0x01, 0x00, 0x00, 0x0c, 0x03, 0x00, 0x00, 0x00, 0x30, 0x00, 0x03, 0x43, 0x2c, 0xc2, 0x09,
    0xcc, 0x8c, 0xf3, 0xcc, 0xcc, 0xcc, 0x33, 0x33, 0x33, 0x33, 0x33, 0x33, 0x0c, 0xcc, 0xcc, 0xf3,
    0xcf, 0x33, 0x33, 0x33, 0x33, 0x33, 0xf3, 0xff, 0xf3, 0xcc, 0xcc, 0xcc, 0x33, 0x33, 0x30, 0x30,
    0x00, 0xc0, 0x03, 0x00, 0x00, 0x00, 0x00, 0x00, 0x00, 0x00, 0x00, 0x00, 0x00, 0x00, 0x00, 0x00,
    0x00, 0x00, 0x00, 0x00, 0x00, 0x00, 0x00, 0x00, 0x00, 0x00, 0x00, 0x00, 0x0c, 0x00, 0x00, 0x00,
    0x00, 0x00, 0x00, 0x00, 0x00, 0x00, 0x00, 0x00, 0x00, 0x00, 0x00, 0x00, 0x00, 0x00, 0x00, 0x00,
    0x00, 0x00, 0x00, 0x00, 0x00, 0x00, 0x00, 0x00, 0x00, 0x00, 0x00, 0x03, 0x00, 0x00, 0x00, 0x0c,
    0x30, 0x30, 0x0c, 0x0c, 0x00, 0x00, 0x00, 0x00, 0x30, 0x30, 0x00, 0x00, 0x00, 0x00, 0x00, 0x00,
    0x03, 0x00, 0x00, 0x00, 0x32, 0x02, 0x11, 0x23, 0x02, 0x31, 0x3f, 0x33, 0x33, 0x33, 0x33, 0x0c,
    0xcc, 0xcc, 0xc3, 0x33, 0x30, 0xc3, 0x33, 0x33, 0x33, 0x3c, 0xcc, 0xcc, 0xcc, 0xcc, 0xfc, 0xcc,
    0xcc, 0xcc, 0xcc, 0xcc, 0xc3, 0x0c, 0x0c, 0x03, 0x30, 0x03, 0x30, 0x00, 0x00, 0x00, 0x00, 0x00,
    0x00, 0x00, 0x00, 0x00, 0x00, 0x00, 0x00, 0x0c, 0x00, 0x00, 0x00, 0x00, 0x00, 0x00, 0x00, 0x00,
    0x00, 0x00, 0x00, 0x00, 0x00, 0x00, 0x00, 0x00, 0x00, 0x00, 0x00, 0x00, 0x00, 0x00, 0x00, 0x00,
    0x00, 0x00, 0x00, 0x00, 0x00, 0x00, 0x00, 0x00, 0x00, 0x00, 0x00, 0x00, 0x00, 0xc0, 0x03, 0x00,
    0x00, 0x00, 0x0c, 0x30, 0x00, 0xc0, 0x30, 0x00, 0x00, 0x00, 0x00, 0x00, 0x00, 0x0c, 0x00, 0x00,
    0x00, 0x00, 0x30, 0x00, 0x00, 0x00, 0x00, 0x00, 0x30, 0x00, 0x00, 0x03, 0x10, 0xd2, 0x32, 0x0c,
    0x0c, 0x48, 0x8f, 0xcc, 0xcc, 0xcc, 0xcc, 0xcc, 0x30, 0xc3, 0x33, 0x0c, 0xcc, 0x33, 0x33, 0x3c,
    0xcc, 0xcc, 0xcc, 0x0c, 0x33, 0x3f, 0x3f, 0xff, 0x3f, 0x33, 0x33, 0x33, 0x30, 0xc3, 0x03, 0x30,
    0x03, 0x03, 0x00, 0x00, 0x00, 0x00, 0x00, 0x00, 0x00, 0x30, 0x00, 0x00, 0x00, 0x00, 0x00, 0x00,
    0x00, 0x00, 0x00, 0x00, 0x00, 0x00, 0x00, 0x00, 0x00, 0x00, 0x00, 0x00, 0x00, 0x00, 0x00, 0x00,
    0x00, 0x00, 0x00, 0x00, 0x00, 0x00, 0x00, 0x00, 0x00, 0x00, 0x00, 0x00, 0x00, 0x00, 0x00, 0x00,
    0x00, 0x00, 0x00, 0x00, 0x00, 0x00, 0x00, 0x00, 0x00, 0x00, 0xc0, 0x00, 0x00, 0x03, 0x00, 0xc0,
    0x03, 0x00, 0x00, 0x00, 0x00, 0xc0, 0x00, 0x00, 0x00, 0x00, 0x00, 0x00, 0x00, 0x30, 0x00, 0x30,
    0x00, 0x00, 0x00, 0x00, 0x22, 0x23, 0x08, 0x03, 0x02, 0x31, 0xfc, 0xcc, 0xcc, 0xcc, 0xc3, 0x33,
    0x33, 0x33, 0x30, 0xcc, 0x33, 0x33, 0x33, 0x33, 0x3c, 0xcc, 0xcf, 0x33, 0x33, 0xcf, 0xcc, 0xcc,
    0xf3, 0xcc, 0xcc, 0xcc, 0x33, 0x30, 0xcc, 0x03, 0x30, 0x30, 0x44, 0x00, 0x00, 0x00, 0x00, 0x00,
    0x00, 0x00, 0x00, 0x00, 0x00, 0x00, 0x00, 0x00, 0x00, 0x00, 0x00, 0x00, 0x00, 0x00, 0x00, 0x00,
    0x00, 0x00, 0x00, 0x00, 0x00, 0x00, 0x00, 0x00, 0x00, 0xc0, 0x00, 0x00, 0x00, 0x00, 0x00, 0x00,
    0x00, 0x00, 0x00, 0x00, 0x00, 0x00, 0x30, 0x00, 0x00, 0x00, 0x00, 0x00, 0x00, 0x00, 0x00, 0x00,
    0x00, 0x0c, 0x00, 0x00, 0x00, 0x00, 0x00, 0x00, 0xc0, 0x03, 0x00, 0x00, 0x00, 0x00, 0x00, 0x00,
    0x03, 0x03, 0x00, 0x03, 0x03, 0x00, 0x0c, 0x00, 0x00, 0x00, 0x00, 0xc0, 0xc1, 0x0c, 0x41, 0xc0,
    0x04, 0xc4, 0x2f, 0xcc, 0xcc, 0xcc, 0x33, 0x33, 0x33, 0x33, 0x33, 0x33, 0x33, 0x30, 0xcc, 0xcc,
    0xcf, 0x33, 0x30, 0xcc, 0xcc, 0xf3, 0xff, 0xf3, 0x3c, 0xcc, 0xcc, 0xc3, 0x0c, 0x33, 0x03, 0x30,
    0x03, 0x00, 0xc0, 0x00, 0x00, 0xc0, 0x00, 0x00, 0x00, 0x00, 0x00, 0x00, 0x00, 0x00, 0x00, 0x00,
    0x00, 0x00, 0x00, 0x00, 0x00, 0x00, 0x00, 0x00, 0x00, 0x00, 0x00, 0x00, 0x00, 0x00, 0x00, 0x00,
    0x00, 0x00, 0x00, 0x00, 0x00, 0x00, 0x00, 0x00, 0x00, 0x00, 0x00, 0x00, 0x00, 0x00, 0x00, 0x00,
    0x00, 0x00, 0x00, 0x00, 0x00, 0x00, 0x00, 0x00, 0x00, 0xc0, 0x00, 0x00, 0x30, 0xc0, 0x00, 0x0c,
    0x00, 0x00, 0x03, 0x00, 0x30, 0x00, 0x00, 0x0c, 0x00, 0x00, 0x00, 0x00, 0x00, 0x00, 0x00, 0x00,
    0x00, 0x00, 0x0c, 0x00, 0x23, 0x20, 0x8c, 0x00, 0x0c, 0x23, 0x3c, 0xf3, 0x33, 0x33, 0x33, 0x33,
    0x33, 0x30, 0xcc, 0xcc, 0xc3, 0x0c, 0xcc, 0xcf, 0x33, 0x3c, 0xcc, 0x0c, 0xf3, 0xcf, 0x33, 0x3f,
    0xcc, 0xcc, 0xcc, 0xcc, 0xc3, 0x0c, 0xcc, 0x03, 0x30, 0x0c, 0x08, 0x00, 0x00, 0x00, 0x00, 0x00,
    0x00, 0x00, 0x00, 0x00, 0x00, 0xc0, 0x00, 0x00, 0x00, 0x00, 0x00, 0x00, 0x00, 0x00, 0x00, 0x00,
    0x00, 0x00, 0x00, 0x00, 0x00, 0x00, 0x00, 0x00, 0x00, 0x00, 0x00, 0x00, 0x0c, 0x00, 0x00, 0x00,
    0x00, 0x00, 0x00, 0x00, 0x0c, 0x00, 0x00, 0x00, 0x00, 0x00, 0x00, 0x00, 0x00, 0x00, 0x00, 0x00,
    0x00, 0x00, 0x00, 0x30, 0x00, 0x00, 0xc3, 0x00, 0x00, 0x00, 0x00, 0x03, 0x00, 0x00, 0x00, 0xc0,
    0x00, 0x00, 0x00, 0x00, 0x00, 0x00, 0x00, 0x00, 0x00, 0x00, 0x00, 0x00, 0x4c, 0x1c, 0x80, 0x83,
    0x02, 0x32, 0x1f, 0x33, 0x33, 0x0c, 0xcc, 0xcc, 0xcc, 0xcc, 0xcc, 0xc3, 0x30, 0xcc, 0xcc, 0xf3,
    0x33, 0xcc, 0xcc, 0xcc, 0xcc, 0xff, 0xff, 0xcc, 0xf3, 0x33, 0x33, 0x33, 0x30, 0xc0, 0x03, 0x30,
    0x03, 0x00, 0x40, 0x00, 0x00, 0x00, 0x00, 0x00, 0x00, 0x00, 0x00, 0x00, 0x0c, 0x00, 0x00, 0x00,
    0x00, 0x00, 0x00, 0x00, 0x00, 0x00, 0x00, 0x00, 0x00, 0x00, 0x00, 0x00, 0x00, 0x00, 0x00, 0x00,
    0xc0, 0x00, 0x00, 0x00, 0x00, 0x00, 0x00, 0x00, 0x00, 0x00, 0x00, 0x00, 0x00, 0x00, 0x00, 0x00,
    0x00, 0x00, 0x00, 0x00, 0x00, 0x00, 0x00, 0x00, 0x00, 0x00, 0x00, 0x00, 0x00, 0x00, 0x00, 0x00,
    0x03, 0x00, 0xc0, 0x00, 0x00, 0x00, 0x0c, 0x00, 0x00, 0x00, 0x00, 0x00, 0x00, 0x00, 0xc0, 0x00,
    0x00, 0x03, 0x00, 0x00, 0xc2, 0x02, 0x18, 0x00, 0x03, 0x12, 0x3f, 0x33, 0x33, 0x33, 0x33, 0x33,
    0x33, 0x33, 0x33, 0x30, 0xcc, 0xcc, 0xcc, 0xcc, 0xcc, 0xcc, 0xcc, 0x33, 0xff, 0xcc, 0xcc, 0xf3,
    0x33, 0xcc, 0xcc, 0xcc, 0x33, 0x33, 0x30, 0x03, 0x30, 0x00, 0x00, 0x00, 0x00, 0x00, 0x00, 0x00,
    0x00, 0x00, 0x00, 0x00, 0x00, 0x00, 0x00, 0x00, 0x00, 0x00, 0x00, 0x00, 0x00, 0x00, 0x00, 0x00,
    0x00, 0x00, 0x00, 0x00, 0x00, 0x00, 0x00, 0x00, 0x00, 0x00, 0x00, 0x00, 0x00, 0x00, 0x00, 0x00,
    0x00, 0x00, 0x30, 0x00, 0x00, 0x00, 0x00, 0x00, 0x00, 0x00, 0x00, 0x00, 0x00, 0x00, 0x00, 0x00,
    0x00, 0x00, 0x00, 0x00, 0x00, 0x0c, 0x00, 0x00, 0x30, 0x00, 0x00, 0x00, 0x00, 0x00, 0x00, 0x00,
    0x03, 0x00, 0x00, 0xc0, 0x00, 0x0c, 0x00, 0x03, 0x03, 0x00, 0x00, 0x00, 0x21, 0xc8, 0xc0, 0x40,
    0x0c, 0x88, 0xcf, 0x33, 0x33, 0x33, 0x33, 0x33, 0x30, 0xcc, 0xc3, 0x0c, 0xc3, 0x33, 0x33, 0x33,
    0x3c, 0xcc, 0xcc, 0xcc, 0xcc, 0xff, 0xf3, 0x3f, 0x3c, 0xcc, 0xcc, 0xc3, 0x0c, 0x30, 0xcc, 0xc0,
    0x03, 0x30, 0x00, 0x00, 0x00, 0x00, 0x00, 0x0c, 0x00, 0x00, 0x00, 0x00, 0x00, 0x00, 0x00, 0x00,
    0x00, 0x00, 0x00, 0x00, 0x00, 0x00, 0x00, 0x00, 0x00, 0x00, 0x00, 0x00, 0xc0, 0x00, 0x00, 0x00,
    0x00, 0x00, 0x00, 0x00, 0x00, 0x00, 0x00, 0x00, 0x00, 0x00, 0x00, 0x00, 0x00, 0x00, 0x00, 0x00,
    0x00, 0x00, 0x00, 0x00, 0x00, 0x00, 0x00, 0x00, 0x00, 0x00, 0x30, 0x00, 0x03, 0x00, 0x00, 0x0c,
    0x00, 0x0c, 0x00, 0x30, 0x00, 0x03, 0x00, 0x00, 0x00, 0x00, 0x30, 0x00, 0x30, 0xc0, 0x00, 0x30,
    0x00, 0x00, 0x00, 0x00, 0xc0, 0x20, 0x13, 0x00, 0x09, 0x31, 0x3c, 0xcc, 0xcc, 0xcc, 0xcc, 0xcc,
    0xcc, 0x30, 0xcc, 0xcc, 0x33, 0x0c, 0xcc, 0xcc, 0xcc, 0xcc, 0xc3, 0x3f, 0xf3, 0xcc, 0xcf, 0xcc,
    0xcc, 0xcc, 0xcc, 0xcc, 0xc3, 0x0c, 0x00, 0x33, 0x30, 0x00, 0x00, 0x00, 0x0c, 0x00, 0x00, 0x00,
    0x00, 0x00, 0x00, 0x00, 0x00, 0x00, 0x00, 0x00, 0x00, 0x00, 0xc0, 0x00, 0x00, 0x00, 0x00, 0x00,
    0x00, 0x00, 0x00, 0x00, 0x00, 0x00, 0x00, 0x00, 0x00, 0x00, 0x00, 0x00, 0x00, 0x00, 0x00, 0xc0,
    0x00, 0x00, 0x00, 0x00, 0x00, 0x00, 0x00, 0x00, 0x00, 0x00, 0x00, 0x00, 0x00, 0x00, 0x00, 0x00,
    0x00, 0xc0, 0x00, 0x03, 0x00, 0x00, 0x0c, 0x00, 0x00, 0x00, 0x03, 0x00, 0x00, 0xc0, 0x00, 0x00,
    0x00, 0x00, 0x00, 0x00, 0x00, 0x00, 0x00, 0x00, 0x00, 0x00, 0x00, 0x00, 0x1c, 0x8c, 0x80, 0x03,
    0x73, 0x23, 0xbf, 0x33, 0x33, 0x33, 0x33, 0x30, 0xcc, 0xcc, 0xcc, 0xc3, 0x30, 0xcc, 0xcc, 0xf3,
    0xcc, 0xcc, 0xcc, 0x33, 0x3f, 0xff, 0x3c, 0xf3, 0x33, 0x33, 0x33, 0x33, 0x33, 0x33, 0x33, 0x00,
    0x03, 0x00, 0x00, 0x00, 0x00, 0x00, 0x00, 0x00, 0x00, 0x00, 0x00, 0x00, 0x00, 0x00, 0x00, 0x00,
    0x00, 0x00, 0x00, 0x00, 0x00, 0x00, 0x00, 0x00, 0x00, 0x00, 0x00, 0x00, 0x00, 0x00, 0x00, 0x00,
    0x00, 0x00, 0x00, 0x00, 0x00, 0x00, 0x00, 0x00, 0x00, 0x0c, 0x00, 0x00, 0x00, 0x00, 0x00, 0x00,
    0x00, 0x00, 0x00, 0x00, 0x00, 0x00, 0x00, 0x00, 0x00, 0x00, 0x00, 0x00, 0x00, 0x00, 0x00, 0x00,
    0x00, 0x00, 0x00, 0x00, 0x0c, 0x00, 0x00, 0x00, 0x00, 0x00, 0x00, 0x00, 0x00, 0x00, 0x00, 0x00,
    0x00, 0x00, 0x00, 0x00, 0xc2, 0x04, 0x32, 0x02, 0x22, 0x20, 0x33, 0x33, 0x33, 0x33, 0x33, 0x0c,
    0xc3, 0x33, 0x30, 0xcc, 0xcc, 0xc3, 0x33, 0x33, 0x33, 0x33, 0x33, 0x3f, 0xcc, 0xcc, 0xf3, 0x33,
    0xcc, 0xcc, 0xcc, 0xc3, 0x0c, 0x00, 0xcc, 0xcc, 0xc0, 0xc0, 0x00, 0x00, 0x00, 0x00, 0x00, 0x00,
    0x00, 0x00, 0x00, 0x30, 0x00, 0x00, 0x00, 0x0c, 0x00, 0x00, 0x00, 0x00, 0x00, 0x00, 0x00, 0x00,
    0x00, 0x00, 0x00, 0x00, 0x00, 0x00, 0x00, 0x00, 0x00, 0x00, 0x00, 0x00, 0x00, 0x00, 0x00, 0x00,
    0x00, 0xc0, 0x00, 0x00, 0x00, 0x00, 0x00, 0x00, 0x00, 0x00, 0x00, 0x00, 0x00, 0x00, 0x00, 0x00,
    0x00, 0x00, 0x00, 0x00, 0x00, 0x03, 0x00, 0x00, 0x30, 0x30, 0x00, 0x00, 0x00, 0x00, 0x00, 0x00,
    0x00, 0x00, 0x00, 0x00, 0x00, 0x00, 0x03, 0x00, 0x00, 0x00, 0x03, 0x00, 0x10, 0xc3, 0x10, 0x8c,
    0x83, 0x73, 0x7c, 0xcc, 0xcc, 0xcc, 0xcc, 0xcc, 0x33, 0x0c, 0x33, 0x33, 0x0c, 0x33, 0x33, 0x33,
    0x3c, 0xcc, 0xc0, 0xcc, 0xff, 0xff, 0x3c, 0xcc, 0xf3, 0x33, 0x33, 0x30, 0xc3, 0x33, 0x00, 0x00,
    0x30, 0x0c, 0x00, 0x03, 0x00, 0x00, 0x00, 0x00, 0x00, 0x00, 0x03, 0x00, 0x00, 0x00, 0x00, 0x00,
    0x00, 0x00, 0x00, 0x00, 0x00, 0x00, 0x00, 0x00, 0x00, 0x00, 0xc0, 0x00, 0x00, 0x00, 0x00, 0x00,
    0x00, 0x00, 0x00, 0x00, 0x00, 0x00, 0x00, 0x00, 0x00, 0x00, 0x00, 0x00, 0x00, 0x00, 0x00, 0x00,
    0x00, 0x00, 0x00, 0x00, 0x0c, 0x00, 0x00, 0x00, 0x00, 0x00, 0xc0, 0x30, 0x00, 0x00, 0x00, 0xc3,
    0x00, 0x00, 0x30, 0x00, 0xc0, 0x00, 0x00, 0x00, 0xc0, 0x30, 0x00, 0x00, 0x00, 0x00, 0x30, 0x00,
    0x30, 0x30, 0x30, 0x00, 0x32, 0x12, 0x21, 0x04, 0x87, 0x20, 0x8c, 0xcc, 0xcc, 0xcc, 0xcc, 0xcc,
    0xcc, 0xcc, 0xcc, 0xcc, 0xcc, 0xcc, 0xcc, 0xcf, 0x33, 0x33, 0x33, 0x3f, 0x33, 0x33, 0xcf, 0x33,
    0x33, 0x33, 0x33, 0x33, 0x33, 0x0c, 0xcc, 0xcc, 0x0c, 0xc0, 0x00, 0xc0, 0x00, 0x00, 0x03, 0x00,
    0x00, 0x0c, 0x00, 0x00, 0x00, 0x00, 0x00, 0x00, 0x00, 0x00, 0x00, 0x00, 0x03, 0x00, 0x00, 0x00,
    0x00, 0x00, 0x00, 0x00, 0x00, 0x00, 0x00, 0x00, 0x00, 0x00, 0x00, 0x00, 0x0c, 0x00, 0x00, 0x00,
    0x00, 0x00, 0x00, 0x00, 0x00, 0x00, 0x00, 0x00, 0x00, 0x00, 0x00, 0x30, 0x00, 0x00, 0x00, 0x00,
    0x00, 0x30, 0x00, 0x00, 0x00, 0xc0, 0x00, 0x00, 0x00, 0x00, 0x00, 0x0c, 0x00, 0x00, 0x00, 0x30,
    0x00, 0x00, 0x00, 0x00, 0xc0, 0xc0, 0x00, 0x00, 0x00, 0x00, 0x00, 0x00, 0x01, 0x30, 0x0c, 0x23,
    0x03, 0xc8, 0xcf, 0x33, 0x33, 0x33, 0x33, 0x33, 0x33, 0x33, 0x30, 0xc3, 0x33, 0x33, 0x33, 0xcc,
    0xcf, 0x33, 0x30, 0xf3, 0xf3, 0xcc, 0xcc, 0xcf, 0x3c, 0xcc, 0xcc, 0xcc, 0xcc, 0xc0, 0x30, 0x03,
    0x30, 0x00, 0x00, 0x00, 0x00, 0x00, 0x00, 0x00, 0x00, 0x00, 0x00, 0x00, 0x00, 0x00, 0x00, 0x00,
    0x00, 0x00, 0x00, 0x00, 0x00, 0x00, 0x00, 0x00, 0x00, 0x00, 0x00, 0x00, 0x00, 0x00, 0x00, 0x0c,
    0x00, 0x00, 0x00, 0x00, 0x00, 0x00, 0x00, 0x00, 0x00, 0x00, 0x00, 0x00, 0x0c, 0x00, 0x00, 0x00,
    0x00, 0x0c, 0x03, 0x00, 0x00, 0x00, 0x00, 0x00, 0x00, 0x00, 0x00, 0x00, 0x00, 0x00, 0x00, 0x00,
    0x00, 0x00, 0x00, 0x00, 0x00, 0x00, 0x0c, 0x00, 0x00, 0x00, 0x00, 0x30, 0x00, 0x00, 0x00, 0x00,
    0x00, 0x00, 0x00, 0x00, 0xc8, 0x82, 0xc1, 0x00, 0x63, 0xf3, 0x33, 0x33, 0x30, 0xcc, 0xcc, 0xcc,
    0xcc, 0xcc, 0x33, 0x30, 0xcc, 0xcc, 0xcc, 0xcc, 0xf3, 0x33, 0x33, 0x3c, 0xcc, 0xf3, 0x33, 0x33,
    0xcc, 0xf3, 0x33, 0x30, 0xc3, 0x33, 0x0c, 0xcc, 0x0c, 0xc0, 0x00, 0x00, 0x00, 0x00, 0x00, 0x00,
    0x00, 0x00, 0x00, 0x00, 0x00, 0x00, 0x00, 0x00, 0x00, 0x00, 0x00, 0x00, 0x00, 0x00, 0x03, 0x00,
    0x00, 0x00, 0x00, 0x00, 0x00, 0x00, 0x00, 0x00, 0x00, 0x00, 0x00, 0x00, 0x00, 0x00, 0x00, 0x00,
    0x00, 0x00, 0x00, 0x00, 0x00, 0x00, 0x0c, 0x00, 0xc0, 0x00, 0x00, 0x00, 0x00, 0x00, 0x00, 0x00,
    0x00, 0x00, 0x00, 0x00, 0x00, 0x00, 0x0c, 0x00, 0x0c, 0x30, 0x03, 0x00, 0x00, 0x03, 0x00, 0x00,
    0x00, 0x00, 0x0c, 0x00, 0x00, 0x00, 0x00, 0x0c, 0x00, 0x00, 0x00, 0x00, 0x03, 0x0c, 0x18, 0x88,
    0x0b, 0x3f, 0xcc, 0xcc, 0xcc, 0xc3, 0x33, 0x33, 0x30, 0xc3, 0x33, 0x33, 0x0c, 0x33, 0x33, 0x3c,
    0xcc, 0xcc, 0xc0, 0xcf, 0x3f, 0x3c, 0xf3, 0xcc, 0xcf, 0x33, 0x33, 0x0c, 0x30, 0x0c, 0xc0, 0x03,
    0x00, 0x00, 0x00, 0x00, 0x00, 0x00, 0x00, 0x00, 0x00, 0x00, 0x00, 0x00, 0x00, 0x00, 0x00, 0x00,
    0x00, 0x00, 0x00, 0x00, 0x00, 0x00, 0x00, 0x00, 0x00, 0x00, 0x00, 0x00, 0x00, 0x00, 0x00, 0x00,
    0x00, 0x00, 0x00, 0x00, 0x00, 0x00, 0x00, 0x00, 0x00, 0x00, 0x00, 0x00, 0x00, 0x00, 0x00, 0x00,
    0x00, 0x00, 0x00, 0x00, 0x00, 0x00, 0x03, 0x00, 0x00, 0x00, 0x00, 0x00, 0x30, 0x00, 0x00, 0x0c,
    0x00, 0x00, 0xc0, 0x00, 0x00, 0x30, 0x00, 0x00, 0x00, 0x00, 0x00, 0x00, 0x00, 0x03, 0x00, 0xc0,
    0x00, 0xc0, 0x00, 0x00, 0x04, 0x20, 0x80, 0x13, 0x13, 0xb3, 0x33, 0x33, 0x33, 0x33, 0x0c, 0xcc,
    0xcc, 0xcc, 0xcc, 0xcc, 0xcc, 0xcc, 0xcc, 0xcc, 0xcc, 0xf3, 0x33, 0xf3, 0xcc, 0xcf, 0x3c, 0xfc,
    0xf3, 0x33, 0x33, 0x33, 0x33, 0xc0, 0x33, 0x30, 0xcc, 0xc0, 0x00, 0x00, 0x00, 0x00, 0x00, 0x00,
    0x03, 0x00, 0x00, 0x00, 0x00, 0x00, 0x00, 0x00, 0x00, 0x00, 0x00, 0x00, 0x00, 0x00, 0x00, 0x00,
    0x00, 0x00, 0x00, 0x00, 0x00, 0x00, 0x00, 0x00, 0x00, 0x00, 0x00, 0x00, 0x00, 0x00, 0x0c, 0x00,
    0x00, 0x00, 0x00, 0x00, 0x00, 0x00, 0x00, 0x00, 0x00, 0x00, 0x00, 0x00, 0x00, 0x00, 0x00, 0x00,
    0x03, 0x00, 0x03, 0x03, 0x00, 0x00, 0xc0, 0x00, 0x00, 0x00, 0x00, 0x00, 0x0c, 0x00, 0x00, 0x00,
    0x00, 0x00, 0x00, 0x00, 0x00, 0x30, 0x00, 0x00, 0x0c, 0x00, 0x30, 0x0c, 0x03, 0x04, 0x32, 0x30,
    0x8e, 0x3c, 0xcc, 0xcc, 0xcc, 0xcc, 0xcc, 0x33, 0x33, 0x33, 0x33, 0x33, 0x33, 0x33, 0x33, 0x33,
    0x33, 0x33, 0x03, 0x3c, 0xf3, 0xf3, 0x33, 0x33, 0x3c, 0xcc, 0xcc, 0xcc, 0xcc, 0x33, 0x00, 0xcc,
    0x00, 0x00, 0x30, 0x00, 0x00, 0x00, 0xc0, 0x00, 0x00, 0x00, 0x00, 0x00, 0x00, 0x00, 0x00, 0x00,
    0x00, 0x00, 0x00, 0x00, 0x00, 0x00, 0x00, 0x00, 0x00, 0x00, 0x00, 0x00, 0x00, 0x00, 0x00, 0x00,
    0x00, 0x00, 0x00, 0x00, 0x00, 0x00, 0x00, 0x00, 0x00, 0x00, 0x00, 0x00, 0x00, 0x00, 0x00, 0x00,
    0x00, 0x00, 0x00, 0x00, 0x00, 0x00, 0x00, 0x00, 0x00, 0x00, 0xc0, 0x00, 0x00, 0x00, 0x00, 0x00,
    0x00, 0x00, 0x00, 0x0c, 0x00, 0x00, 0x00, 0x00, 0x00, 0xc0, 0x00, 0x00, 0x00, 0x00, 0x00, 0x00,
    0x00, 0x00, 0x00, 0x00, 0x00, 0x8c, 0x84, 0xc6, 0x32, 0x33, 0x33, 0x33, 0x33, 0x33, 0x33, 0x30,
    0xcc, 0xcc, 0xc3, 0x0c, 0x30, 0xcc, 0xcc, 0xf3, 0xcc, 0xcc, 0xcc, 0xcf, 0x3c, 0xcf, 0x3c, 0xf3,
    0xcc, 0xcc, 0xcc, 0xcc, 0x33, 0x0c, 0xcc, 0x03, 0x33, 0x03, 0x00, 0x00, 0x00, 0x00, 0x00, 0x00,
    0xc0, 0x00, 0x00, 0x00, 0x00, 0x00, 0x00, 0x00, 0x00, 0x03, 0x00, 0x00, 0x00, 0x00, 0x00, 0x00,
    0x00, 0x00, 0x00, 0x00, 0x00, 0x00, 0x00, 0x00, 0x00, 0x00, 0x00, 0x00, 0x00, 0x00, 0x00, 0x00,
    0x00, 0x00, 0x00, 0x00, 0x00, 0x00, 0x00, 0x00, 0x00, 0x00, 0x00, 0x00, 0x00, 0x00, 0x00, 0x00,
    0x00, 0x00, 0x00, 0x00, 0x00, 0x00, 0x00, 0x00, 0xc3, 0x03, 0x00, 0xc0, 0x00, 0x00, 0x00, 0x00,
    0x0c, 0x00, 0x00, 0x00, 0x0c, 0x00, 0x00, 0x00, 0x00, 0x00, 0x00, 0x00, 0x00, 0x31, 0x22, 0x08,
    0xc4, 0xcc, 0xcc, 0xcc, 0xcc, 0xcc, 0xcc, 0xcc, 0xcc, 0x33, 0x33, 0x33, 0x33, 0x33, 0x33, 0x3c,
    0xcf, 0x33, 0x03, 0xf3, 0xcf, 0xf3, 0xcf, 0x3c, 0xcc, 0xcc, 0xcc, 0xcc, 0xc0, 0xc0, 0x33, 0x30,
    0x00, 0xc0, 0x00, 0x00, 0x00, 0x00, 0x00, 0x00, 0x00, 0x00, 0x00, 0x00, 0x00, 0x00, 0x00, 0x00,
    0x00, 0x00, 0x00, 0x00, 0xc0, 0x00, 0x00, 0x00, 0x00, 0x00, 0x00, 0x00, 0x00, 0x00, 0x00, 0x00,
    0x00, 0x00, 0x00, 0x00, 0x30, 0x00, 0x00, 0x00, 0x00, 0x00, 0x00, 0x00, 0x00, 0x00, 0x00, 0x00,
    0x00, 0x00, 0x00, 0x00, 0x00, 0x00, 0x00, 0x00, 0x00, 0x00, 0x00, 0x00, 0x00, 0x0c, 0x00, 0xc0,
    0x00, 0x00, 0x00, 0x00, 0x00, 0x00, 0x00, 0x03, 0x00, 0x00, 0x30, 0x00, 0x00, 0x00, 0x0c, 0x03,
    0x00, 0x00, 0x00, 0x00, 0x00, 0x02, 0x0c, 0x4c, 0x23, 0x33, 0x33, 0x33, 0x33, 0x33, 0x33, 0x33,
    0x33, 0x30, 0xcc, 0xcc, 0xcc, 0xcc, 0xcc, 0xcc, 0xf3, 0x33, 0x33, 0x3f, 0xf3, 0x3c, 0xf3, 0xcf,
    0x3c, 0xf3, 0x33, 0x33, 0x33, 0x33, 0x00, 0xcc, 0xcc, 0x00, 0x00, 0x00, 0x00, 0x30, 0x00, 0x00,
    0x00, 0x00, 0x00, 0x00, 0x00, 0x00, 0x00, 0x00, 0x00, 0x00, 0x00, 0x00, 0x00, 0x00, 0x00, 0x00,
    0x00, 0x00, 0x00, 0x00, 0x00, 0x00, 0x00, 0x00, 0x00, 0x00, 0x00, 0x03, 0x00, 0x00, 0x00, 0x00,
    0x00, 0x00, 0x00, 0x00, 0x00, 0x00, 0x00, 0x00, 0x00, 0x00, 0x00, 0x00, 0x00, 0x00, 0x00, 0x00,
    0x00, 0x00, 0x00, 0x00, 0x00, 0x00, 0x00, 0x00, 0x00, 0x00, 0x00, 0x00, 0x0c, 0x00, 0x03, 0x00,
    0x00, 0x00, 0x00, 0x03, 0x00, 0x00, 0x00, 0x00, 0x00, 0x30, 0x30, 0x00, 0x00, 0x00, 0x30, 0x81,
    0x33, 0x33, 0x0c, 0xcc, 0xcc, 0xcc, 0xcc, 0xcc, 0xcc, 0xcc, 0xc3, 0x30, 0xc3, 0x33, 0x33, 0x33,
    0x33, 0x30, 0xcf, 0xcc, 0xff, 0xcf, 0x3c, 0xcc, 0xcf, 0x33, 0x33, 0x30, 0xcc, 0x03, 0x33, 0x03,
    0x03, 0x00, 0x00, 0x00, 0xc0, 0x00, 0x00, 0x00, 0x00, 0x00, 0x00, 0x00, 0x00, 0x00, 0x00, 0x0c,
    0x00, 0x00, 0x00, 0x00, 0x00, 0x00, 0x00, 0x00, 0x00, 0x00, 0x00, 0x00, 0x00, 0x00, 0x00, 0x00,
    0x00, 0x00, 0x00, 0xc0, 0x00, 0x00, 0x00, 0x00, 0x00, 0x00, 0x00, 0x03, 0x00, 0x00, 0x00, 0x00,
    0x00, 0x00, 0x00, 0x00, 0x00, 0x00, 0x00, 0x00, 0x00, 0x30, 0x00, 0x00, 0x00, 0x00, 0x00, 0x00,
    0x00, 0x30, 0x30, 0x00, 0xc0, 0x03, 0x00, 0x00, 0x00, 0x00, 0x00, 0x00, 0x00, 0x00, 0x00, 0x00,
    0x03, 0x00, 0x00, 0x30, 0x30, 0x00, 0x00, 0x0c, 0x30, 0xcc, 0xc3, 0x33, 0x33, 0x33, 0x33, 0x33,
    0x33, 0x33, 0x33, 0x0c, 0xcc, 0xcc, 0xcc, 0xcc, 0xcc, 0xcc, 0x03, 0xff, 0x33, 0x33, 0xcf, 0x3f,
    0x33, 0x33, 0xcc, 0xcc, 0x33, 0x30, 0xc0, 0xcc, 0xc0, 0x00, 0x00, 0x00, 0x00, 0x00, 0x00, 0x0c,
    0x00, 0x00, 0x00, 0x00, 0x00, 0x00, 0x30, 0x00, 0x00, 0x00, 0x00, 0x00, 0x00, 0x00, 0x00, 0x00,
    0x00, 0x00, 0x00, 0x00, 0x03, 0x00, 0x00, 0x00, 0x00, 0x00, 0x30, 0x00, 0x00, 0x00, 0x00, 0x00,
    0x00, 0x00, 0x00, 0x30, 0x00, 0x00, 0x00, 0x00, 0x00, 0x00, 0x00, 0x00, 0x00, 0x00, 0x00, 0x00,
    0x00, 0x00, 0x03, 0x03, 0x03, 0x00, 0x00, 0x03, 0x03, 0x00, 0x00, 0x30, 0x00, 0x00, 0x00, 0x00,
    0x00, 0x00, 0x00, 0x00, 0x00, 0x00, 0xc0, 0x30, 0x00, 0x00, 0x00, 0x00, 0x00, 0x00, 0x00, 0x00,
    0xcc, 0x30, 0x33, 0x0c, 0xcc, 0xcc, 0xcc, 0xcc, 0xc3, 0x0c, 0xcc, 0xcc, 0x33, 0x33, 0x33, 0x33,
    0x33, 0x33, 0x3c, 0xcc, 0xcf, 0xfc, 0xf3, 0xcc, 0xf3, 0x3c, 0xcc, 0xcc, 0xc0, 0xcc, 0x33, 0x00,
    0x33, 0x00, 0x00, 0x00, 0x00, 0x00, 0x00, 0x00, 0x00, 0x00, 0x00, 0x00, 0x00, 0x00, 0x00, 0x00,
    0x00, 0x00, 0x00, 0x00, 0x00, 0x00, 0x00, 0x00, 0x00, 0x00, 0x00, 0x00, 0x00, 0x00, 0x00, 0x00,
    0x00, 0x00, 0x00, 0x00, 0x00, 0x00, 0x00, 0x00, 0x00, 0x00, 0x30, 0x00, 0x00, 0x00, 0xc0, 0x00,
    0x00, 0x00, 0x00, 0x00, 0x00, 0x00, 0x00, 0x00, 0x00, 0x00, 0x30, 0x00, 0x00, 0x00, 0x03, 0x00,
    0x00, 0x00, 0x00, 0x00, 0x00, 0x00, 0x00, 0x00, 0x00, 0x00, 0x00, 0x00, 0x00, 0x00, 0x00, 0x00,
    0x00, 0x00, 0x00, 0x00, 0x00, 0x30, 0x00, 0x00, 0x33, 0x0c, 0xcc, 0xcc, 0xcc, 0xcc, 0xc3, 0x33,
    0x33, 0x33, 0x0c, 0xc3, 0x33, 0x33, 0x33, 0x3c, 0xcc, 0xcc, 0xcf, 0x33, 0xf3, 0x0f, 0x33, 0x33,
    0x3c, 0xcc, 0xcc, 0xc3, 0x33, 0x03, 0x0c, 0xcc, 0xc0, 0x30, 0x00, 0x30, 0x00, 0x00, 0x00, 0x00,
    0x00, 0x00, 0x00, 0x00, 0x00, 0x00, 0x00, 0x00, 0x00, 0x00, 0x00, 0x00, 0x00, 0x00, 0x00, 0x00,
    0x00, 0x00, 0x00, 0x00, 0x00, 0x00, 0x00, 0xc0, 0x00, 0x00, 0x00, 0x00, 0x00, 0x00, 0x00, 0x00,
    0x00, 0x03, 0x00, 0x00, 0x00, 0x00, 0x00, 0x00, 0x00, 0x00, 0x00, 0x00, 0x00, 0x00, 0x00, 0x00,
    0x03, 0x00, 0x00, 0x00, 0x00, 0x00, 0x30, 0x00, 0x00, 0x00, 0x0c, 0x00, 0x00, 0x30, 0x00, 0x00,
    0x00, 0x00, 0x00, 0x30, 0x00, 0x00, 0x00, 0x00, 0x30, 0x00, 0x00, 0x00, 0x00, 0x00, 0x00, 0x00,
    0xcc, 0xc3, 0x33, 0x33, 0x33, 0x33, 0x33, 0x0c, 0xcc, 0xcc, 0xc3, 0x33, 0x30, 0xcc, 0xcc, 0xcf,
    0x33, 0x33, 0x0f, 0xfc, 0xcc, 0xf3, 0x3c, 0xfc, 0xcc, 0xcc, 0xcc, 0x33, 0x0c, 0xcc, 0xc0, 0xc3,
    0x33, 0x00, 0x00, 0x00, 0x00, 0x00, 0x00, 0x00, 0x00, 0x00, 0x00, 0x00, 0x00, 0x00, 0x00, 0x00,
    0x00, 0x00, 0x00, 0x00, 0x00, 0x00, 0x00, 0x00, 0x00, 0x00, 0x00, 0x00, 0x00, 0x00, 0x00, 0x00,
    0x00, 0x30, 0x00, 0x00, 0x00, 0x00, 0x00, 0x00, 0x00, 0x00, 0x00, 0x00, 0x00, 0x00, 0x00, 0x00,
    0x00, 0x00, 0x30, 0x00, 0x00, 0x00, 0x00, 0x00, 0x00, 0x00, 0x00, 0x00, 0x00, 0x00, 0x00, 0x00,
    0x00, 0x03, 0x00, 0x00, 0x03, 0x00, 0x0c, 0x0c, 0x00, 0xc0, 0xc0, 0x00, 0x00, 0x30, 0x00, 0x00,
    0x00, 0x03, 0x03, 0x00, 0x00, 0x00, 0x00, 0x03, 0x0c, 0xcc, 0x0c, 0xcc, 0xcc, 0xcc, 0xcc, 0xcc,
    0x33, 0x0c, 0x33, 0x33, 0x0c, 0xc3, 0x33, 0x33, 0x3c, 0xcc, 0x33, 0x3f, 0x3f, 0x3c, 0xcf, 0x33,
    0x33, 0x33, 0x33, 0x30, 0xc0, 0x30, 0x33, 0x30, 0x00, 0x00, 0x00, 0x00, 0x00, 0x00, 0x03, 0x00,
    0x00, 0x00, 0x00, 0x00, 0x00, 0x00, 0x00, 0x00, 0x00, 0x00, 0x00, 0x00, 0x00, 0x00, 0x00, 0x00,
    0x00, 0x00, 0x00, 0x00, 0x00, 0x00, 0x00, 0x00, 0x00, 0x00, 0x00, 0x00, 0x00, 0x00, 0x00, 0x00,
    0x00, 0xc0, 0x00, 0x00, 0x00, 0x00, 0x00, 0x00, 0xc0, 0x30, 0x00, 0x00, 0x00, 0x00, 0x00, 0x00,
    0x00, 0x00, 0x00, 0x00, 0x00, 0x00, 0x00, 0x00, 0x30, 0x30, 0x00, 0x0c, 0x30, 0x00, 0x00, 0x00,
    0x0c, 0x00, 0x00, 0x00, 0x00, 0x00, 0x00, 0xc0, 0x00, 0x30, 0x00, 0x03, 0x03, 0x00, 0x30, 0x30,
    0xc3, 0x03, 0x33, 0x33, 0x33, 0x33, 0x33, 0x33, 0x30, 0xcc, 0xcc, 0xcc, 0xcc, 0xcc, 0xcc, 0xcc,
    0xcc, 0xc3, 0x3f, 0xcc, 0xf3, 0xcf, 0x33, 0x33, 0xcc, 0xcc, 0xcc, 0xcc, 0xcc, 0xcc, 0xcc, 0x0c,
    0xcc, 0x00, 0x0c, 0x00, 0x00, 0x00, 0x30, 0x00, 0x00, 0x00, 0x00, 0x00, 0x00, 0x30, 0x00, 0x00,
    0x00, 0x0c, 0x00, 0x00, 0x00, 0x00, 0x00, 0x00, 0x00, 0x00, 0x00, 0x03, 0x00, 0x00, 0x00, 0x00,
    0x00, 0x00, 0x00, 0x00, 0x00, 0x00, 0x00, 0x00, 0x00, 0x00, 0x00, 0x00, 0x00, 0x00, 0x00, 0x00,
    0x00, 0x00, 0x00, 0x00, 0x00, 0x00, 0x00, 0x00, 0x00, 0x03, 0x00, 0x00, 0x00, 0x0c, 0x00, 0x00,
    0x00, 0x00, 0x00, 0xc0, 0x00, 0x00, 0x00, 0x00, 0x00, 0x00, 0x00, 0x00, 0x00, 0x00, 0x0c, 0x00,
    0x03, 0x00, 0x00, 0x00, 0x00, 0x00, 0x00, 0x00, 0x30, 0xcc, 0xcc, 0xcc, 0xcc, 0xcc, 0xcc, 0xcc,
    0xcc, 0xc3, 0x33, 0x33, 0x33, 0x33, 0x33, 0x33, 0x33, 0x30, 0x33, 0xff, 0x3c, 0xf3, 0xff, 0x3c,
    0xcf, 0x33, 0x33, 0x0c, 0x33, 0x03, 0x03, 0x30, 0x03, 0x00, 0x00, 0x00, 0x00, 0x30, 0x00, 0x00,
    0x00, 0x00, 0x00, 0x00, 0x30, 0x00, 0x00, 0x00, 0x00, 0x00, 0x00, 0x00, 0x00, 0x00, 0x00, 0x00,
    0x00, 0x00, 0x00, 0x30, 0x00, 0x00, 0x00, 0x00, 0x00, 0x00, 0x00, 0x00, 0x00, 0x00, 0x00, 0xc0,
    0x00, 0x00, 0x00, 0x00, 0x00, 0x00, 0x00, 0x00, 0x00, 0x00, 0x00, 0x00, 0x00, 0x00, 0x00, 0x00,
    0x00, 0x00, 0x00, 0x0c, 0x0c, 0x00, 0x00, 0x00, 0x00, 0x00, 0x00, 0x00, 0x00, 0x00, 0xc0, 0x00,
    0x00, 0x00, 0x00, 0x00, 0x00, 0x00, 0x00, 0x00, 0xc0, 0x00, 0x00, 0x00, 0x00, 0x00, 0x00, 0x03,
    0x0c, 0xc3, 0x33, 0x33, 0x33, 0x33, 0x33, 0x33, 0x33, 0x33, 0x0c, 0x30, 0xcc, 0xcc, 0xcc, 0xf3,
    0xcc, 0xcc, 0xcf, 0x33, 0xcf, 0x3c, 0xcc, 0xcc, 0xf3, 0x33, 0x30, 0xcc, 0xc3, 0x30, 0xcc, 0x0c,
    0xc0, 0x00, 0x00, 0x00, 0x00, 0x00, 0x00, 0x00, 0x00, 0x00, 0x0c, 0x03, 0x00, 0x00, 0x00, 0x00,
    0x00, 0x00, 0x00, 0x03, 0x00, 0x00, 0x00, 0x00, 0x00, 0x00, 0x00, 0x00, 0x00, 0x00, 0x00, 0x00,
    0x00, 0x00, 0x00, 0x00, 0x00, 0x00, 0x00, 0x00, 0x00, 0x00, 0x00, 0x00, 0x00, 0x00, 0x00, 0x00,
    0x00, 0x00, 0x00, 0x00, 0x00, 0x00, 0x00, 0x00, 0x00, 0xc0, 0x00, 0xc0, 0x00, 0x00, 0x00, 0x0c,
    0x00, 0xc0, 0x30, 0x00, 0x00, 0x00, 0x00, 0x00, 0x00, 0x00, 0x00, 0x00, 0x30, 0x00, 0x00, 0x00,
    0x00, 0x00, 0x00, 0xc0, 0x00, 0x00, 0x00, 0x03, 0x33, 0x30, 0xcc, 0xcc, 0xcc, 0xcc, 0xcc, 0xcc,
    0xcc, 0xcc, 0xcc, 0xcc, 0xc3, 0x33, 0x33, 0x3c, 0xcc, 0xc0, 0x3f, 0xfc, 0xff, 0xcf, 0xcf, 0xf3,
    0x33, 0x33, 0x0c, 0xc3, 0x30, 0xcc, 0xc3, 0x30, 0xcc, 0x00, 0x00, 0x00, 0x0c, 0x00, 0x00, 0x00,
    0x03, 0x00, 0xc0, 0x00, 0x00, 0x00, 0x00, 0x00, 0x00, 0x00, 0x00, 0x00, 0x00, 0x00, 0x00, 0x00,
    0x00, 0x00, 0xc0, 0x00, 0x00, 0x00, 0x00, 0x00, 0x00, 0x00, 0x00, 0x00, 0x00, 0x00, 0x00, 0x00,
    0x00, 0x00, 0x00, 0x00, 0x00, 0x00, 0x00, 0x00, 0x00, 0x00, 0x00, 0x00, 0x00, 0x00, 0xc0, 0x00,
    0x00, 0x00, 0x00, 0x00, 0x00, 0x00, 0x00, 0x00, 0x00, 0x00, 0x00, 0x00, 0x03, 0x00, 0x00, 0xc0,
    0x00, 0x00, 0x00, 0xc0, 0x00, 0x03, 0x00, 0x00, 0x00, 0x00, 0x0c, 0x00, 0x0c, 0x0c, 0x00, 0x00,
    0xc3, 0x0c, 0x33, 0x33, 0x33, 0x33, 0x33, 0x33, 0x33, 0x0c, 0xc3, 0x33, 0x33, 0x33, 0x33, 0x33,
    0x33, 0x33, 0x33, 0x3f, 0xcc, 0xf3, 0x33, 0x3f, 0xcc, 0xcc, 0xcc, 0xcc, 0x33, 0x0c, 0x30, 0xcc,
    0x03, 0x00, 0xc0, 0x00, 0x00, 0x00, 0x00, 0x00, 0x00, 0x00, 0x00, 0x00, 0x00, 0x00, 0x00, 0x00,
    0x00, 0x00, 0x00, 0x00, 0x00, 0x00, 0x00, 0x00, 0x00, 0x00, 0x00, 0x00, 0x00, 0x00, 0x00, 0x00,
    0x00, 0x00, 0x00, 0x00, 0x00, 0x00, 0x00, 0x00, 0x00, 0x00, 0x00, 0x00, 0x00, 0x00, 0x00, 0x00,
    0x00, 0x00, 0x00, 0x00, 0x03, 0x00, 0x00, 0x00, 0x00, 0x00, 0x0c, 0x00, 0x00, 0x00, 0x00, 0x00,
    0x00, 0x00, 0x00, 0xc3, 0x00, 0x03, 0x00, 0x00, 0xc0, 0x00, 0x0c, 0x00, 0x00, 0x00, 0x00, 0x00,
    0x00, 0x00, 0xc0, 0x00, 0xc0, 0x00, 0x0c, 0x0c, 0x33, 0x33, 0x0c, 0xcc, 0xcc, 0xcc, 0xcc, 0xcc,
    0xcc, 0xcc, 0x33, 0x0c, 0xcc, 0xcc, 0xcc, 0xcc, 0xcc, 0xc0, 0xff, 0xcc, 0xff, 0x3f, 0xff, 0x30,
    0xf3, 0x33, 0x33, 0x33, 0x0c, 0xc3, 0x0c, 0x03, 0x30, 0x00, 0x00, 0x00, 0x00, 0x00, 0x00, 0x00,
    0x00, 0x00, 0x00, 0x00, 0x00, 0x00, 0x00, 0x00, 0x00, 0x00, 0x00, 0x00, 0x00, 0x00, 0x30, 0x00,
    0x00, 0x00, 0x00, 0x00, 0x00, 0x00, 0x00, 0x00, 0x00, 0x00, 0x00, 0x00, 0x00, 0x00, 0x00, 0x00,
    0x00, 0x00, 0x00, 0x00, 0x00, 0x00, 0x00, 0x00, 0x00, 0x00, 0x00, 0x00, 0x00, 0x00, 0x00, 0x00,
    0x00, 0x00, 0xc0, 0x00, 0x00, 0x00, 0x0c, 0x00, 0x0c, 0x03, 0x00, 0x00, 0x00, 0x00, 0x00, 0x00,
    0x00, 0x30, 0x00, 0x00, 0x00, 0x00, 0x00, 0x00, 0x00, 0x0c, 0x00, 0x00, 0x00, 0x00, 0x00, 0x0c,
    0xcc, 0x0c, 0xcc, 0x33, 0x33, 0x33, 0x33, 0x33, 0x33, 0x33, 0x30, 0xc3, 0x0c, 0x33, 0x33, 0x33,
    0x33, 0x33, 0x33, 0x3f, 0x33, 0xcc, 0xcc, 0xff, 0x3c, 0xcc, 0xcc, 0x0c, 0xc3, 0x30, 0xcc, 0xcc,
    0x0c, 0x00, 0x00, 0x00, 0x00, 0x00, 0x00, 0x00, 0xc0, 0x00, 0x00, 0x00, 0x00, 0x00, 0x00, 0x00,
    0x00, 0x00, 0x00, 0x00, 0x00, 0x00, 0x00, 0x00, 0x00, 0x00, 0x00, 0x00, 0x00, 0x00, 0x00, 0x00,
    0x00, 0x00, 0x00, 0x00, 0x00, 0x00, 0x00, 0x00, 0x00, 0x00, 0x00, 0x00, 0x00, 0x00, 0x30, 0x00,
    0x00, 0x00, 0x00, 0x00, 0x00, 0x00, 0x00, 0x00, 0x03, 0x00, 0x00, 0x00, 0x00, 0x30, 0x00, 0x00,
    0x00, 0x00, 0x00, 0x00, 0x00, 0xc0, 0x00, 0x00, 0x00, 0x00, 0x00, 0x00, 0x00, 0x00, 0x00, 0x0c,
    0x0c, 0x00, 0x00, 0x00, 0x00, 0x00, 0x00, 0x03, 0x03, 0x33, 0x33, 0x33, 0x33, 0x33, 0x0c, 0xcc,
    0xcc, 0xcc, 0xcc, 0xcc, 0xcc, 0xcc, 0xcc, 0xcc, 0xcc, 0x00, 0xff, 0xcf, 0xfc, 0xff, 0x3f, 0x33,
    0x33, 0x33, 0x33, 0x30, 0x30, 0xcc, 0xc3, 0x03, 0x00, 0x00, 0x00, 0x03, 0x00, 0x00, 0x00, 0x0c,
    0x00, 0x00, 0x00, 0x00, 0x00, 0x00, 0x00, 0x00, 0x03, 0x00, 0x00, 0x00, 0x00, 0x00, 0x00, 0x00,
    0x03, 0x00, 0x00, 0x00, 0x00, 0x00, 0x00, 0x00, 0x00, 0x00, 0x00, 0x00, 0x00, 0x00, 0x00, 0x00,
    0x00, 0x00, 0x00, 0x00, 0x00, 0x00, 0x00, 0x00, 0x00, 0x00, 0x00, 0x00, 0x00, 0x00, 0x00, 0x00,
    0x00, 0x00, 0x00, 0x00, 0x0c, 0x00, 0x00, 0x00, 0x00, 0x00, 0x0c, 0x00, 0xc0, 0x00, 0x0c, 0x00,
    0x00, 0x00, 0x00, 0x00, 0x00, 0xc0, 0x00, 0x00, 0x00, 0x00, 0x00, 0x0c, 0x00, 0x00, 0x00, 0x30,
    0xcc, 0x0c, 0x33, 0x30, 0xcc, 0xcc, 0xcc, 0xc3, 0x33, 0x0c, 0x33, 0x33, 0x33, 0x33, 0x33, 0x3c,
    0xcc, 0xcc, 0xcc, 0xf3, 0x3f, 0x33, 0xcc, 0xf3, 0xcc, 0xcc, 0xcc, 0xcc, 0xcc, 0x33, 0x30, 0xcc,
    0xcc, 0x00, 0x00, 0x00, 0x00, 0x00, 0x0c, 0x00, 0x00, 0x00, 0x00, 0x00, 0x00, 0x00, 0x00, 0x00,
    0x00, 0x00, 0x03, 0x00, 0x00, 0x00, 0x00, 0x00, 0x00, 0x00, 0x00, 0x00, 0x00, 0x00, 0x00, 0x00,
    0x00, 0x00, 0x00, 0x00, 0x00, 0x00, 0x00, 0x00, 0x00, 0x00, 0x00, 0x00, 0x00, 0x00, 0x00, 0x00,
    0xc0, 0x00, 0x00, 0x00, 0x00, 0x00, 0x00, 0x00, 0x00, 0x00, 0x00, 0x00, 0xc0, 0x00, 0x00, 0x03,
    0x00, 0x00, 0x00, 0x0c, 0x00, 0x00, 0x00, 0x0c, 0x03, 0x00, 0x00, 0x00, 0x0c, 0x00, 0x00, 0x00,
    0x00, 0x00, 0x00, 0xc0, 0x00, 0xc0, 0xc0, 0x0c, 0xcc, 0xc3, 0x30, 0xcc, 0xcc, 0xcc, 0xcc, 0xcc,
    0xcc, 0xc3, 0x30, 0xcc, 0xcc, 0xcc, 0xcc, 0xcc, 0xcc, 0xc3, 0xcf, 0x3f, 0xcc, 0xfc, 0xff, 0x3c,
    0xcf, 0x33, 0x30, 0x33, 0x33, 0x0c, 0x0c, 0x30, 0x00, 0x03, 0x00, 0x00, 0x00, 0x00, 0x00, 0x00,
    0x00, 0x00, 0x00, 0x00, 0x00, 0x00, 0x00, 0x00, 0x00, 0x00, 0x00, 0x00, 0x00, 0x00, 0x00, 0x00,
    0x00, 0x00, 0x00, 0x00, 0x00, 0x00, 0x00, 0x00, 0x00, 0x00, 0x00, 0x00, 0x00, 0x00, 0x00, 0x00,
    0x00, 0x00, 0x00, 0x00, 0x00, 0x00, 0x00, 0x00, 0x00, 0x00, 0x00, 0x00, 0x00, 0x00, 0x00, 0x00,
    0x00, 0x0c, 0x00, 0x30, 0x00, 0x00, 0x00, 0x00, 0x00, 0x00, 0x00, 0x00, 0x00, 0x03, 0x00, 0x00,
    0x00, 0x00, 0x30, 0x00, 0xc0, 0x00, 0x03, 0x00, 0x00, 0x00, 0xc0, 0x00, 0x00, 0x00, 0x00, 0x33,
    0x30, 0xcc, 0xcc, 0xcc, 0xcc, 0xc3, 0x33, 0x33, 0x33, 0x33, 0x0c, 0xcc, 0x33, 0x33, 0x33, 0x33,
    0x33, 0x30, 0xff, 0xcc, 0xff, 0x3f, 0x33, 0xcc, 0xf3, 0x33, 0x0c, 0xcc, 0xcc, 0xc3, 0x33, 0x0c,
    0xcc, 0x00, 0x00, 0x00, 0x00, 0x03, 0x00, 0x00, 0x00, 0x00, 0x00, 0x00, 0x00, 0x00, 0x00, 0x03,
    0x00, 0x00, 0x00, 0x00, 0x00, 0x00, 0x00, 0x00, 0x00, 0x00, 0x00, 0x00, 0x00, 0x00, 0x00, 0x00,
    0x03, 0x00, 0x00, 0x00, 0x00, 0x00, 0x0c, 0x00, 0x00, 0x00, 0x00, 0x00, 0x00, 0x0c, 0x00, 0x00,
    0x00, 0x00, 0x00, 0x00, 0x00, 0x00, 0x00, 0x00, 0x00, 0xc0, 0x0c, 0x00, 0x00, 0x00, 0x0c, 0x00,
    0x00, 0x30, 0x00, 0xc0, 0x03, 0x00, 0x00, 0x00, 0x00, 0x00, 0x00, 0x00, 0x00, 0x00, 0x00, 0x00,
    0x00, 0x30, 0x00, 0x00, 0x0c, 0x00, 0x00, 0x00, 0x30, 0xcc, 0xcc, 0xcc, 0xcc, 0xcc, 0xcc, 0xcc,
    0xcc, 0xcc, 0xcc, 0xc3, 0x33, 0x33, 0x33, 0xcc, 0xcc, 0x0f, 0x33, 0xff, 0x33, 0xcc, 0xf3, 0x33,
    0x33, 0x30, 0xcc, 0xc3, 0x30, 0xcc, 0xc3, 0x30, 0x00, 0x00, 0x00, 0x00, 0x00, 0x00, 0x00, 0x00,
    0x00, 0x00, 0x00, 0x00, 0x00, 0x00, 0x00, 0x00, 0x00, 0x00, 0x00, 0x00, 0x00, 0x00, 0x00, 0x00,
    0x00, 0x00, 0x00, 0x00, 0x00, 0x00, 0x00, 0x00, 0x30, 0x00, 0x00, 0x00, 0x00, 0x00, 0x00, 0x00,
    0x00, 0x00, 0x00, 0x00, 0x00, 0x00, 0x00, 0x00, 0x00, 0x00, 0x00, 0x03, 0x00, 0x00, 0x00, 0x00,
    0x00, 0x00, 0x00, 0x00, 0x00, 0x00, 0xc0, 0x00, 0x00, 0x00, 0x30, 0x00, 0x00, 0x00, 0x03, 0x00,
    0x30, 0x00, 0x00, 0x00, 0x00, 0x00, 0x00, 0x00, 0x03, 0x00, 0x00, 0x00, 0x00, 0x00, 0x03, 0x33,
    0x0c, 0x33, 0x33, 0x33, 0x33, 0x33, 0x33, 0x33, 0x33, 0x33, 0x33, 0x33, 0x33, 0x33, 0x33, 0x33,
    0x33, 0x03, 0xfc, 0xcc, 0xfc, 0xf3, 0x3c, 0xfc, 0xcc, 0xcc, 0xcc, 0x33, 0x0c, 0xcc, 0x30, 0x0c,
    0xcc, 0x00, 0x00, 0x30, 0x00, 0x00, 0x00, 0x00, 0x00, 0x00, 0x30, 0x0c, 0x00, 0x00, 0x00, 0xc0,
    0x00, 0x00, 0x00, 0x00, 0x00, 0x30, 0x00, 0x00, 0x00, 0x00, 0x00, 0x00, 0x00, 0x00, 0x00, 0x03,
    0x00, 0x00, 0x00, 0x00, 0x00, 0x00, 0x00, 0x00, 0x00, 0x00, 0x0c, 0x00, 0x03, 0x00, 0x00, 0x00,
    0x00, 0x00, 0x30, 0x00, 0x00, 0x00, 0x00, 0x00, 0x00, 0x00, 0x00, 0x00, 0x00, 0x00, 0x00, 0x00,
    0x00, 0x00, 0x00, 0x00, 0xc0, 0x00, 0x30, 0x03, 0x00, 0x03, 0x00, 0x0c, 0x00, 0x00, 0x00, 0x00,
    0x30, 0x00, 0x00, 0xc0, 0xc0, 0x03, 0x00, 0x0c, 0xc3, 0x30, 0xc3, 0x33, 0x33, 0x33, 0x33, 0x0c,
    0xcc, 0xcc, 0xcc, 0xcc, 0xcc, 0xcc, 0xcc, 0xcc, 0xcc, 0xcc, 0xcf, 0x3f, 0x33, 0x3f, 0xcf, 0x33,
    0x33, 0x33, 0x33, 0x33, 0x33, 0x0c, 0xcc, 0xc0, 0x00, 0x00, 0x00, 0x00, 0x03, 0x00, 0x00, 0x00,
    0x00, 0x00, 0x00, 0x00, 0x03, 0x00, 0x30, 0x00, 0x00, 0x00, 0x00, 0x00, 0x00, 0x00, 0x00, 0x00,
    0x00, 0x00, 0x00, 0x00, 0x00, 0x00, 0x00, 0x00, 0x00, 0x00, 0x00, 0x00, 0x00, 0x00, 0x00, 0x00,
    0x00, 0x00, 0xc0, 0x00, 0x30, 0x00, 0x00, 0x00, 0x00, 0x00, 0x00, 0x00, 0x00, 0x00, 0x00, 0x00,
    0x00, 0x00, 0x00, 0x00, 0x00, 0x30, 0x00, 0x00, 0x0c, 0x00, 0x00, 0x00, 0x00, 0x30, 0x00, 0x00,
    0x00, 0x00, 0x00, 0x00, 0x00, 0x00, 0x00, 0x00, 0x00, 0x00, 0x0c, 0x00, 0x00, 0x00, 0x00, 0xc0,
    0xcc, 0xcc, 0xcc, 0xcc, 0xcc, 0xcc, 0xcc, 0xcc, 0xcc, 0x33, 0x0c, 0x33, 0x33, 0x33, 0x33, 0x33,
    0x30, 0x0f, 0x33, 0xcc, 0xff, 0xcc, 0xf3, 0xcc, 0xcc, 0xcc, 0xcc, 0xcc, 0xcc, 0xc3, 0x0c, 0x33,
    0x30, 0x00, 0x00, 0x00, 0x00, 0x00, 0x00, 0x00, 0x00, 0x0c, 0x00, 0x00, 0x00, 0x00, 0x00, 0x00,
    0x00, 0x00, 0x00, 0x00, 0x00, 0x00, 0x00, 0x00, 0x00, 0x00, 0x00, 0x00, 0x00, 0x00, 0x00, 0x00,
    0x00, 0x00, 0x00, 0x00, 0x00, 0x03, 0x00, 0x00, 0x03, 0x00, 0x00, 0x00, 0x00, 0x00, 0x00, 0x00,
    0x00, 0x00, 0x00, 0x00, 0x00, 0x00, 0x00, 0x00, 0x03, 0x03, 0x00, 0x03, 0x03, 0x00, 0x00, 0x03,
    0x00, 0x03, 0x00, 0xc0, 0x03, 0x00, 0x00, 0x00, 0x00, 0x00, 0x00, 0x00, 0x00, 0x00, 0xc0, 0x00,
    0x00, 0x00, 0xc0, 0x00, 0x00, 0x30, 0x00, 0x33, 0x0c, 0x33, 0x33, 0x33, 0x33, 0x33, 0x33, 0x33,
    0x33, 0x30, 0xc3, 0x30, 0xcc, 0xcc, 0xcc, 0xcc, 0xcc, 0xcc, 0xfc, 0xff, 0x33, 0x3f, 0x3c, 0xcf,
    0x33, 0x33, 0x33, 0x33, 0x30, 0xcc, 0xc3, 0x0c, 0x00, 0x00, 0xc0, 0x00, 0x00, 0x00, 0x00, 0x00,
    0x00, 0x00, 0x00, 0x00, 0x00, 0x00, 0x00, 0x00, 0x00, 0x00, 0x00, 0x00, 0xc0, 0x00, 0x00, 0x00,
    0x00, 0x00, 0x00, 0x00, 0x00, 0x00, 0x00, 0x00, 0x00, 0x00, 0x00, 0x00, 0x00, 0xc0, 0x00, 0x00,
    0x00, 0x00, 0x00, 0x00, 0x00, 0x00, 0x00, 0x00, 0x00, 0x00, 0x00, 0x00, 0x00, 0x00, 0x00, 0x00,
    0x00, 0x00, 0x03, 0x00, 0x00, 0x00, 0x00, 0x00, 0x00, 0x00, 0x00, 0x00, 0xc0, 0x00, 0x00, 0x30,
    0x00, 0xc0, 0x00, 0xc0, 0x00, 0x00, 0x00, 0x30, 0x00, 0x00, 0x00, 0x00, 0x03, 0x00, 0x03, 0x03,
    0x33, 0x30, 0xcc, 0xcc, 0xcc, 0xcc, 0xcc, 0xcc, 0xcc, 0xcc, 0xcc, 0xcc, 0xc3, 0x33, 0x33, 0x33,
    0x30, 0x0f, 0x33, 0x33, 0xcf, 0xcc, 0xcf, 0x33, 0x33, 0x0c, 0xcc, 0x30, 0xcc, 0x33, 0x30, 0xc3,
    0x30, 0x30, 0x00, 0x00, 0x00, 0x00, 0x03, 0x00, 0xc0, 0x00, 0x00, 0x00, 0x00, 0x00, 0x00, 0x00,
    0x00, 0x00, 0x00, 0x0c, 0x00, 0x00, 0x00, 0x00, 0x00, 0x00, 0x00, 0x00, 0x00, 0x00, 0x00, 0x00,
    0x00, 0x00, 0x00, 0x00, 0x00, 0x00, 0x00, 0x00, 0x00, 0x00, 0x00, 0x00, 0x00, 0x00, 0x00, 0x00,
    0x00, 0x00, 0x00, 0x00, 0x00, 0x00, 0x00, 0x00, 0x00, 0x00, 0x00, 0x00, 0x00, 0x00, 0x00, 0xc0,
    0x00, 0x00, 0x00, 0x0c, 0x00, 0x00, 0xc3, 0x00, 0x00, 0x00, 0x0c, 0x00, 0x00, 0x30, 0x00, 0x00,
    0x00, 0x00, 0x00, 0x03, 0x00, 0x00, 0x00, 0x33, 0x00, 0xcc, 0xc3, 0x33, 0x33, 0x33, 0x33, 0x33,
    0x33, 0x33, 0x33, 0x33, 0x33, 0x33, 0x33, 0x33, 0x0c, 0xcc, 0xff, 0xcc, 0xf3, 0x33, 0xf3, 0x33,
    0x33, 0x33, 0x33, 0x33, 0x33, 0x30, 0xcc, 0x30, 0x00, 0x00, 0x00, 0x00, 0x00, 0x00, 0x30, 0x00,
    0x00, 0x00, 0x00, 0x00, 0x00, 0x00, 0x00, 0x00, 0x00, 0x00, 0x00, 0x00, 0x00, 0x00, 0x00, 0x00,
    0x00, 0x00, 0x00, 0x00, 0x00, 0x00, 0x00, 0x00, 0x00, 0x00, 0x00, 0x00, 0x00, 0x00, 0x00, 0x00,
    0x00, 0x00, 0x00, 0x00, 0x00, 0x00, 0x00, 0x00, 0x00, 0x00, 0x00, 0x00, 0x00, 0x00, 0x00, 0x00,
    0x00, 0x00, 0x00, 0x00, 0x00, 0x00, 0x00, 0x00, 0x00, 0x00, 0x0c, 0x00, 0x00, 0x0c, 0x00, 0x00,
    0x0c, 0x00, 0x00, 0x00, 0x03, 0x00, 0x00, 0x00, 0x00, 0x30, 0x00, 0xc0, 0x00, 0x00, 0x30, 0xc3,
    0x33, 0x33, 0x33, 0x0c, 0xcc, 0xcc, 0xcc, 0xcc, 0xcc, 0xc3, 0x0c, 0x30, 0xcc, 0xcc, 0xcc, 0xcc,
    0xcc, 0x3f, 0x30, 0xfc, 0xcc, 0xfc, 0xcc, 0xcc, 0xcc, 0xcc, 0xcc, 0xcc, 0xcc, 0xcc, 0x33, 0x0c,
    0xcc, 0x00, 0x00, 0x00, 0xc0, 0x00, 0x00, 0x00, 0x00, 0x00, 0x00, 0x00, 0x00, 0x00, 0x00, 0x00,
    0x00, 0x00, 0x03, 0x00, 0x00, 0x00, 0x00, 0x00, 0x00, 0x00, 0x00, 0x00, 0x00, 0x00, 0x00, 0x00,
    0x00, 0x00, 0x00, 0x00, 0x30, 0x00, 0x00, 0x00, 0x00, 0x00, 0x00, 0x00, 0x00, 0x00, 0x00, 0x00,
    0x0c, 0x00, 0x00, 0x00, 0x00, 0x00, 0x00, 0x00, 0x03, 0x03, 0x00, 0x00, 0xc0, 0x00, 0x00, 0x00,
    0x00, 0x00, 0x00, 0x00, 0x03, 0x00, 0x00, 0x00, 0x00, 0x00, 0xc0, 0x00, 0x00, 0x00, 0x00, 0x00,
    0x00, 0x00, 0x30, 0x00, 0x00, 0x03, 0x00, 0x30, 0xcc, 0x30, 0xcc, 0xcc, 0xcc, 0xcc, 0xcc, 0xcc,
    0xcc, 0x30, 0xcc, 0xcc, 0xc3, 0x33, 0x33, 0x33, 0x30, 0xcc, 0xcf, 0x33, 0xf3, 0x33, 0x33, 0xcc,
    0xcc, 0xcc, 0xc3, 0x33, 0x0c, 0x33, 0x0c, 0xc0, 0x00, 0x00, 0x00, 0x0c, 0x00, 0x00, 0x00, 0x00,
    0x00, 0x00, 0x00, 0x03, 0x00, 0x00, 0x00, 0x00, 0x00, 0x00, 0x00, 0x00, 0x00, 0x00, 0x00, 0x00,
    0x00, 0x00, 0x00, 0x00, 0x00, 0x00, 0x00, 0x00, 0x00, 0x00, 0x00, 0x00, 0x00, 0x00, 0x00, 0x00,
    0x00, 0x00, 0x00, 0x00, 0x00, 0x00, 0x00, 0x00, 0xc0, 0x00, 0x00, 0x00, 0x00, 0x00, 0x00, 0x00,
    0x00, 0x00, 0x03, 0x0c, 0x00, 0x0c, 0x0c, 0x00, 0x00, 0x03, 0x00, 0x00, 0x30, 0x00, 0x00, 0x03,
    0x00, 0x00, 0x00, 0x00, 0x00, 0x00, 0x00, 0x00, 0x00, 0x00, 0x00, 0x00, 0x0c, 0x00, 0x03, 0x0c,
    0x03, 0x33, 0x33, 0x33, 0x33, 0x33, 0x33, 0x33, 0x33, 0x33, 0x33, 0x33, 0x33, 0x33, 0x33, 0x33,
    0x0c, 0x3c, 0xf3, 0xcc, 0xcf, 0xcf, 0x3c, 0xcc, 0xcc, 0xcc, 0x33, 0x0c, 0xcc, 0xcc, 0xc0, 0x33,
    0x30, 0x00, 0x00, 0x00, 0x00, 0x0c, 0x00, 0x00, 0x00, 0x00, 0x00, 0x30, 0x00, 0x30, 0x00, 0x00,
    0x00, 0x00, 0x00, 0x00, 0x00, 0x00, 0x00, 0x00, 0xc0, 0x03, 0x00, 0x00, 0x00, 0x00, 0x03, 0x00,
    0x00, 0x00, 0x00, 0x00, 0x00, 0x00, 0x00, 0x00, 0x00, 0x00, 0x00, 0x00, 0x00, 0x00, 0x00, 0x00,
    0x00, 0x00, 0x30, 0x00, 0x00, 0x00, 0x00, 0x00, 0x00, 0x00, 0x00, 0x00, 0x00, 0xc0, 0x00, 0x00,
    0x00, 0xc0, 0x00, 0x03, 0x00, 0x00, 0x0c, 0x00, 0x00, 0x0c, 0x00, 0x00, 0xc0, 0x00, 0x00, 0x00,
    0x0c, 0x00, 0x00, 0x00, 0xc0, 0x00, 0x00, 0xc3, 0x33, 0x0c, 0xcc, 0xcc, 0xcc, 0xcc, 0xcc, 0xcc,
    0xcc, 0xcc, 0xcc, 0x30, 0xcc, 0xcc, 0xcc, 0xcc, 0xc3, 0x33, 0x3c, 0xff, 0x33, 0x33, 0xcc, 0xcc,
    0xcc, 0xcc, 0xcc, 0xcc, 0xcc, 0xc3, 0x33, 0x0c, 0x00, 0x00, 0x00, 0x00, 0x00, 0x00, 0x00, 0x00,
    0x00, 0x30, 0x03, 0x00, 0x00, 0x00, 0x00, 0x00, 0x00, 0x00, 0x00, 0x00, 0x00, 0x00, 0x00, 0x00,
    0x00, 0x00, 0x00, 0x00, 0x00, 0x03, 0x00, 0x00, 0x00, 0x00, 0x00, 0x00, 0x00, 0x00, 0x00, 0x00,
    0x00, 0x00, 0x00, 0x00, 0x00, 0x00, 0x00, 0x00, 0x00, 0x00, 0x00, 0x00, 0x00, 0x00, 0x0c, 0x00,
    0x00, 0x00, 0x00, 0x00, 0x00, 0x00, 0x00, 0x00, 0xc0, 0x00, 0x00, 0x00, 0x00, 0x03, 0x00, 0x00,
    0x00, 0xc0, 0x00, 0x0c, 0x00, 0x00, 0x00, 0x03, 0x00, 0x00, 0x00, 0x30, 0x00, 0x0c, 0x0c, 0x33,
    0x30, 0xcc, 0x33, 0x33, 0x33, 0x33, 0x33, 0x33, 0x33, 0x33, 0x33, 0x33, 0x33, 0x33, 0x33, 0x33,
    0x30, 0xcf, 0xcf, 0x33, 0xfc, 0xf3, 0x33, 0x33, 0x33, 0x33, 0x33, 0x33, 0x33, 0x33, 0x0c, 0xc3,
    0x00, 0x00, 0x00, 0x00, 0x00, 0x00, 0x00, 0x00, 0x00, 0x00, 0x00, 0x00, 0x00, 0x00, 0x00, 0x00,
    0x00, 0x03, 0x00, 0x00, 0x00, 0x00, 0x00, 0x00, 0x00, 0x00, 0x00, 0x00, 0x30, 0x00, 0x00, 0x00,
    0x00, 0x00, 0x00, 0x00, 0x00, 0x00, 0x00, 0x00, 0x00, 0x00, 0x00, 0x00, 0x00, 0x00, 0x00, 0x00,
    0x00, 0x00, 0x00, 0x00, 0x00, 0x00, 0x00, 0x00, 0x00, 0x0c, 0x0c, 0x00, 0x00, 0x00, 0x00, 0x00,
    0x00, 0x00, 0x00, 0x30, 0x00, 0x30, 0x00, 0x30, 0x0c, 0x00, 0x00, 0x00, 0x00, 0x00, 0x03, 0x00,
    0x00, 0x00, 0x30, 0x00, 0x00, 0x00, 0x03, 0x0c, 0x0c, 0xcc, 0xcc, 0x30, 0xcc, 0xcc, 0xcc, 0xcc,
    0xc3, 0x0c, 0xc3, 0x0c, 0xcc, 0xcc, 0xcc, 0xcc, 0x0c, 0xf3, 0xf3, 0xfc, 0xcf, 0x3c, 0xcc, 0xcc,
    0xcc, 0xcc, 0xcc, 0xcc, 0xcc, 0xcc, 0xc3, 0x30, 0xc0, 0x00, 0x30, 0x00, 0x00, 0x00, 0x00, 0x00,
    0x30, 0x00, 0x00, 0x00, 0x00, 0x00, 0x03, 0x00, 0x00, 0x30, 0x00, 0x00, 0x00, 0x00, 0x0c, 0x00,
    0x00, 0x00, 0x00, 0x00, 0x00, 0x00, 0x00, 0x00, 0x00, 0x00, 0x00, 0x00, 0x00, 0x00, 0x00, 0x00,
    0x00, 0x00, 0x00, 0x00, 0x00, 0x00, 0x00, 0x00, 0x00, 0x00, 0x00, 0x00, 0x00, 0x00, 0x00, 0x00,
    0x03, 0x00, 0x00, 0x00, 0x30, 0x00, 0x00, 0x30, 0x00, 0x00, 0x00, 0x00, 0x03, 0x00, 0x00, 0x00,
    0x00, 0x00, 0x03, 0x00, 0x00, 0x00, 0x30, 0x00, 0x00, 0x00, 0x00, 0x00, 0x03, 0x00, 0x00, 0xc3,
    0x33, 0x33, 0x33, 0x33, 0x33, 0x33, 0x33, 0x33, 0x30, 0xcc, 0x33, 0x33, 0x33, 0x33, 0x33, 0x33,
    0x30, 0xfc, 0xfc, 0xcf, 0xf3, 0xcf, 0x33, 0x33, 0x33, 0x33, 0x33, 0x33, 0x33, 0x0c, 0x30, 0x0c,
    0x03, 0x03, 0x00, 0x00, 0x00, 0x00, 0x00, 0x03, 0x00, 0x00, 0x00, 0x00, 0x00, 0x00, 0x00, 0x00,
    0x30, 0x00, 0x00, 0x00, 0x00, 0x00, 0x00, 0x00, 0x00, 0x00, 0x00, 0x00, 0x00, 0x00, 0x00, 0x00,
    0x00, 0x00, 0x00, 0x00, 0x00, 0x00, 0x00, 0x00, 0x00, 0x00, 0x00, 0x00, 0x00, 0x00, 0x00, 0x00,
    0x00, 0x00, 0x00, 0x00, 0x00, 0x03, 0x00, 0x00, 0x00, 0x00, 0x00, 0x0c, 0x00, 0x00, 0x30, 0x00,
    0x00, 0x00, 0x00, 0x00, 0x00, 0x00, 0x0c, 0x00, 0x00, 0x00, 0x00, 0x00, 0x00, 0x0c, 0x00, 0x00,
    0x00, 0x00, 0x00, 0x03, 0x00, 0x00, 0x33, 0x30, 0xcc, 0xcc, 0xcc, 0xcc, 0xcc, 0xcc, 0xcc, 0xc3,
    0x33, 0x33, 0x30, 0xcc, 0xcc, 0xcc, 0xcc, 0xcc, 0x0c, 0xcf, 0x3f, 0xf3, 0x3c, 0xf3, 0xcc, 0xcc,
    0xcc, 0xcc, 0xcc, 0xcc, 0xcc, 0xc3, 0x33, 0x30, 0xc0, 0x00, 0x00, 0x00, 0x00, 0x00, 0x00, 0x30,
    0x00, 0x00, 0x00, 0x00, 0x00, 0x00, 0x00, 0x00, 0x00, 0x00, 0x00, 0x00, 0x00, 0x00, 0x00, 0x00,
    0x00, 0x00, 0x00, 0x00, 0x00, 0x00, 0x00, 0x00, 0x00, 0x00, 0x00, 0x00, 0x00, 0x00, 0x00, 0x00,
    0x00, 0x00, 0x00, 0x00, 0x00, 0x00, 0x00, 0x00, 0x00, 0x00, 0x00, 0x00, 0x00, 0x30, 0x00, 0x00,
    0x00, 0x00, 0x00, 0x00, 0x00, 0x0c, 0x00, 0x00, 0x00, 0x00, 0x00, 0x00, 0x30, 0x00, 0x00, 0x03,
    0x00, 0x00, 0xc0, 0x00, 0x00, 0xc0, 0x00, 0x00, 0x00, 0x00, 0x00, 0xc0, 0x00, 0x03, 0x00, 0x0c,
    0x33, 0x33, 0x33, 0x33, 0x33, 0x33, 0x33, 0x33, 0x33, 0x33, 0x0c, 0xc3, 0x33, 0x33, 0x33, 0x33,
    0x33, 0xf3, 0xcc, 0xff, 0xcf, 0x3c, 0xcf, 0x33, 0x33, 0x0c, 0x33, 0x33, 0x33, 0x33, 0x0c, 0x0c,
    0x00, 0x00, 0x00, 0x00, 0x00, 0xc0, 0x03, 0x00, 0x00, 0x00, 0x00, 0x00, 0x00, 0x00, 0x00, 0x00,
    0x00, 0x00, 0x00, 0x00, 0x00, 0x00, 0x00, 0x00, 0x00, 0x00, 0x00, 0x00, 0x00, 0x00, 0x00, 0x00,
    0x00, 0x00, 0x00, 0x00, 0x00, 0x00, 0x00, 0x00, 0x00, 0x00, 0x00, 0x00, 0x00, 0x00, 0x00, 0x0c,
    0x00, 0x00, 0x00, 0x00, 0x03, 0x00, 0x00, 0x00, 0x00, 0x00, 0x00, 0x00, 0x00, 0x00, 0x00, 0x00,
    0x00, 0xc0, 0x30, 0x03, 0x00, 0x03, 0x00, 0x00, 0x00, 0xc0, 0x00, 0x00, 0x00, 0x00, 0x00, 0x00,
    0x00, 0x03, 0x00, 0x00, 0x00, 0xc0, 0x0c, 0xcc, 0xcc, 0x30, 0xcc, 0xcc, 0xcc, 0xcc, 0xcc, 0xcc,
    0xcc, 0xcc, 0xcc, 0x33, 0x0c, 0xcc, 0xcc, 0xc3, 0x03, 0x3f, 0xff, 0x33, 0x33, 0xcc, 0xf3, 0x33,
    0x30, 0xcc, 0xcc, 0xcc, 0xcc, 0xcc, 0xc3, 0x30, 0xc0, 0x00, 0x00, 0x03, 0x00, 0x00, 0x00, 0x00,
    0x00, 0x00, 0x00, 0x00, 0x00, 0x00, 0x00, 0x00, 0x00, 0x00, 0x00, 0x00, 0x00, 0x00, 0x00, 0x00,
    0x00, 0x00, 0x00, 0x00, 0x00, 0x00, 0x00, 0x00, 0x00, 0x00, 0x00, 0x00, 0x00, 0x00, 0x00, 0x00,
    0x00, 0x00, 0x03, 0x00, 0xc0, 0x00, 0x00, 0xc0, 0x00, 0x00, 0x00, 0x00, 0x00, 0x00, 0x00, 0x00,
    0x03, 0x03, 0x03, 0x00, 0x03, 0x00, 0x00, 0x00, 0x0c, 0x00, 0x00, 0x00, 0x00, 0x30, 0x00, 0xc0,
    0x0c, 0x00, 0x00, 0x0c, 0x0c, 0x00, 0x00, 0x00, 0x00, 0x00, 0x00, 0x00, 0x30, 0x00, 0x30, 0x30,
    0x33, 0x0c, 0xc3, 0x33, 0x33, 0x33, 0x33, 0x33, 0x33, 0x33, 0x33, 0x33, 0x33, 0x33, 0x33, 0x30,
    0xcc, 0xf3, 0x33, 0xcf, 0xfc, 0xf3, 0x33, 0x33, 0x33, 0x33, 0x33, 0x33, 0x33, 0x33, 0x30, 0xcc,
    0x00, 0x00, 0x00, 0x00, 0x00, 0x00, 0x00, 0x00, 0x00, 0x00, 0x30, 0x00, 0x00, 0xc0, 0x30, 0x00,
    0x00, 0x00, 0x00, 0x00, 0x00, 0x00, 0x00, 0x00, 0x00, 0x00, 0x00, 0x00, 0x00, 0x00, 0x00, 0x00,
    0x00, 0x00, 0x00, 0x00, 0x30, 0x00, 0x00, 0x00, 0x00, 0x00, 0x30, 0x00, 0x00, 0x0c, 0x00, 0x00,
    0x00, 0x00, 0x00, 0x00, 0x00, 0x00, 0x00, 0x00, 0x00, 0x00, 0x00, 0x00, 0x30, 0x00, 0x00, 0x00,
    0xc0, 0x00, 0x00, 0x00, 0x00, 0x00, 0x00, 0x00, 0x00, 0x00, 0x00, 0xc0, 0x00, 0x00, 0x00, 0x00,
    0x00, 0xc0, 0x00, 0x03, 0x00, 0x00, 0x0c, 0xcc, 0xc3, 0x33, 0x33, 0x33, 0x33, 0x33, 0x33, 0x33,
    0x0c, 0xc3, 0x0c, 0xcc, 0xcc, 0xcc, 0xc3, 0x0c, 0x0f, 0x3f, 0xfc, 0xf3, 0x33, 0x3c, 0xcc, 0xcc,
    0xcc, 0xcc, 0xcc, 0xcc, 0xcc, 0xc3, 0x0c, 0x00, 0xc0, 0x00, 0x00, 0x00, 0x00, 0x00, 0x00, 0x00,
    0x00, 0x00, 0x00, 0x03, 0x00, 0x00, 0x00, 0x00, 0x00, 0x00, 0x00, 0x00, 0x00, 0x00, 0x00, 0x00,
    0x00, 0x00, 0x00, 0x03, 0x00, 0x00, 0x00, 0x00, 0x00, 0x00, 0x00, 0x00, 0x00, 0x00, 0x00, 0x00,
    0x00, 0x00, 0x00, 0x00, 0x00, 0x00, 0x00, 0x00, 0x00, 0x00, 0x00, 0x00, 0x00, 0x00, 0x00, 0x00,
    0x00, 0x00, 0x00, 0x03, 0x00, 0x00, 0x03, 0x00, 0x00, 0x00, 0x00, 0x00, 0x00, 0x00, 0x30, 0x00,
    0xc0, 0x00, 0x30, 0x00, 0x00, 0x00, 0x00, 0x00, 0x30, 0x00, 0x00, 0x00, 0x00, 0x03, 0x0c, 0x30,
    0xcc, 0xcc, 0xcc, 0xcc, 0xcc, 0xcc, 0xcc, 0xcc, 0xcc, 0x33, 0x33, 0x0c, 0xcc, 0xcc, 0x30, 0xc3,
    0x0f, 0xf3, 0x3f, 0x3f, 0x3f, 0xcc, 0xcc, 0xcc, 0xcc, 0xcc, 0x33, 0x33, 0x33, 0x30, 0xc3, 0x30,
    0x00, 0x30, 0x00, 0xc0, 0x00, 0x00, 0x00, 0x00, 0x00, 0x00, 0x00, 0x00, 0x00, 0x00, 0x00, 0x00,
    0xc0, 0x00, 0x00, 0x00, 0x00, 0x00, 0x00, 0x00, 0x00, 0x00, 0x00, 0x00, 0x00, 0x00, 0x00, 0x00,
    0x00, 0x00, 0x0c, 0x00, 0x00, 0x00, 0x00, 0x00, 0x0c, 0x00, 0x00, 0x00, 0x00, 0x00, 0x00, 0x00,
    0x00, 0x00, 0x00, 0x00, 0x00, 0x00, 0x00, 0x00, 0x00, 0x0c, 0x00, 0x00, 0x00, 0x00, 0xc0, 0x00,
    0x00, 0x00, 0x00, 0x30, 0x03, 0x00, 0x00, 0x0c, 0x00, 0x0c, 0x00, 0x00, 0x00, 0x00, 0x00, 0x0c,
    0x00, 0x00, 0x00, 0x00, 0x00, 0xc0, 0x33, 0x0c, 0x33, 0x33, 0x33, 0x33, 0x33, 0x33, 0x33, 0x33,
    0x33, 0x33, 0x30, 0xc3, 0x33, 0x33, 0x33, 0x30, 0xcc, 0xff, 0xcf, 0xcf, 0xcc, 0xcc, 0xcc, 0xcc,
    0xcc, 0xcc, 0xcc, 0xcc, 0xcc, 0xcc, 0xcc, 0xcc, 0x03, 0x00, 0x0c, 0x00, 0x00, 0x00, 0x30, 0x00,
    0x00, 0x00, 0x00, 0x00, 0x00, 0x00, 0x00, 0x00, 0x00, 0x00, 0x00, 0x0c, 0x00, 0x00, 0x00, 0x00,
    0x0c, 0x00, 0x00, 0x00, 0x00, 0x00, 0x00, 0x00, 0x00, 0x03, 0x00, 0x00, 0x00, 0x00, 0x0c, 0x00,
    0x00, 0x00, 0x00, 0x00, 0x00, 0x00, 0x00, 0x00, 0x00, 0x00, 0x00, 0x30, 0x00, 0x00, 0x00, 0x00,
    0x00, 0xc0, 0x0c, 0x00, 0x00, 0x00, 0x00, 0x00, 0x00, 0x00, 0xc0, 0x00, 0x00, 0x03, 0x00, 0xc0,
    0x00, 0x00, 0x00, 0x00, 0x00, 0x00, 0x00, 0xc0, 0x00, 0x00, 0x00, 0xc0, 0x0c, 0x00, 0x0c, 0xc3,
    0x0c, 0xcc, 0xcc, 0xcc, 0xcc, 0xcc, 0xcc, 0xcc, 0xcc, 0xcc, 0xcc, 0xcc, 0xc3, 0x33, 0x33, 0x0c,
    0x0f, 0x33, 0xf3, 0xf3, 0x33, 0x33, 0x33, 0x33, 0x33, 0x33, 0x33, 0x33, 0x33, 0x33, 0x03, 0x03,
    0x00, 0x00, 0x00, 0x00, 0x00, 0x00, 0x00, 0x00, 0x00, 0x00, 0x00, 0x00, 0x00, 0x00, 0x00, 0x00,
    0x00, 0x00, 0x03, 0x00, 0x00, 0xc0, 0x30, 0x00, 0x00, 0x03, 0x00, 0x00, 0x00, 0x00, 0x00, 0x00,
    0x00, 0x00, 0x00, 0x00, 0x00, 0x00, 0x00, 0x00, 0x00, 0x00, 0x00, 0x00, 0x00, 0x00, 0x00, 0x00,
    0x00, 0x00, 0x30, 0x00, 0x00, 0x00, 0x00, 0x00, 0x00, 0x00, 0x00, 0x00, 0x00, 0x30, 0x00, 0x00,
    0x00, 0x00, 0x00, 0x00, 0x00, 0x00, 0x00, 0x00, 0x00, 0xc0, 0x00, 0x00, 0xc0, 0x0c, 0x00, 0x00,
    0x00, 0x00, 0x00, 0x00, 0x00, 0x03, 0x30, 0x30, 0xc3, 0x0c, 0xcc, 0xcc, 0xcc, 0xcc, 0xc3, 0x33,
    0x33, 0x33, 0x30, 0xcc, 0x33, 0x33, 0x30, 0xc3, 0x33, 0xfc, 0xfc, 0xcf, 0x3c, 0xcc, 0xcc, 0xcc,
    0xcc, 0xcc, 0xcc, 0xcc, 0xcc, 0x30, 0xcc, 0xc0, 0x00, 0x00, 0x00, 0x00, 0x00, 0x30, 0x00, 0x00,
    0x00, 0x0c, 0x00, 0x00, 0x00, 0x00, 0x00, 0x00, 0x00, 0x0c, 0x00, 0x00, 0x00, 0x00, 0x00, 0x00,
    0x00, 0x00, 0x00, 0x00, 0x00, 0x00, 0x00, 0x00, 0x00, 0x00, 0x00, 0x00, 0x00, 0x00, 0x00, 0x00,
    0x00, 0x00, 0x00, 0x00, 0x00, 0x00, 0x00, 0x00, 0x00, 0x00, 0x00, 0x00, 0x00, 0x00, 0x00, 0x00,
    0x00, 0x00, 0x00, 0x30, 0x03, 0x00, 0x00, 0x03, 0x00, 0x00, 0x00, 0x00, 0x00, 0x00, 0x00, 0x00,
    0x0c, 0x00, 0x00, 0x30, 0x00, 0xc0, 0x00, 0x00, 0x00, 0x00, 0x00, 0x00, 0x00, 0x00, 0x0c, 0xcc,
    0xcc, 0xcc, 0x33, 0x33, 0x33, 0x33, 0x33, 0x0c, 0xcc, 0xcc, 0x33, 0x33, 0x33, 0x33, 0x0c, 0xcc,
    0x3c, 0xcf, 0x3f, 0xf3, 0xcf, 0x33, 0x33, 0x33, 0x33, 0x33, 0x33, 0x33, 0x33, 0x0c, 0x30, 0x33,
    0x00, 0x00, 0x00, 0x00, 0x03, 0x00, 0x00, 0x00, 0x00, 0xc0, 0x00, 0xc0, 0x00, 0x00, 0x00, 0x00,
    0x00, 0x00, 0x00, 0x00, 0x00, 0x00, 0x00, 0x00, 0x00, 0x00, 0x00, 0x00, 0x00, 0x00, 0x00, 0x00,
    0x00, 0x00, 0x00, 0x00, 0x00, 0x00, 0x00, 0x00, 0x00, 0x00, 0x00, 0x00, 0x00, 0x00, 0x00, 0x00,
    0x00, 0x00, 0x00, 0x00, 0x00, 0x00, 0x00, 0x00, 0x00, 0x00, 0x00, 0x00, 0x30, 0x00, 0x00, 0xc0,
    0x00, 0x30, 0x00, 0x00, 0x0c, 0x0c, 0x0c, 0x00, 0xc0, 0x00, 0x0c, 0x00, 0x00, 0x00, 0x00, 0x00,
    0x00, 0x00, 0x00, 0x00, 0xc0, 0xc3, 0x30, 0x30, 0xcc, 0xc3, 0x33, 0x33, 0x33, 0x33, 0x33, 0x33,
    0x33, 0x33, 0x33, 0x0c, 0xcc, 0xcc, 0xcc, 0x33, 0x0f, 0x33, 0xcc, 0xcc, 0xcc, 0xcf, 0x3c, 0xcc,
    0xcc, 0xcc, 0xcc, 0xcc, 0xcc, 0xcc, 0xcc, 0xc0, 0x03, 0x00, 0x00, 0x00, 0x00, 0x00, 0x00, 0x00,
    0x0c, 0x00, 0x00, 0x00, 0x00, 0x00, 0x00, 0x30, 0x00, 0x00, 0x00, 0x00, 0x00, 0x00, 0x00, 0x00,
    0x00, 0x00, 0x00, 0x00, 0x00, 0x00, 0x00, 0x00, 0x00, 0x00, 0x00, 0x00, 0x00, 0x00, 0x00, 0x00,
    0x00, 0x00, 0x00, 0x00, 0x00, 0x00, 0x00, 0x00, 0x00, 0x00, 0x00, 0x00, 0x00, 0x00, 0x00, 0x00,
    0x03, 0x00, 0xc0, 0x00, 0x00, 0x00, 0x0c, 0x00, 0x00, 0x00, 0x00, 0x00, 0xc0, 0x00, 0x00, 0x0c,
    0x00, 0x00, 0xc0, 0x00, 0x00, 0x00, 0x00, 0x00, 0x00, 0x00, 0x30, 0x00, 0x00, 0x00, 0x0c, 0xcc,
    0x30, 0xcc, 0xcc, 0xcc, 0xcc, 0xcc, 0xcc, 0xcc, 0xcc, 0x33, 0x0c, 0xcc, 0xcc, 0xc3, 0x33, 0x00,
    0xf3, 0xfc, 0xfc, 0xf3, 0x33, 0x33, 0xcc, 0xf3, 0xcc, 0xcc, 0xcc, 0xcc, 0xcc, 0xc3, 0x03, 0x0c,
    0x00, 0x00, 0xc0, 0x00, 0x00, 0x00, 0x00, 0x00, 0xc0, 0x00, 0x00, 0x00, 0x03, 0x00, 0x30, 0x00,
    0x03, 0x00, 0x00, 0x00, 0x00, 0x00, 0x00, 0x00, 0x00, 0x00, 0x00, 0x0c, 0x00, 0x00, 0x00, 0x00,
    0x03, 0x00, 0x00, 0x00, 0x00, 0x00, 0x00, 0x00, 0x00, 0x00, 0x00, 0x00, 0x00, 0x00, 0x00, 0x00,
    0x00, 0x00, 0x00, 0x00, 0x00, 0x00, 0x00, 0x00, 0x00, 0x00, 0x00, 0x00, 0x00, 0x00, 0x00, 0x00,
    0x00, 0x00, 0x03, 0x00, 0x00, 0x00, 0x00, 0x00, 0x00, 0x00, 0x00, 0x00, 0x00, 0x00, 0x03, 0x00,
    0x00, 0x03, 0x00, 0x00, 0x00, 0x03, 0x33, 0x33, 0x0c, 0xcc, 0xcc, 0xcc, 0x33, 0x33, 0x33, 0x33,
    0x33, 0x30, 0xcc, 0xcc, 0x33, 0x33, 0x0c, 0xcc, 0x3c, 0xcf, 0x33, 0x3c, 0xfc, 0xf3, 0x33, 0x33,
    0x33, 0x33, 0x33, 0x33, 0x33, 0x30, 0xcc, 0xc0, 0x30, 0x00, 0x00, 0x03, 0x00, 0x00, 0x00, 0x00,
    0x00, 0x00, 0x00, 0x00, 0x00, 0x00, 0x00, 0x00, 0x00, 0x00, 0x00, 0x00, 0x00, 0x00, 0x00, 0x00,
    0x00, 0x00, 0x00, 0x00, 0x00, 0x00, 0x00, 0x00, 0x30, 0x00, 0x00, 0x00, 0x00, 0x00, 0x00, 0x00,
    0x00, 0x00, 0x00, 0x00, 0x00, 0x00, 0x00, 0x00, 0x00, 0x00, 0x00, 0x00, 0x00, 0x00, 0x00, 0x00,
    0x00, 0x00, 0x00, 0xc0, 0x00, 0x00, 0x00, 0x00, 0x00, 0x00, 0x00, 0x00, 0x00, 0x00, 0x03, 0x00,
    0x00, 0x30, 0x00, 0x03, 0x00, 0x00, 0x00, 0x00, 0x03, 0x00, 0x00, 0x00, 0x00, 0x03, 0x00, 0xc3,
    0x33, 0x33, 0x33, 0x33, 0x33, 0x33, 0x33, 0x33, 0x0c, 0xcc, 0xcc, 0x33, 0x30, 0xcc, 0xcc, 0x30,
    0xcf, 0xf3, 0xff, 0xcf, 0x33, 0x33, 0x33, 0x33, 0x33, 0x33, 0x33, 0x33, 0x33, 0x0c, 0xc0, 0x0c,
    0x00, 0x00, 0x00, 0x30, 0x00, 0x00, 0x00, 0x00, 0x00, 0x00, 0x00, 0x00, 0x00, 0x00, 0x00, 0x00,
    0x00, 0x00, 0x00, 0x00, 0x00, 0x00, 0x00, 0x00, 0xc0, 0x00, 0x00, 0x00, 0x00, 0x00, 0x00, 0x0c,
    0x00, 0x00, 0x00, 0x00, 0x00, 0x03, 0x00, 0x00, 0x00, 0x00, 0x00, 0x00, 0x00, 0x00, 0x00, 0x00,
    0x00, 0x0c, 0x00, 0x00, 0x00, 0x00, 0x00, 0x00, 0x00, 0x30, 0x0c, 0x00, 0xc0, 0x0c, 0x00, 0x00,
    0x0c, 0x00, 0x00, 0x00, 0x00, 0x00, 0xc0, 0x00, 0x30, 0x00, 0x03, 0x00, 0x03, 0x00, 0x00, 0x00,
    0xc0, 0x00, 0x00, 0x00, 0x03, 0x00, 0xcc, 0x30, 0xcc, 0x30, 0xcc, 0xcc, 0xcc, 0xcc, 0xcc, 0xcc,
    0xcc, 0x33, 0x33, 0x33, 0x33, 0x33, 0x33, 0x0c, 0xcc, 0xcc, 0xcc, 0xcc, 0xcc, 0xcc, 0xcc, 0xcc,
    0xcc, 0xcc, 0xcc, 0xcc, 0xcc, 0xcc, 0x33, 0x00, 0x00, 0x00, 0x00, 0x00, 0x00, 0x00, 0x00, 0xc0,
    0x00, 0x00, 0x00, 0x00, 0x00, 0x00, 0x00, 0x00, 0x00, 0x00, 0x03, 0x00, 0x00, 0x00, 0x00, 0x00,
    0x00, 0x00, 0x00, 0x00, 0x00, 0x00, 0x03, 0x00, 0x00, 0x00, 0x00, 0x00, 0x00, 0x00, 0x00, 0x00,
    0x00, 0x00, 0x00, 0x00, 0x00, 0x00, 0x00, 0x30, 0x03, 0x00, 0x00, 0x00, 0x00, 0x00, 0x00, 0x00,
    0x03, 0x00, 0x00, 0x00, 0x00, 0xc0, 0x00, 0x00, 0x00, 0x03, 0x00, 0x00, 0x00, 0x00, 0x00, 0x0c,
    0x00, 0x00, 0xc0, 0x00, 0x00, 0x00, 0xc0, 0x00, 0x00, 0x00, 0x00, 0x0c, 0x00, 0x0c, 0x33, 0x33,
    0x03, 0x33, 0x30, 0xc3, 0x33, 0x33, 0x33, 0x33, 0x33, 0x33, 0x0c, 0xc3, 0x33, 0x33, 0x0c, 0xc0,
    0xcc, 0xff, 0x33, 0x3c, 0xfc, 0xf3, 0xf3, 0x33, 0x33, 0x33, 0x33, 0x33, 0x33, 0x33, 0x0c, 0xcc,
    0x00, 0x30, 0x00, 0x00, 0x00, 0x00, 0x00, 0x00, 0x00, 0x00, 0x00, 0x00, 0x00, 0x00, 0x00, 0x00,
    0x00, 0x00, 0x30, 0x00, 0x0c, 0x03, 0x00, 0x00, 0x00, 0x00, 0x00, 0x00, 0x00, 0x00, 0x30, 0x00,
    0x00, 0x00, 0x00, 0x00, 0x00, 0x00, 0x00, 0x00, 0x00, 0x00, 0x00, 0xc0, 0x00, 0x00, 0x0c, 0x00,
    0x00, 0x00, 0x00, 0x00, 0x00, 0x00, 0x00, 0x00, 0x00, 0x00, 0x00, 0x00, 0x00, 0x00, 0x0c, 0x03,
    0x00, 0x00, 0x00, 0x0c, 0x00, 0x0c, 0x00, 0x00, 0x00, 0xc0, 0x00, 0x00, 0x00, 0x00, 0x00, 0x00,
    0x00, 0x00, 0x00, 0x00, 0x00, 0x03, 0x0c, 0x30, 0xcc, 0xcc, 0xcc, 0xcc, 0xcc, 0xcc, 0xcc, 0xcc,
    0xcc, 0xcc, 0xcc, 0x33, 0x33, 0x30, 0xc0, 0x33, 0x33, 0x33, 0xf3, 0xcf, 0x33, 0x3c, 0xcc, 0xcc,
    0xcc, 0xcc, 0xf3, 0xcc, 0xcc, 0x0c, 0xc0, 0x00, 0x0c, 0x00, 0x30, 0x00, 0x00, 0x00, 0x30, 0x00,
    0x00, 0x00, 0x00, 0x03, 0x00, 0x00, 0x00, 0x00, 0x00, 0x00, 0x00, 0x00, 0x00, 0x00, 0x00, 0x30,
    0x00, 0x00, 0x00, 0x00, 0x00, 0xc0, 0x00, 0x00, 0x00, 0x00, 0x00, 0x00, 0x00, 0x00, 0x00, 0x00,
    0x00, 0x00, 0x00, 0x00, 0x00, 0x03, 0x00, 0x00, 0x00, 0x00, 0x00, 0x00, 0x00, 0x00, 0x00, 0x00,
    0x00, 0x00, 0xc0, 0x0c, 0x00, 0x00, 0x00, 0x00, 0x00, 0x00, 0x00, 0xc0, 0x03, 0x00, 0x00, 0xc0,
    0x0c, 0x00, 0x00, 0x0c, 0x00, 0x00, 0x00, 0x0c, 0x00, 0x00, 0x00, 0x00, 0x00, 0x00, 0xc3, 0x0c,
    0xcc, 0x33, 0x33, 0x33, 0x33, 0x33, 0x33, 0x33, 0x33, 0x33, 0x33, 0x33, 0x30, 0xcc, 0xcc, 0xc0,
    0xcf, 0xcc, 0xcc, 0xcc, 0xcf, 0x33, 0x33, 0x33, 0x33, 0x33, 0x33, 0x33, 0x33, 0xc3, 0x33, 0x30,
    0x00, 0x00, 0x00, 0x00, 0x00, 0x30, 0x00, 0x00, 0x00, 0x00, 0x00, 0x30, 0x00, 0x03, 0x00, 0x00,
    0x30, 0x0c, 0x00, 0x00, 0x00, 0x00, 0x00, 0x00, 0x00, 0x00, 0x30, 0x00, 0x00, 0x00, 0x00, 0x00,
    0x00, 0x00, 0x00, 0x00, 0x00, 0x00, 0x00, 0x00, 0x00, 0x00, 0x00, 0x00, 0x00, 0xc0, 0x00, 0x00,
    0x00, 0x00, 0x00, 0x00, 0x00, 0x00, 0x00, 0x00, 0x00, 0x00, 0x00, 0xc0, 0x0c, 0x00, 0xc0, 0x30,
    0x00, 0x00, 0x00, 0x00, 0x00, 0x00, 0x00, 0x00, 0xc0, 0x00, 0x03, 0x00, 0x0c, 0x00, 0x00, 0xc0,
    0x00, 0x00, 0x00, 0x00, 0x00, 0x0c, 0x30, 0xcc, 0x33, 0x30, 0xcc, 0xcc, 0xcc, 0xc3, 0x0c, 0xcc,
    0x33, 0x0c, 0x33, 0x30, 0xcc, 0xcc, 0x33, 0x0c, 0xcc, 0xff, 0x3f, 0x3c, 0xf3, 0xcc, 0xcc, 0xcf,
    0x3c, 0xcf, 0x33, 0x33, 0x30, 0x33, 0x0c, 0x00, 0xc0, 0x00, 0x00, 0x00, 0x03, 0x00, 0x00, 0x00,
    0x00, 0x00, 0x03, 0x00, 0x00, 0x00, 0x00, 0x0c, 0x00, 0x00, 0x00, 0x00, 0x00, 0x00, 0x00, 0x00,
    0x00, 0x00, 0x00, 0x03, 0x00, 0x00, 0x00, 0x00, 0x00, 0x00, 0x00, 0x00, 0x00, 0x00, 0x00, 0x00,
    0x00, 0x00, 0x30, 0x00, 0x00, 0x00, 0x00, 0x00, 0x00, 0x00, 0x00, 0x00, 0x00, 0x00, 0x00, 0x00,
    0x00, 0x30, 0x00, 0x00, 0x00, 0x0c, 0x00, 0x00, 0x00, 0x00, 0x00, 0x00, 0x00, 0x00, 0x00, 0x00,
    0x00, 0x03, 0x00, 0x00, 0x00, 0x03, 0x00, 0x00, 0x00, 0x00, 0xc0, 0x00, 0x0c, 0x03, 0x0c, 0x33,
    0x0c, 0xcc, 0xc3, 0x33, 0x33, 0x33, 0x33, 0x33, 0x30, 0xcc, 0xcc, 0x33, 0x33, 0x33, 0x30, 0xc0,
    0x33, 0x33, 0xcc, 0xcf, 0x3c, 0xcf, 0x33, 0xcc, 0xcc, 0xf3, 0x33, 0x33, 0x33, 0x33, 0x33, 0x30,
    0x00, 0x00, 0x00, 0x30, 0x30, 0x00, 0x00, 0x00, 0x00, 0x00, 0x00, 0x00, 0x00, 0x00, 0x00, 0x00,
    0x00, 0x00, 0x00, 0x00, 0x00, 0x00, 0x00, 0x00, 0x00, 0x00, 0x00, 0x00, 0x00, 0x00, 0x00, 0x00,
    0x00, 0x00, 0x00, 0x00, 0x00, 0x00, 0x00, 0x00, 0x00, 0x00, 0x00, 0x00, 0x00, 0x00, 0x00, 0x00,
    0x00, 0x00, 0x00, 0x00, 0x00, 0x00, 0x00, 0x00, 0x03, 0x00, 0x00, 0x00, 0x00, 0x00, 0x00, 0x00,
    0x0c, 0x0c, 0x00, 0x00, 0x00, 0x00, 0x00, 0x00, 0x00, 0x30, 0x00, 0x00, 0x00, 0x00, 0x00, 0x00,
    0x00, 0x30, 0x00, 0x30, 0x00, 0x0c, 0xcc, 0xcc, 0xc3, 0x33, 0x33, 0x33, 0x0c, 0xcc, 0xcc, 0xcc,
    0xcc, 0xcc, 0xc3, 0x33, 0x30, 0xcc, 0xcc, 0x03, 0x3f, 0xcc, 0xf3, 0xf3, 0xcc, 0xf3, 0x3c, 0xcc,
    0xcc, 0xcc, 0xcc, 0xcc, 0xcc, 0xcc, 0xc0, 0x00, 0x00, 0x30, 0x30, 0x00, 0x00, 0x00, 0x00, 0x00,
    0x30, 0x03, 0x00, 0x00, 0x00, 0x00, 0x00, 0x00, 0x00, 0x00, 0x00, 0x00, 0x00, 0x00, 0x00, 0x00,
    0x00, 0x00, 0x00, 0x00, 0x00, 0x00, 0x00, 0x00, 0x00, 0x00, 0x00, 0x00, 0x00, 0x00, 0x00, 0x00,
    0x30, 0x00, 0x00, 0x00, 0x00, 0x00, 0x00, 0x00, 0x00, 0x00, 0x00, 0x00, 0x00, 0x0c, 0x00, 0x00,
    0x00, 0x00, 0x0c, 0x00, 0xc0, 0x00, 0x00, 0x00, 0xc0, 0x00, 0x00, 0x00, 0x00, 0x00, 0x0c, 0x0c,
    0x03, 0x00, 0x00, 0x30, 0xc0, 0x00, 0x00, 0x00, 0x03, 0x00, 0x00, 0x00, 0x00, 0x00, 0x30, 0x30,
    0x33, 0x0c, 0xcc, 0xcc, 0xcc, 0x33, 0x33, 0x33, 0x33, 0x33, 0x33, 0x0c, 0xcc, 0xc3, 0x03, 0x30,
    0xcc, 0xff, 0x3c, 0xfc, 0xcf, 0x33, 0xcc, 0xf3, 0x33, 0x33, 0x33, 0x33, 0x33, 0x33, 0x33, 0x00,
    0x03, 0x00, 0x00, 0x00, 0x00, 0x00, 0x00, 0x00, 0x00, 0x00, 0x00, 0x00, 0x00, 0x00, 0x00, 0x00,
    0x00, 0x00, 0x00, 0x00, 0x00, 0x00, 0x00, 0x00, 0x00, 0x30, 0x00, 0x00, 0x00, 0x00, 0x00, 0x00,
    0x00, 0x00, 0x00, 0x00, 0x00, 0x30, 0x00, 0x00, 0x00, 0x00, 0x00, 0x00, 0x00, 0x00, 0x00, 0x00,
    0x00, 0x00, 0x00, 0x00, 0xc0, 0x00, 0x00, 0x00, 0x00, 0x00, 0x00, 0x0c, 0x00, 0xc0, 0x0c, 0x0c,
    0x00, 0x00, 0x0c, 0x00, 0x00, 0x00, 0xc0, 0x00, 0x00, 0x00, 0x0c, 0x00, 0x00, 0x00, 0x0c, 0x00,
    0x00, 0x00, 0x00, 0x00, 0x00, 0x33, 0x0c, 0xcc, 0xcc, 0xc3, 0x33, 0x33, 0x33, 0x33, 0x0c, 0xcc,
    0xcc, 0xcc, 0xcc, 0xcc, 0xcc, 0x30, 0xcc, 0x00, 0x33, 0x33, 0xcf, 0x33, 0xcc, 0xcc, 0xcc, 0xcc,
    0xcc, 0xcc, 0xcc, 0xcc, 0x30, 0xcc, 0x00, 0x30, 0x30, 0x00, 0x00, 0x00, 0x00, 0x00, 0x00, 0x00,
    0x00, 0x00, 0x00, 0x00, 0x00, 0x0c, 0x00, 0x00, 0x00, 0x00, 0x00, 0x00, 0xc0, 0xc0, 0xc0, 0xc0,
    0x0c, 0x00, 0x00, 0x00, 0x00, 0x00, 0x00, 0x00, 0x00, 0x00, 0x00, 0x00, 0x00, 0x00, 0x00, 0x00,
    0x00, 0x00, 0x00, 0x00, 0x00, 0x00, 0x00, 0x00, 0x00, 0x00, 0x00, 0x00, 0x00, 0x00, 0x00, 0x00,
    0x00, 0x00, 0xc0, 0x00, 0x00, 0x00, 0x00, 0x00, 0x00, 0x00, 0x00, 0x03, 0x03, 0x00, 0x00, 0x00,
    0x30, 0x00, 0x00, 0x00, 0x00, 0xc0, 0xc0, 0x00, 0xc0, 0x00, 0x00, 0x00, 0x00, 0x03, 0x30, 0x33,
    0x03, 0x33, 0x0c, 0xcc, 0xcc, 0xcc, 0xcc, 0x33, 0x33, 0x33, 0x33, 0x33, 0x33, 0x33, 0x33, 0x00,
    0xcf, 0xcc, 0xf3, 0xcc, 0xf3, 0xcc, 0xcc, 0xcc, 0xf3, 0x33, 0x33, 0x33, 0x33, 0x33, 0x33, 0x00,
    0x00, 0x00, 0x00, 0x00, 0x00, 0x00, 0x00, 0x30, 0x00, 0x00, 0x00, 0x00, 0x00, 0x00, 0x00, 0xc0,
    0x00, 0x00, 0x00, 0x0c, 0x00, 0x00, 0x00, 0x00, 0x00, 0x00, 0x00, 0x00, 0x00, 0x00, 0x00, 0x00,
    0x00, 0x00, 0x00, 0x00, 0x00, 0x00, 0x00, 0x00, 0x00, 0x00, 0x00, 0x00, 0x00, 0x00, 0x00, 0x00,
    0x00, 0x00, 0x00, 0x00, 0x00, 0x00, 0x00, 0x00, 0x00, 0x30, 0x00, 0x00, 0x00, 0x00, 0xc0, 0x00,
    0x00, 0x0c, 0x00, 0x00, 0x00, 0x00, 0x00, 0x00, 0x00, 0x00, 0xc0, 0x00, 0x0c, 0x00, 0x00, 0x00,
    0x00, 0x00, 0x00, 0x00, 0x00, 0x30, 0x0c, 0xc0, 0xcc, 0xcc, 0xcc, 0x33, 0x33, 0x33, 0x33, 0x33,
    0x0c, 0xc3, 0x0c, 0xcc, 0xcc, 0xcc, 0x00, 0x00, 0x33, 0x3f, 0x3c, 0xff, 0x3c, 0xcf, 0x33, 0x33,
    0x33, 0x33, 0x33, 0x0c, 0xcc, 0xcc, 0xc0, 0x00, 0x00, 0x00, 0xc0, 0xc0, 0xc0, 0x00, 0x03, 0x00,
    0x00, 0x00, 0x00, 0x00, 0x00, 0x00, 0x00, 0x00, 0x00, 0x30, 0x30, 0x00, 0x00, 0x00, 0x00, 0x00,
    0x00, 0x00, 0x00, 0x00, 0x00, 0x00, 0x00, 0x00, 0x00, 0x00, 0x00, 0x00, 0x00, 0x00, 0x00, 0x0c,
    0x00, 0x00, 0x00, 0x00, 0x00, 0x00, 0x00, 0x00, 0x00, 0x00, 0x00, 0x00, 0x00, 0x00, 0x00, 0x00,
    0x03, 0x00, 0x00, 0x00, 0x0c, 0x00, 0x00, 0x00, 0x00, 0xc0, 0x00, 0x00, 0x00, 0x00, 0x00, 0x00,
    0x00, 0x0c, 0x00, 0x30, 0xc0, 0x00, 0x00, 0x0c, 0x00, 0x00, 0x03, 0x00, 0xc0, 0x0c, 0xc3, 0x33,
    0x30, 0x30, 0xcc, 0xcc, 0xc3, 0x0c, 0xcc, 0xcc, 0xcc, 0x30, 0xcc, 0x33, 0x30, 0xc3, 0x33, 0x0c,
    0xcc, 0xcc, 0xcf, 0x33, 0x33, 0x33, 0x3c, 0xcc, 0xcc, 0xcc, 0xcc, 0xcc, 0xcc, 0xcc, 0x33, 0x0c,
    0x00, 0x0c, 0x00, 0x00, 0x00, 0x00, 0xc0, 0x00, 0x00, 0x00, 0x00, 0x00, 0x00, 0x00, 0x00, 0x00,
    0x03, 0x00, 0x00, 0x00, 0x00, 0x00, 0x00, 0x00, 0x00, 0x00, 0x00, 0xc0, 0x00, 0x30, 0x0c, 0x00,
    0x00, 0x00, 0x00, 0x00, 0x00, 0x00, 0x00, 0x00, 0x00, 0x00, 0x00, 0x00, 0x00, 0x00, 0x00, 0x00,
    0x00, 0x00, 0x00, 0x00, 0x00, 0x00, 0x00, 0x00, 0x00, 0x00, 0x03, 0x0c, 0x00, 0x0c, 0x00, 0x30,
    0x00, 0x00, 0x00, 0xc0, 0x00, 0x00, 0x00, 0x30, 0x30, 0x00, 0x00, 0x00, 0x00, 0x00, 0x00, 0x00,
    0x00, 0x00, 0x00, 0x00, 0x00, 0xc3, 0x30, 0xcc, 0xcc, 0xcc, 0xcc, 0xcc, 0x33, 0x33, 0x33, 0x33,
    0x33, 0x33, 0x33, 0x33, 0x0c, 0xcc, 0xcc, 0x00, 0x3f, 0x3f, 0xf3, 0xcc, 0xcc, 0xcc, 0xcc, 0xf3,
    0x33, 0x33, 0x33, 0x33, 0x33, 0x33, 0x00, 0x00, 0x00, 0xc0, 0x00, 0x00, 0x00, 0x30, 0x00, 0x00,
    0x00, 0x30, 0x00, 0x00, 0x03, 0x00, 0x00, 0x00, 0x30, 0x00, 0x00, 0x00, 0x00, 0x00, 0x00, 0x00,
    0xc0, 0x00, 0x00, 0x00, 0x0c, 0x00, 0x00, 0x00, 0xc0, 0x00, 0x00, 0x00, 0x00, 0x00, 0x00, 0x00,
    0x00, 0x00, 0x00, 0x00, 0x00, 0x00, 0x00, 0x00, 0x00, 0x00, 0x00, 0xc0, 0x00, 0x00, 0x00, 0x00,
    0x00, 0x00, 0x00, 0x00, 0x00, 0x00, 0x03, 0x00, 0x30, 0x00, 0x00, 0x00, 0x00, 0x00, 0x00, 0x00,
    0x00, 0x00, 0x03, 0x00, 0x00, 0x00, 0x0c, 0x00, 0x00, 0x03, 0x00, 0x00, 0x00, 0x0c, 0x33, 0x03,
    0x33, 0x0c, 0xcc, 0xc3, 0x33, 0x30, 0xcc, 0xcc, 0xcc, 0xcc, 0xcc, 0xcc, 0xcc, 0x30, 0x00, 0x00,
    0x33, 0x33, 0x3c, 0xf3, 0xf3, 0xcf, 0x33, 0x33, 0xcc, 0xcc, 0xcc, 0xcc, 0xcc, 0xcc, 0xcc, 0xc0,
    0x0c, 0x00, 0x00, 0x00, 0x00, 0x00, 0x00, 0x00, 0x03, 0x00, 0x00, 0x00, 0x30, 0x00, 0x00, 0x00,
    0x00, 0x00, 0x00, 0x00, 0x00, 0x00, 0x00, 0x00, 0x00, 0x00, 0x00, 0x00, 0x00, 0x00, 0x00, 0x00,
    0x00, 0x00, 0x00, 0x00, 0x00, 0x00, 0x00, 0x00, 0x00, 0x00, 0x00, 0x00, 0x00, 0x00, 0x00, 0x00,
    0x00, 0x03, 0x00, 0x00, 0x00, 0x00, 0x00, 0x00, 0x00, 0x00, 0x00, 0x00, 0x00, 0x00, 0x00, 0x00,
    0x00, 0x00, 0x00, 0x00, 0x00, 0xc0, 0xc0, 0x00, 0x00, 0xc0, 0x00, 0x00, 0x00, 0x0c, 0x00, 0x00,
    0x00, 0xc0, 0x00, 0x00, 0x00, 0xc3, 0x0c, 0xcc, 0x0c, 0xc3, 0x33, 0x33, 0x33, 0x33, 0x33, 0x33,
    0x33, 0x33, 0x33, 0x33, 0x33, 0x0c, 0xcc, 0x30, 0x33, 0xcc, 0xcc, 0xcc, 0xcc, 0xf3, 0x33, 0x33,
    0x33, 0x33, 0x33, 0x33, 0x33, 0x33, 0x30, 0x00, 0x00, 0x00, 0x00, 0x30, 0x0c, 0x00, 0x00, 0x00,
    0x00, 0x00, 0x03, 0x00, 0x00, 0x00, 0x00, 0x00, 0x00, 0x00, 0x00, 0x00, 0x00, 0x30, 0x0c, 0x00,
    0x00, 0x00, 0x00, 0x00, 0x00, 0x00, 0x00, 0x00, 0x00, 0x04, 0x00, 0x00, 0x03, 0x00, 0x00, 0x00,
    0x00, 0x00, 0x00, 0x00, 0x0c, 0x00, 0x00, 0x00, 0x00, 0x30, 0x00, 0x00, 0x00, 0x00, 0x00, 0x00,
    0x00, 0x00, 0xc0, 0x00, 0x30, 0xc0, 0x30, 0x00, 0x00, 0x00, 0xc0, 0x00, 0x30, 0x00, 0x00, 0x00,
    0xc0, 0x00, 0x00, 0x0c, 0x30, 0x00, 0x00, 0x00, 0x30, 0x00, 0x00, 0x00, 0x00, 0x30, 0xc0, 0xc3,
    0x30, 0xcc, 0xcc, 0xcc, 0xcc, 0xcc, 0xcc, 0xcc, 0xcc, 0xcc, 0xc3, 0x0c, 0x30, 0xcc, 0x30, 0x00,
    0x33, 0x3f, 0x3c, 0xff, 0x33, 0x33, 0x33, 0x33, 0x33, 0x33, 0x33, 0x33, 0x33, 0x30, 0xc3, 0x00,
    0x00, 0x00, 0x0c, 0x00, 0x00, 0x00, 0x00, 0x00, 0x00, 0x00, 0x00, 0x00, 0x00, 0x00, 0x30, 0x0c,
    0x00, 0x00, 0x00, 0xc0, 0xc0, 0x00, 0x00, 0x0c, 0x00, 0x00, 0x30, 0x00, 0x00, 0x00, 0x00, 0x00,
    0x00, 0x00, 0x00, 0x00, 0x00, 0x00, 0x00, 0x00, 0x00, 0x00, 0x03, 0x00, 0x00, 0x00, 0x00, 0x00,
    0x03, 0x00, 0x00, 0x00, 0x00, 0x00, 0x00, 0x00, 0x00, 0xc0, 0x00, 0x30, 0x00, 0x00, 0x00, 0x03,
    0x00, 0x30, 0x00, 0x03, 0x00, 0x00, 0x00, 0x0c, 0x00, 0x00, 0x30, 0x00, 0x00, 0x00, 0x00, 0xc3,
    0x00, 0x00, 0x00, 0x30, 0x0c, 0x0c, 0x33, 0x33, 0x0c, 0x33, 0x0c, 0xcc, 0xcc, 0xcc, 0xcc, 0x33,
    0x0c, 0x33, 0x33, 0x33, 0x0c, 0xc3, 0x0c, 0x00, 0x33, 0xcc, 0xcf, 0x33, 0x3c, 0xcc, 0xcc, 0xcc,
    0xcc, 0xcc, 0xcc, 0xcc, 0xcc, 0xcc, 0x30, 0x00, 0x00, 0x00, 0x00, 0x00, 0x00, 0x00, 0x00, 0x00,
    0x00, 0x00, 0x00, 0x00, 0x00, 0x00, 0x00, 0x00, 0x00, 0x00, 0x0c, 0x00, 0x00, 0x00, 0x00, 0x00,
    0x00, 0x03, 0x00, 0x00, 0x00, 0x00, 0x00, 0x00, 0x00, 0x00, 0x03, 0x00, 0x00, 0x00, 0x00, 0x00,
    0x00, 0x00, 0x00, 0x00, 0x00, 0x00, 0x0c, 0x00, 0xc0, 0x00, 0x00, 0x00, 0x00, 0x00, 0x00, 0x00,
    0x00, 0x00, 0x00, 0x00, 0x00, 0x03, 0x00, 0x00, 0x03, 0x00, 0x00, 0xc0, 0x00, 0x00, 0x00, 0x00,
    0x00, 0x00, 0x00, 0xc0, 0x00, 0xc0, 0x30, 0x00, 0x00, 0x00, 0x03, 0x00, 0x00, 0xc3, 0x00, 0xc0,
    0xcc, 0xcc, 0xcc, 0x33, 0x33, 0x33, 0x33, 0x30, 0xcc, 0xcc, 0xcc, 0xcc, 0xcc, 0xcc, 0xc0, 0x00,
    0x33, 0x3f, 0x33, 0x33, 0xcf, 0x3c, 0xf3, 0x33, 0x33, 0x33, 0x33, 0x33, 0x33, 0x33, 0x03, 0x00,
    0xc0, 0x03, 0x00, 0x00, 0x00, 0x00, 0x00, 0x03, 0x00, 0x00, 0x00, 0x00, 0x00, 0x00, 0x00, 0x00,
    0x00, 0x00, 0x00, 0x00, 0x00, 0x00, 0x00, 0x00, 0x00, 0x00, 0x00, 0x00, 0x00, 0x00, 0x00, 0x00,
    0x00, 0x00, 0x30, 0x00, 0x00, 0x00, 0x03, 0x00, 0x00, 0x00, 0x00, 0x00, 0x00, 0x00, 0x00, 0x00,
    0x00, 0x00, 0x00, 0x00, 0x00, 0x00, 0x00, 0x00, 0x00, 0x00, 0x00, 0x00, 0x00, 0x00, 0x00, 0x30,
    0x00, 0x00, 0x00, 0x00, 0x00, 0x00, 0x00, 0x00, 0x03, 0x00, 0x00, 0x00, 0x0c, 0x00, 0x00, 0x00,
    0x00, 0x00, 0x30, 0x00, 0x00, 0x30, 0xcc, 0x33, 0x33, 0x33, 0x33, 0x30, 0xcc, 0xcc, 0xcc, 0xcc,
    0xcc, 0xc3, 0x0c, 0xcc, 0xc3, 0x00, 0x30, 0x0c, 0x33, 0xcf, 0xfc, 0xf3, 0x33, 0xcf, 0x33, 0xcc,
    0xcc, 0xcc, 0xcc, 0xcc, 0xcc, 0xcc, 0xc0, 0x00, 0x00, 0x30, 0x00, 0x03, 0x03, 0x00, 0xc0, 0xc0,
    0x00, 0x00, 0x00, 0x00, 0xc0, 0x00, 0x00, 0x00, 0x00, 0x03, 0x00, 0x00, 0x00, 0x00, 0x00, 0x00,
    0x00, 0xc0, 0x00, 0x00, 0xc0, 0x00, 0x00, 0x03, 0x00, 0xc0, 0x00, 0x00, 0x00, 0x00, 0x00, 0x00,
    0x00, 0x00, 0x00, 0x00, 0x00, 0x00, 0x00, 0x00, 0x00, 0x00, 0x00, 0x00, 0x00, 0x00, 0x00, 0x00,
    0x00, 0x00, 0xc0, 0xc0, 0xc3, 0x00, 0x03, 0x00, 0x00, 0x00, 0x00, 0x00, 0x00, 0x00, 0x00, 0x00,
    0x00, 0x03, 0x00, 0x03, 0x00, 0x00, 0x00, 0x00, 0x00, 0x03, 0x00, 0x00, 0x03, 0x03, 0x03, 0x33,
    0x0c, 0x0c, 0xcc, 0xcc, 0xcc, 0xcc, 0xcc, 0xcc, 0xcc, 0xcc, 0xcc, 0xc3, 0x33, 0x33, 0x00, 0x00,
    0x33, 0x33, 0x33, 0x3c, 0xf3, 0x33, 0x33, 0x33, 0x33, 0x33, 0x33, 0x33, 0x33, 0x33, 0x30, 0x00,
    0x00, 0x00, 0x00, 0x30, 0x00, 0x00, 0x00, 0x00, 0x00, 0xc0, 0xc0, 0x0c, 0x00, 0x00, 0x00, 0x00,
    0x00, 0x00, 0x00, 0x00, 0x00, 0x0c, 0x0c, 0x00, 0x30, 0x00, 0x00, 0x00, 0x00, 0x00, 0x00, 0x30,
    0x00, 0x00, 0x00, 0x00, 0x00, 0x00, 0x00, 0x00, 0x00, 0x00, 0x00, 0x00, 0x00, 0x00, 0x00, 0x00,
    0x00, 0x00, 0x00, 0x00, 0x00, 0x00, 0x00, 0x00, 0x00, 0xc0, 0x00, 0x00, 0x00, 0x03, 0x00, 0x00,
    0x30, 0x00, 0x30, 0x00, 0x00, 0x0c, 0x03, 0x00, 0x00, 0x00, 0x03, 0x00, 0x00, 0x03, 0x00, 0x00,
    0x03, 0x00, 0x00, 0x00, 0x00, 0x30, 0xcc, 0x0c, 0xc3, 0x30, 0xc3, 0x33, 0x33, 0x33, 0x33, 0x33,
    0x33, 0x33, 0x33, 0x33, 0x0c, 0x30, 0xc0, 0xc0, 0x0f, 0xcf, 0x3f, 0xcc, 0xcf, 0x33, 0x33, 0x33,
    0x33, 0x33, 0x33, 0x33, 0x3c, 0xcc, 0x03, 0x00, 0x00, 0x00, 0x00, 0x00, 0x00, 0x00, 0x00, 0x00,
    0x00, 0x00, 0x00, 0x00, 0x00, 0x00, 0x00, 0x00, 0x00, 0x00, 0x00, 0x00, 0x00, 0xc0, 0x00, 0x03,
    0x00, 0x00, 0x00, 0x00, 0x00, 0x00, 0x03, 0x00, 0x00, 0x00, 0x00, 0x00, 0x00, 0x00, 0x00, 0x00,
    0x00, 0x00, 0x00, 0x00, 0x00, 0x00, 0x00, 0x00, 0x00, 0x00, 0x00, 0x00, 0x00, 0x00, 0x00, 0x00,
    0x00, 0x00, 0x00, 0x00, 0x00, 0x00, 0x00, 0x00, 0x00, 0x30, 0x00, 0x00, 0x00, 0xc0, 0x00, 0x00,
    0xc0, 0x00, 0x00, 0x00, 0x00, 0x30, 0x03, 0x03, 0x00, 0x00, 0x00, 0x00, 0x0c, 0x0c, 0x33, 0x30,
    0xcc, 0xcc, 0x33, 0x0c, 0xcc, 0xcc, 0xcc, 0xcc, 0xcc, 0xcc, 0xcc, 0x30, 0xc3, 0x0c, 0x00, 0x00,
    0x30, 0xf3, 0xcc, 0xcf, 0x33, 0xcc, 0xcc, 0xcc, 0xcc, 0xcc, 0xcf, 0x3c, 0xcc, 0xc3, 0x30, 0x00,
    0x00, 0x00, 0x03, 0x00, 0x00, 0x00, 0x00, 0x00, 0x00, 0x00, 0x00, 0x00, 0x00, 0x03, 0x00, 0xc0,
    0x03, 0x00, 0x00, 0x00, 0x00, 0x00, 0x00, 0x00, 0x00, 0x00, 0x00, 0x30, 0x00, 0x03, 0x00, 0x00,
    0x00, 0x00, 0x00, 0x00, 0x0c, 0x00, 0x00, 0x00, 0x00, 0x00, 0x00, 0x00, 0x00, 0x00, 0x00, 0x00,
    0x00, 0x00, 0x00, 0x00, 0x00, 0x00, 0x00, 0x00, 0x00, 0x00, 0x00, 0x00, 0x00, 0xc0, 0x00, 0x30,
    0x00, 0x00, 0x00, 0xc3, 0x00, 0x00, 0x00, 0x00, 0x00, 0x00, 0x00, 0x0c, 0x0c, 0x00, 0x00, 0x00,
    0x00, 0x00, 0x00, 0x00, 0xc0, 0xc3, 0x00, 0x0c, 0x30, 0xc3, 0x33, 0x33, 0x33, 0x33, 0x33, 0x0c,
    0x33, 0x33, 0x0c, 0xcc, 0xcc, 0xc3, 0x00, 0x00, 0x0f, 0x33, 0x33, 0xf3, 0xcc, 0xf3, 0x33, 0x33,
    0x33, 0x33, 0xcc, 0xcc, 0xcc, 0xcc, 0x00, 0x00, 0x0c, 0x00, 0x00, 0x00, 0x00, 0x30, 0x00, 0x00,
    0x0c, 0x00, 0x00, 0x00, 0x00, 0x00, 0x00, 0x00, 0x00, 0x00, 0x00, 0x00, 0x30, 0x00, 0x00, 0x00,
    0x00, 0x00, 0x00, 0x00, 0x00, 0x30, 0x00, 0x00, 0x00, 0x00, 0x00, 0x00, 0x00, 0x00, 0x00, 0x00,
    0x00, 0x00, 0x00, 0x00, 0x00, 0x00, 0x00, 0x00, 0x00, 0x00, 0x00, 0x00, 0x00, 0x00, 0xc0, 0x00,
    0x00, 0x00, 0xc0, 0xc3, 0x0c, 0x00, 0x30, 0x00, 0x0c, 0x00, 0x0c, 0x00, 0x00, 0x00, 0x00, 0x00,
    0x00, 0x30, 0x30, 0x00, 0x00, 0x00, 0x00, 0x00, 0x00, 0x00, 0x00, 0x0c, 0x00, 0x30, 0xcc, 0xcc,
    0xcc, 0x33, 0x33, 0x33, 0x0c, 0xcc, 0x30, 0xcc, 0xcc, 0xc3, 0x33, 0x33, 0x30, 0x30, 0x30, 0x00,
    0x33, 0x3c, 0xfc, 0xcc, 0xf3, 0x33, 0xcc, 0xcc, 0xcc, 0xcc, 0xf3, 0x33, 0x33, 0x33, 0x30, 0x00,
    0x00, 0x00, 0xc0, 0x00, 0x0c, 0x00, 0x30, 0x0c, 0x00, 0x00, 0x00, 0x00, 0x00, 0x00, 0x00, 0x00,
    0x00, 0x00, 0x00, 0x03, 0x00, 0x00, 0x00, 0x00, 0x00, 0x00, 0x0c, 0x00, 0x00, 0x00, 0x00, 0x00,
    0x00, 0x00, 0x00, 0x00, 0x00, 0x00, 0x00, 0x00, 0x00, 0x00, 0x00, 0x00, 0x00, 0x00, 0x00, 0x00,
    0x00, 0x00, 0x00, 0x00, 0x00, 0x00, 0x00, 0x00, 0x00, 0xc0, 0x00, 0x00, 0x00, 0x03, 0x00, 0x00,
    0xc0, 0x03, 0x00, 0x00, 0x0c, 0x00, 0x00, 0x00, 0x00, 0x00, 0x00, 0xc0, 0x00, 0x00, 0xc0, 0x30,
    0x0c, 0x0c, 0x0c, 0x00, 0x03, 0x00, 0x03, 0x03, 0x03, 0x33, 0x33, 0x33, 0x33, 0x33, 0x33, 0x33,
    0x33, 0x33, 0x30, 0xc0, 0xcc, 0xcc, 0x00, 0xc0, 0x0c, 0xcf, 0x33, 0x3c, 0xcf, 0x33, 0x33, 0x33,
    0x33, 0x3c, 0xcc, 0xcc, 0xcc, 0xc0, 0x00, 0x00, 0x00, 0x00, 0x00, 0x00, 0xc0, 0x00, 0x00, 0x00,
    0x00, 0x00, 0x03, 0x00, 0x00, 0x00, 0x00, 0x00, 0x00, 0x00, 0x00, 0x30, 0x00, 0x00, 0x00, 0x30,
    0x00, 0x00, 0xc0, 0x00, 0x00, 0x00, 0x00, 0x00, 0x00, 0x00, 0x30, 0x00, 0x00, 0x00, 0x30, 0x00,
    0x00, 0x00, 0x0c, 0x00, 0x00, 0x30, 0x00, 0x00, 0x00, 0x00, 0x00, 0x00, 0x00, 0x00, 0x00, 0x00,
    0x00, 0x00, 0x00, 0x00, 0x00, 0x00, 0x00, 0x30, 0x00, 0x00, 0x00, 0x00, 0x00, 0x00, 0x00, 0x00,
    0x0c, 0x00, 0x00, 0x00, 0xc3, 0x0c, 0x00, 0x00, 0x00, 0x00, 0x00, 0x00, 0x00, 0x33, 0x30, 0xcc,
    0xcc, 0xc3, 0x0c, 0xcc, 0xcc, 0xcc, 0xcc, 0xcc, 0xcc, 0xcc, 0xcc, 0xcc, 0x30, 0x03, 0x00, 0x00,
    0x33, 0xf3, 0xcf, 0x33, 0xf3, 0x33, 0x33, 0xcc, 0xcf, 0xcc, 0xcc, 0xf3, 0x33, 0x33, 0x30, 0x03,
    0x00, 0x00, 0x00, 0x00, 0x00, 0x00, 0x00, 0x00, 0x00, 0x00, 0xc0, 0x00, 0x00, 0x00, 0x00, 0x00,
    0x00, 0x00, 0x30, 0x00, 0x00, 0x00, 0x00, 0x00, 0x00, 0x30, 0x00, 0x00, 0x0c, 0x00, 0x00, 0x00,
    0x00, 0x00, 0x00, 0x03, 0x00, 0x00, 0x00, 0x00, 0x00, 0x00, 0x00, 0x00, 0x30, 0x00, 0x03, 0x00,
    0x00, 0x00, 0x00, 0x00, 0x00, 0x30, 0x00, 0x00, 0x00, 0x00, 0x00, 0x00, 0x00, 0x00, 0x03, 0x00,
    0x00, 0x00, 0x00, 0x03, 0x00, 0x03, 0x03, 0x03, 0x00, 0x00, 0x00, 0x00, 0x00, 0x00, 0x03, 0x00,
    0x00, 0x00, 0x00, 0x00, 0x03, 0x00, 0x0c, 0x30, 0x30, 0x33, 0x33, 0x33, 0x33, 0x33, 0x33, 0x33,
    0x33, 0x0c, 0x33, 0x33, 0x0c, 0xcc, 0x00, 0x00, 0x0c, 0xcf, 0x33, 0xcc, 0xcc, 0xcc, 0xcc, 0xcf,
    0x33, 0x33, 0x33, 0x33, 0x33, 0x0c, 0x00, 0x00, 0x00, 0x00, 0x00, 0x30, 0x00, 0x00, 0x00, 0x00,
    0x00, 0x0c, 0x00, 0x00, 0xc0, 0x30, 0x00, 0x00, 0x30, 0x03, 0x00, 0x00, 0x00, 0x00, 0x0c, 0x00,
    0x03, 0x00, 0x00, 0x00, 0x00, 0x00, 0x00, 0x00, 0x00, 0x00, 0x00, 0x00, 0x00, 0x04, 0x00, 0x00,
    0x00, 0x00, 0x00, 0x00, 0x00, 0x00, 0x00, 0x00, 0x00, 0x00, 0x00, 0x00, 0x03, 0x00, 0x00, 0x00,
    0x00, 0x00, 0x30, 0x30, 0x30, 0xc0, 0x30, 0x00, 0x00, 0xc0, 0x00, 0x30, 0x00, 0x30, 0x00, 0x00,
    0x00, 0x00, 0xc0, 0xc0, 0x00, 0x00, 0x00, 0x00, 0xc0, 0x00, 0x00, 0x00, 0x00, 0xcc, 0xc3, 0x0c,
    0xcc, 0xcc, 0xcc, 0xcc, 0xcc, 0xcc, 0xcc, 0xcc, 0xcc, 0xcc, 0xcc, 0x30, 0xcc, 0x30, 0x00, 0x03,
    0x33, 0x33, 0xfc, 0xfc, 0xcf, 0x33, 0x33, 0x33, 0xcc, 0xcf, 0x3c, 0xcc, 0xcc, 0xc3, 0x00, 0x00,
    0x00, 0x00, 0x03, 0x00, 0x00, 0x00, 0x0c, 0x00, 0x30, 0x00, 0x00, 0x00, 0x00, 0x00, 0x00, 0x03,
    0x00, 0x00, 0x00, 0x00, 0x00, 0x00, 0x00, 0x00, 0x00, 0x00, 0x00, 0x00, 0x00, 0x00, 0x00, 0x00,
    0x00, 0x00, 0x00, 0x00, 0x00, 0x00, 0x00, 0x00, 0x00, 0x00, 0x00, 0x00, 0x00, 0x00, 0x00, 0x00,
    0x00, 0x00, 0x00, 0x00, 0x00, 0x00, 0x00, 0x00, 0x00, 0xc0, 0x00, 0x00, 0x00, 0x03, 0x00, 0x00,
    0x30, 0x00, 0xc0, 0x00, 0x00, 0x00, 0x00, 0x00, 0x00, 0x00, 0x00, 0x03, 0x03, 0x00, 0x30, 0x00,
    0x00, 0xc0, 0xc0, 0x30, 0x00, 0x00, 0x30, 0xc3, 0x03, 0x0c, 0xcc, 0xcc, 0xcc, 0xcc, 0x33, 0x0c,
    0x33, 0x33, 0x33, 0x0c, 0xc3, 0x0c, 0x0c, 0x00, 0x0c, 0xcc, 0xcc, 0xcf, 0x33, 0x3c, 0xf3, 0xcc,
    0xcc, 0xf3, 0x33, 0x33, 0x33, 0x30, 0x00, 0x00, 0x00, 0x0c, 0x00, 0x00, 0x00, 0x0c, 0x00, 0x0c,
    0x00, 0x00, 0x00, 0x00, 0x00, 0x00, 0x03, 0x00, 0x00, 0x00, 0x00, 0x00, 0x00, 0x00, 0x00, 0x00,
    0x00, 0x00, 0x00, 0x00, 0x00, 0x00, 0x00, 0x00, 0x00, 0x30, 0x00, 0x00, 0x00, 0x00, 0x00, 0x00,
    0x00, 0x00, 0x00, 0x00, 0x00, 0x00, 0x00, 0x00, 0x0c, 0x00, 0x00, 0x00, 0x00, 0x00, 0x00, 0x00,
    0x00, 0x00, 0x00, 0x00, 0x00, 0x00, 0x00, 0x03, 0x00, 0x00, 0x00, 0x00, 0x00, 0x00, 0x00, 0x00,
    0x00, 0x00, 0x00, 0x00, 0x00, 0x03, 0x00, 0x0c, 0x00, 0x00, 0x00, 0x00, 0x0c, 0xcc, 0xcc, 0x30,
    0xcc, 0xc3, 0x33, 0x33, 0x33, 0x33, 0x30, 0xcc, 0xcc, 0x30, 0xcc, 0xcc, 0x30, 0xc0, 0x00, 0x00,
    0x0f, 0x3f, 0x33, 0xcc, 0xf3, 0xcc, 0xcc, 0xf3, 0x33, 0x33, 0xcc, 0xcc, 0xcc, 0xcc, 0x00, 0x30,
    0x00, 0x00, 0x00, 0x00, 0x00, 0xc0, 0x00, 0x00, 0x00, 0x00, 0x00, 0x00, 0x00, 0x00, 0x00, 0x00,
    0x00, 0x00, 0x00, 0x00, 0x00, 0x03, 0x00, 0x00, 0x30, 0x00, 0x00, 0x00, 0xc0, 0x00, 0x00, 0xc0,
    0x0c, 0x00, 0x00, 0x00, 0x00, 0x00, 0x00, 0x00, 0x00, 0x00, 0x00, 0x00, 0x00, 0x00, 0x00, 0x00,
    0x00, 0x00, 0x00, 0x00, 0xc0, 0x00, 0x00, 0x00, 0x00, 0x00, 0x00, 0x03, 0x00, 0x00, 0x00, 0x30,
    0x00, 0x00, 0x03, 0x00, 0x0c, 0x00, 0x00, 0xc0, 0x00, 0x00, 0x0c, 0x00, 0x00, 0x30, 0x00, 0x00,
    0x00, 0x00, 0x00, 0x00, 0x00, 0x03, 0x03, 0x0c, 0x30, 0x33, 0x0c, 0xcc, 0xcc, 0xcc, 0xcc, 0xcc,
    0xc3, 0x33, 0x30, 0xc3, 0x0c, 0x30, 0x00, 0x00, 0x33, 0x33, 0xcc, 0xcf, 0x33, 0x33, 0x33, 0x33,
    0xcf, 0x3c, 0xcf, 0x33, 0x33, 0x03, 0x03, 0x00, 0x00, 0x00, 0x00, 0x00, 0x00, 0x00, 0x00, 0x00,
    0x00, 0x00, 0x00, 0x30, 0x00, 0x00, 0x00, 0x00, 0x00, 0x00, 0x00, 0x00, 0x00, 0x00, 0x00, 0x00,
    0x00, 0x00, 0x00, 0x0c, 0x00, 0x03, 0x00, 0x00, 0x00, 0x00, 0x00, 0x00, 0x00, 0x30, 0x00, 0x00,
    0x00, 0x00, 0x00, 0x00, 0x00, 0x00, 0x00, 0x00, 0x00, 0x00, 0x00, 0x0c, 0x00, 0x00, 0x00, 0x00,
    0x00, 0x03, 0x03, 0x00, 0x03, 0x00, 0x0c, 0x00, 0x00, 0x30, 0x30, 0x00, 0xc0, 0x00, 0x30, 0x00,
    0x00, 0x30, 0x00, 0x30, 0xc3, 0x00, 0x00, 0xc0, 0x0c, 0x00, 0x0c, 0x00, 0x03, 0x30, 0xc0, 0xc3,
    0x0c, 0xcc, 0xcc, 0xcc, 0xcc, 0xc3, 0x33, 0x33, 0x33, 0x33, 0x0c, 0xcc, 0xc3, 0x00, 0x00, 0xc0,
    0x0c, 0xcc, 0xf3, 0x33, 0x33, 0x33, 0xcf, 0x3c, 0xf3, 0x33, 0x33, 0x33, 0x30, 0xc0, 0x00, 0x00,
    0x03, 0x00, 0x00, 0x00, 0x30, 0x00, 0x00, 0x00, 0x00, 0x30, 0x03, 0x00, 0x00, 0x00, 0x00, 0x00,
    0x00, 0x00, 0x00, 0x00, 0x00, 0x00, 0x00, 0x0c, 0x00, 0x00, 0x00, 0x00, 0x00, 0x00, 0x00, 0x00,
    0x00, 0x00, 0x00, 0x30, 0x03, 0x00, 0x0c, 0x00, 0x00, 0x03, 0x00, 0x00, 0x00, 0x00, 0x00, 0x00,
    0x00, 0x00, 0x0c, 0x00, 0x00, 0x00, 0x00, 0x00, 0x00, 0x30, 0x00, 0x00, 0x00, 0x0c, 0x00, 0x00,
    0x03, 0x00, 0x00, 0x00, 0x00, 0x0c, 0x00, 0x00, 0x30, 0x00, 0x00, 0x00, 0x00, 0x00, 0x0c, 0x00,
    0x00, 0x0c, 0x00, 0x03, 0x00, 0x0c, 0x33, 0x30, 0xc3, 0x03, 0x33, 0x33, 0x33, 0x33, 0x30, 0xc3,
    0x33, 0x0c, 0xcc, 0x30, 0xcc, 0xc0, 0xc0, 0x00, 0x33, 0x3f, 0x3c, 0xf3, 0x33, 0x33, 0x33, 0xcc,
    0xcc, 0xcc, 0xcc, 0xcc, 0xcc, 0xcc, 0x00, 0x00, 0x00, 0x00, 0x00, 0x00, 0x00, 0x00, 0x00, 0x00,
    0x00, 0x00, 0x00, 0x00, 0x0c, 0x03, 0x00, 0x00, 0x00, 0x00, 0x00, 0x00, 0x03, 0x00, 0x00, 0x00,
    0x00, 0x00, 0x30, 0x00, 0x00, 0x00, 0x00, 0x00, 0x00, 0x00, 0x00, 0x00, 0x00, 0x00, 0x00, 0x00,
    0x00, 0x30, 0x00, 0x00, 0x00, 0x00, 0x00, 0x00, 0x00, 0x00, 0x00, 0x00, 0x00, 0x00, 0x00, 0x00,
    0x00, 0x00, 0x00, 0x00, 0x30, 0x00, 0x00, 0x00, 0x30, 0x00, 0x00, 0x00, 0x00, 0x00, 0x00, 0x00,
    0x00, 0x00, 0x00, 0x00, 0x00, 0x00, 0xc0, 0x00, 0xc0, 0x00, 0x00, 0x00, 0x03, 0x03, 0x00, 0x0c,
    0x30, 0xcc, 0xcc, 0x30, 0xcc, 0xcc, 0xcc, 0xcc, 0x30, 0xcc, 0xc3, 0x0c, 0x00, 0x00, 0x00, 0x00,
    0x0c, 0xcc, 0xcf, 0x33, 0xcf, 0x3c, 0xcc, 0xcc, 0xcf, 0x33, 0x33, 0x33, 0x33, 0x00, 0x00, 0x00,
    0x00, 0x00, 0x03, 0x00, 0x00, 0x00, 0x03, 0x00, 0x0c, 0x00, 0x00, 0x00, 0x00, 0x00, 0x00, 0x00,
    0x00, 0x0c, 0x00, 0x00, 0xc0, 0x00, 0x00, 0x00, 0x00, 0x03, 0x00, 0x00, 0x00, 0x00, 0x00, 0x00,
    0x00, 0x00, 0x00, 0x00, 0x00, 0x00, 0x00, 0x00, 0x00, 0x00, 0x00, 0x00, 0x00, 0x00, 0x00, 0x00,
    0x00, 0x00, 0x00, 0x00, 0x00, 0x00, 0x00, 0x00, 0x00, 0x00, 0x00, 0x0c, 0x00, 0x00, 0x30, 0x30,
    0x00, 0x00, 0x00, 0x30, 0x00, 0x00, 0x00, 0x00, 0x00, 0x00, 0x00, 0x00, 0xc0, 0xc0, 0x00, 0x00,
    0x00, 0x00, 0x00, 0xc0, 0x00, 0xc0, 0xcc, 0xc3, 0x0c, 0xc3, 0x03, 0x33, 0x33, 0x33, 0x33, 0x33,
    0x33, 0x33, 0x33, 0x33, 0x33, 0x30, 0x00, 0x00, 0x33, 0x33, 0x33, 0x3c, 0xcc, 0xcc, 0xf3, 0x33,
    0xcc, 0xcc, 0xf3, 0xcc, 0xcc, 0xcc, 0x00, 0x00, 0x00, 0x00, 0x30, 0x00, 0x00, 0x00, 0x00, 0x00,
    0xc0, 0x00, 0x00, 0x00, 0x00, 0x00, 0x00, 0x00, 0x00, 0x00, 0x03, 0x00, 0x00, 0x00, 0x03, 0x00,
    0x00, 0x00, 0x00, 0x00, 0x00, 0x30, 0x00, 0x03, 0x00, 0x00, 0x00, 0x00, 0x00, 0x00, 0x00, 0x00,
    0x00, 0x00, 0x00, 0x03, 0x00, 0x00, 0x00, 0x00, 0x00, 0x00, 0x00, 0x00, 0x00, 0x00, 0x00, 0x00,
    0x03, 0x00, 0x00, 0xc0, 0x00, 0x0c, 0x00, 0x00, 0x00, 0x03, 0x03, 0x00, 0x03, 0x00, 0x00, 0x30,
    0x00, 0x00, 0x0c, 0x0c, 0x00, 0x00, 0x00, 0x0c, 0x00, 0xc0, 0xc0, 0x00, 0x00, 0x30, 0x0c, 0x30,
    0xc3, 0x30, 0xcc, 0xcc, 0xcc, 0x30, 0xcc, 0x33, 0x33, 0x0c, 0xcc, 0xcc, 0xc0, 0x00, 0x03, 0x03,
    0x0c, 0xfc, 0xf3, 0xcc, 0xcf, 0x33, 0x3c, 0xfc, 0xcf, 0x33, 0x33, 0x33, 0x30, 0x00, 0x0c, 0x03,
    0x00, 0x00, 0x00, 0x00, 0x00, 0x00, 0x00, 0x00, 0x00, 0x00, 0x00, 0x00, 0x00, 0x00, 0x00, 0x30,
    0x00, 0x00, 0x00, 0x00, 0x00, 0x00, 0x00, 0x00, 0x00, 0xc0, 0x00, 0x00, 0x00, 0x00, 0x03, 0x00,
    0x00, 0x00, 0x0c, 0x00, 0x00, 0x00, 0x00, 0x03, 0x00, 0x00, 0x00, 0x00, 0x00, 0x00, 0x00, 0x0c,
    0x00, 0x00, 0x00, 0x00, 0x00, 0x00, 0x00, 0x00, 0x00, 0x00, 0x0c, 0x00, 0x00, 0xc0, 0x00, 0x00,
    0x00, 0x00, 0x00, 0x00, 0x30, 0x00, 0xc0, 0x00, 0x00, 0x00, 0xc0, 0x00, 0x00, 0x0c, 0x03, 0x00,
    0x00, 0x00, 0x00, 0x00, 0x33, 0x0c, 0xc3, 0x0c, 0x30, 0xcc, 0xcc, 0xcc, 0xc3, 0x33, 0x33, 0x0c,
    0xc3, 0x33, 0x0c, 0x30, 0x33, 0x00, 0x30, 0x00, 0x0c, 0xcf, 0x3c, 0xcc, 0xf3, 0x3c, 0xcf, 0x33,
    0x33, 0x3c, 0xcc, 0xcc, 0xcf, 0x30, 0x00, 0x00, 0x00, 0x00, 0x00, 0x00, 0xc0, 0x0c, 0x00, 0x00,
    0x00, 0x00, 0x30, 0x00, 0x00, 0x00, 0x03, 0x00, 0x03, 0x00, 0x00, 0x00, 0x00, 0x00, 0x00, 0x00,
    0x00, 0x00, 0x00, 0x00, 0x0c, 0x00, 0x00, 0x00, 0x00, 0x30, 0x00, 0x00, 0x00, 0x00, 0x00, 0x00,
    0x00, 0x00, 0x00, 0x00, 0x00, 0x00, 0x00, 0xc0, 0x00, 0x00, 0x00, 0x00, 0x00, 0x00, 0x00, 0x00,
    0x00, 0x00, 0xc0, 0x00, 0x00, 0x00, 0x0c, 0x0c, 0x30, 0xc0, 0x00, 0x00, 0x00, 0x00, 0x00, 0x00,
    0x30, 0x00, 0x00, 0x00, 0x0c, 0x00, 0x00, 0x00, 0x0c, 0x00, 0x00, 0x03, 0x00, 0x00, 0x30, 0xc3,
    0x33, 0x0c, 0x33, 0x33, 0x33, 0x33, 0x0c, 0xcc, 0x33, 0x30, 0xc3, 0x0c, 0xc0, 0x03, 0x00, 0x00,
    0x33, 0x33, 0xcc, 0xcf, 0x33, 0xcf, 0x33, 0x33, 0xcc, 0xcc, 0xf3, 0x33, 0x30, 0x00, 0x00, 0x00,
    0x00, 0x0c, 0x00, 0x00, 0x00, 0x00, 0x00, 0x00, 0x00, 0x00, 0x00, 0x03, 0x03, 0x03, 0x00, 0x00,
    0x00, 0x00, 0x00, 0x00, 0x00, 0x00, 0xc0, 0x00, 0x30, 0x00, 0x00, 0x0c, 0x00, 0x00, 0x00, 0x00,
    0x00, 0x00, 0x00, 0x00, 0x00, 0x00, 0x00, 0x00, 0x00, 0x00, 0x00, 0x00, 0x00, 0x00, 0x0c, 0x00,
    0x00, 0x03, 0x00, 0x00, 0x00, 0x00, 0x00, 0x00, 0x00, 0x0c, 0x00, 0x00, 0x0c, 0x00, 0x00, 0x00,
    0x00, 0x00, 0x30, 0x00, 0x00, 0x00, 0x00, 0x03, 0x00, 0x30, 0x00, 0x00, 0x00, 0x00, 0x30, 0x00,
    0xc0, 0x03, 0x03, 0x00, 0x00, 0xcc, 0x0c, 0x30, 0xc0, 0xc3, 0x0c, 0x33, 0x33, 0x0c, 0xcc, 0xc3,
    0x33, 0x0c, 0xcc, 0xc3, 0x33, 0x00, 0x00, 0x00, 0x0c, 0xcc, 0xcf, 0x33, 0x33, 0x33, 0xcf, 0x3c,
    0xcf, 0x3c, 0xcc, 0xcc, 0xcc, 0xc0, 0x00, 0x30, 0x0c, 0x00, 0x00, 0x00, 0x00, 0x00, 0x03, 0x00,
    0x00, 0x00, 0x00, 0x00, 0x00, 0x00, 0x00, 0x00, 0x00, 0x00, 0x00, 0x00, 0x00, 0x00, 0x00, 0x00,
    0x00, 0x00, 0x00, 0x00, 0x00, 0x00, 0x00, 0x00, 0x00, 0x00, 0x00, 0x00, 0x00, 0x00, 0x00, 0xc0,
    0x00, 0x00, 0x00, 0x00, 0x00, 0x00, 0x00, 0x00, 0x00, 0x00, 0x00, 0x00, 0x00, 0x00, 0x00, 0x00,
    0x03, 0x00, 0x00, 0x00, 0xc0, 0x03, 0x00, 0x00, 0x00, 0x03, 0x00, 0x30, 0x00, 0x30, 0x03, 0x00,
    0x00, 0x00, 0x00, 0x00, 0xc0, 0x0c, 0x00, 0x0c, 0x00, 0x00, 0x00, 0x00, 0x00, 0x03, 0x33, 0x33,
    0x33, 0x30, 0xc3, 0x0c, 0xcc, 0xcc, 0xcc, 0xcc, 0xcc, 0xcc, 0xcc, 0x30, 0x00, 0x00, 0x00, 0x00,
    0x33, 0x33, 0x33, 0xcc, 0xcc, 0xcc, 0xf3, 0xcc, 0xf3, 0xcc, 0xcc, 0xcc, 0xc3, 0x00, 0xc0, 0x00,
    0x00, 0x00, 0x00, 0x00, 0x00, 0x00, 0x00, 0x00, 0xc0, 0x0c, 0x00, 0x00, 0x00, 0x00, 0x00, 0x00,
    0x00, 0x00, 0x00, 0x00, 0x00, 0x00, 0x00, 0x00, 0x00, 0x00, 0x00, 0x00, 0x00, 0x00, 0x30, 0x00,
    0x0c, 0x00, 0x00, 0x00, 0x30, 0x00, 0x00, 0x00, 0x00, 0x00, 0x00, 0x00, 0x00, 0x00, 0x00, 0x00,
    0x00, 0x00, 0x00, 0x00, 0x00, 0x00, 0x00, 0x00, 0x00, 0x00, 0x00, 0x00, 0x00, 0x00, 0x03, 0x0c,
    0x03, 0x00, 0x00, 0x00, 0xc0, 0x00, 0x30, 0x00, 0x00, 0x00, 0x00, 0x0c, 0x00, 0xc0, 0x00, 0xc0,
    0x00, 0x30, 0x00, 0x00, 0x0c, 0xcc, 0x00, 0xc0, 0xcc, 0x33, 0x33, 0x33, 0x33, 0x33, 0x33, 0x33,
    0x33, 0x33, 0x33, 0x33, 0x30, 0x00, 0x00, 0x30, 0x33, 0x3f, 0xcc, 0xcf, 0x3f, 0x3c, 0xcc, 0xf3,
    0x33, 0x33, 0xcf, 0x33, 0x30, 0x00, 0x00, 0x00, 0x00, 0x00, 0x00, 0x00, 0x00, 0x00, 0x00, 0x00,
    0x00, 0x00, 0x00, 0x30, 0x00, 0x00, 0x00, 0x00, 0x00, 0x00, 0x0c, 0x03, 0x00, 0xc0, 0x00, 0x00,
    0x00, 0x00, 0x0c, 0x00, 0x00, 0x00, 0x00, 0x00, 0xc0, 0x00, 0x00, 0x03, 0x00, 0x0c, 0x00, 0x00,
    0x03, 0x00, 0x00, 0x00, 0x00, 0x00, 0x00, 0x00, 0x00, 0x00, 0x00, 0x00, 0x00, 0x00, 0x00, 0x00,
    0x00, 0x00, 0x03, 0x00, 0x00, 0x00, 0x00, 0x00, 0x30, 0x00, 0x00, 0x00, 0x00, 0x00, 0x00, 0x00,
    0x00, 0x00, 0x00, 0x00, 0x00, 0x00, 0x0c, 0x00, 0x03, 0x00, 0x0c, 0x0c, 0x00, 0x03, 0x33, 0x33,
    0x03, 0x0c, 0xcc, 0xcc, 0xc3, 0x33, 0x30, 0xcc, 0xc3, 0x0c, 0x30, 0xc3, 0x0c, 0x30, 0x30, 0x00,
    0x0c, 0xcc, 0xf3, 0x33, 0xcc, 0xcf, 0x3f, 0x3c, 0xf3, 0x3c, 0xcc, 0xcc, 0xcc, 0x00, 0x00, 0x00,
    0x00, 0x00, 0x00, 0x30, 0x0c, 0x00, 0xc0, 0x00, 0x00, 0x00, 0x00, 0x00, 0x00, 0x00, 0x00, 0x00,
    0xc0, 0x00, 0xc0, 0x00, 0x00, 0x00, 0x00, 0x0c, 0x00, 0x00, 0x00, 0x00, 0x00, 0x00, 0x00, 0x0c,
    0x00, 0x00, 0x30, 0x30, 0x00, 0x00, 0x00, 0x00, 0x00, 0x00, 0x00, 0x00, 0x00, 0x03, 0x00, 0x00,
    0x00, 0x00, 0x00, 0x00, 0x00, 0x00, 0x00, 0x00, 0x00, 0x0c, 0x00, 0x0c, 0x00, 0xc0, 0x00, 0x00,
    0x00, 0x00, 0x0c, 0x00, 0x03, 0x00, 0x00, 0x00, 0x30, 0x00, 0x00, 0xc0, 0x00, 0x00, 0xc0, 0x00,
    0x30, 0x00, 0x00, 0x00, 0x00, 0xc0, 0x0c, 0x00, 0xcc, 0xc3, 0x03, 0x0c, 0x33, 0x0c, 0xcc, 0xc3,
    0x30, 0xcc, 0xcc, 0x30, 0xc0, 0x00, 0x00, 0x00, 0x33, 0x33, 0x33, 0xcc, 0xf3, 0xf3, 0xcc, 0xcf,
    0x3c, 0xcc, 0xcc, 0xcc, 0xc0, 0xc0, 0x03, 0x03, 0x03, 0x0c, 0x00, 0x00, 0x00, 0x00, 0x00, 0x00,
    0x00, 0x00, 0x00, 0x00, 0x03, 0x03, 0x03, 0x00, 0x00, 0x30, 0x00, 0x00, 0x00, 0x00, 0x00, 0xc0,
    0x00, 0x03, 0x00, 0x00, 0xc0, 0x30, 0x00, 0x00, 0x00, 0x00, 0x00, 0x00, 0x00, 0x00, 0x00, 0x00,
    0x00, 0x00, 0x00, 0x00, 0x00, 0x00, 0x00, 0x00, 0x00, 0x00, 0x00, 0x00, 0x00, 0x00, 0x00, 0x00,
    0x00, 0xc0, 0x00, 0x00, 0x0c, 0x00, 0xc0, 0x00, 0x00, 0x30, 0xc0, 0x0c, 0x00, 0x03, 0x00, 0x30,
    0x00, 0x30, 0x0c, 0x00, 0x0c, 0x0c, 0x00, 0x03, 0x00, 0x00, 0xc0, 0x00, 0x0c, 0x33, 0x03, 0x33,
    0x33, 0x30, 0xcc, 0xcc, 0xcc, 0xcc, 0xcc, 0x33, 0x0c, 0xc3, 0x33, 0x0c, 0x30, 0x00, 0x00, 0x00,
    0x33, 0xcc, 0xcc, 0xf3, 0x3c, 0xcc, 0xf3, 0xcc, 0xcf, 0x33, 0xcf, 0x33, 0x30, 0x03, 0x00, 0x00,
    0x00, 0x00, 0x00, 0x00, 0x00, 0x00, 0x00, 0x0c, 0x03, 0x00, 0x30, 0x00, 0x00, 0x00, 0x00, 0x00,
    0x00, 0x00, 0x00, 0x00, 0x00, 0x00, 0x0c, 0x00, 0x00, 0xc0, 0x00, 0x00, 0x00, 0x00, 0x00, 0x00,
    0x00, 0x00, 0x00, 0x00, 0x00, 0x00, 0x00, 0x00, 0x40, 0x00, 0x00, 0x30, 0x00, 0x00, 0x00, 0x00,
    0x00, 0x00, 0x00, 0x00, 0x00, 0x00, 0x00, 0x00, 0x00, 0x00, 0x30, 0x00, 0x00, 0x00, 0x03, 0x03,
    0x00, 0x00, 0x00, 0x00, 0x00, 0x00, 0x03, 0x00, 0x00, 0x00, 0x00, 0x00, 0x00, 0x00, 0x00, 0x30,
    0x00, 0x00, 0x00, 0x30, 0x00, 0x00, 0xcc, 0x30, 0xc0, 0xcc, 0xc3, 0x33, 0x33, 0x33, 0x33, 0x30,
    0xcc, 0xcc, 0xc3, 0x33, 0x00, 0x03, 0x00, 0x30, 0x33, 0x33, 0x33, 0x3c, 0xcc, 0xf3, 0x3c, 0xf3,
    0xcc, 0xf3, 0x33, 0x33, 0x0c, 0x00, 0x00, 0x00, 0x00, 0x00, 0x0c, 0x00, 0x00, 0x00, 0x00, 0x00,
    0x00, 0x00, 0x00, 0x00, 0x30, 0x00, 0x00, 0x00, 0x00, 0x00, 0x00, 0x00, 0x00, 0x00, 0x00, 0x00,
    0x00, 0x00, 0x00, 0x00, 0x00, 0x00, 0x00, 0x00, 0x00, 0x03, 0x00, 0x00, 0x00, 0x00, 0x00, 0x00,
    0x00, 0x04, 0x0c, 0x00, 0x00, 0x00, 0x00, 0x00, 0x00, 0x00, 0x00, 0x00, 0x00, 0x00, 0x00, 0x00,
    0x00, 0x00, 0x00, 0xc3, 0x00, 0x0c, 0x00, 0x00, 0x00, 0x00, 0x00, 0x00, 0x30, 0x00, 0x00, 0x00,
    0x00, 0x00, 0x00, 0x00, 0x00, 0x00, 0x0c, 0x00, 0x00, 0x30, 0x03, 0x00, 0x00, 0xcc, 0x03, 0x0c,
    0x33, 0x0c, 0x33, 0x0c, 0xcc, 0x30, 0xcc, 0xcc, 0xcc, 0xcc, 0x30, 0xc0, 0x30, 0x30, 0x03, 0x00,
    0x33, 0x3f, 0xcc, 0xcf, 0x3f, 0x3f, 0xcf, 0x3c, 0xf3, 0x33, 0x33, 0x33, 0x30, 0x00, 0x00, 0x00,
    0x00, 0x00, 0xc0, 0x00, 0x00, 0x00, 0x00, 0x00, 0x00, 0x00, 0x00, 0x0c, 0x00, 0x00, 0x00, 0x00,
    0x0c, 0x00, 0x00, 0x00, 0x00, 0x00, 0x00, 0x00, 0x00, 0x00, 0x00, 0x0c, 0x00, 0x00, 0x0c, 0x00,
    0x00, 0x00, 0x00, 0x00, 0x00, 0x00, 0x00, 0xc0, 0x00, 0xc0, 0x00, 0x00, 0x00, 0x00, 0x00, 0x00,
    0x00, 0x00, 0x00, 0x00, 0x00, 0x00, 0x00, 0x00, 0x03, 0x00, 0x00, 0x00, 0x00, 0xc0, 0x00, 0x30,
    0x0c, 0x00, 0x00, 0xc0, 0x00, 0x30, 0x00, 0x00, 0x30, 0x03, 0x00, 0x00, 0x03, 0x0c, 0x00, 0x00,
    0x0c, 0x00, 0x00, 0x00, 0xc0, 0x03, 0x30, 0xc3, 0x30, 0xc3, 0x30, 0xcc, 0x33, 0x33, 0x33, 0x33,
    0x30, 0xc3, 0x33, 0x33, 0x00, 0x00, 0x00, 0x00, 0x0c, 0xcc, 0xff, 0x33, 0xcc, 0xcc, 0xf3, 0xcc,
    0xcc, 0xcc, 0xcc, 0xcc, 0x03, 0x0c, 0x30, 0xc0, 0xc0, 0xc0, 0x00, 0x00, 0x00, 0x0c, 0x00, 0x00,
    0x00, 0x00, 0x00, 0x00, 0x00, 0x00, 0x00, 0x03, 0x00, 0x00, 0x00, 0x00, 0x0c, 0x03, 0x00, 0x00,
    0x00, 0x00, 0x00, 0x00, 0x00, 0x00, 0x00, 0x00, 0x00, 0x00, 0x00, 0x00, 0x00, 0x00, 0x0c, 0x00,
    0x00, 0x00, 0x00, 0x00, 0x00, 0x00, 0x00, 0x00, 0x00, 0x03, 0x00, 0x0c, 0x00, 0x00, 0x00, 0x00,
    0x00, 0x00, 0x00, 0x00, 0x0c, 0x00, 0x30, 0x00, 0x00, 0x30, 0x30, 0x00, 0x00, 0x00, 0x00, 0x00,
    0x00, 0x30, 0x00, 0x00, 0xc0, 0x00, 0x00, 0x03, 0x00, 0x00, 0x30, 0x00, 0x03, 0x30, 0x0c, 0x30,
    0x0c, 0xcc, 0xcc, 0xc3, 0x30, 0xcc, 0xcc, 0xcc, 0x33, 0x33, 0x0c, 0x00, 0x00, 0x00, 0x00, 0x00,
    0xcc, 0xf3, 0x33, 0xfc, 0xf3, 0xf3, 0x3c, 0xcf, 0x3c, 0xf3, 0x33, 0x33, 0x30, 0x00, 0x00, 0x00,
    0x00, 0x00, 0x00, 0x00, 0xc0, 0x00, 0x03, 0x00, 0x00, 0x0c, 0x00, 0x00, 0x00, 0x00, 0x00, 0x30,
    0x00, 0x00, 0x00, 0x00, 0x00, 0x00, 0x00, 0x00, 0x00, 0x00, 0x00, 0x00, 0x00, 0x03, 0x00, 0x00,
    0x00, 0xc0, 0x00, 0x00, 0x00, 0x00, 0xc0, 0x00, 0x00, 0x00, 0x00, 0x00, 0x00, 0x00, 0x00, 0x00,
    0x00, 0x00, 0x00, 0x00, 0x00, 0x00, 0x00, 0x00, 0x00, 0x00, 0x00, 0x00, 0xc0, 0x00, 0x00, 0x03,
    0x00, 0x00, 0x00, 0x00, 0x00, 0x00, 0x30, 0x0c, 0x00, 0x00, 0x03, 0x00, 0x00, 0x00, 0x30, 0xc0,
    0x00, 0x03, 0x00, 0x0c, 0x00, 0x03, 0x03, 0x0c, 0xcc, 0x33, 0x0c, 0xcc, 0xcc, 0xc3, 0x30, 0xc3,
    0x0c, 0xcc, 0xc3, 0x33, 0x0c, 0x00, 0xc0, 0x00, 0x33, 0x3c, 0xf3, 0x33, 0x3c, 0xcf, 0xcf, 0x33,
    0xcf, 0x33, 0xcc, 0xcc, 0x00, 0x00, 0x00, 0x00, 0x00, 0x00, 0x00, 0x00, 0x00, 0x00, 0x00, 0x00,
    0x30, 0x00, 0x03, 0x00, 0x00, 0x00, 0xc0, 0x00, 0x00, 0x00, 0x00, 0x03, 0x00, 0x00, 0x00, 0x00,
    0x0c, 0x00, 0x03, 0x00, 0x00, 0xc0, 0x00, 0x03, 0x00, 0x00, 0x00, 0x00, 0x00, 0xc0, 0x00, 0x00,
    0x00, 0x00, 0x00, 0x00, 0x00, 0x00, 0x00, 0x00, 0x00, 0x00, 0x00, 0x00, 0x00, 0x00, 0x00, 0x00,
    0x00, 0x0c, 0x30, 0x30, 0x00, 0x03, 0x03, 0x00, 0x0c, 0x03, 0x00, 0x0c, 0x30, 0x00, 0x00, 0x00,
    0x00, 0x00, 0x00, 0x00, 0x00, 0x03, 0x00, 0x00, 0x00, 0xc0, 0x00, 0xc0, 0x00, 0xc0, 0xcc, 0xc3,
    0x33, 0x0c, 0xcc, 0x33, 0x33, 0x33, 0x0c, 0xcc, 0xcc, 0x33, 0x30, 0xc0, 0xc0, 0x30, 0x00, 0x0c,
    0x33, 0x33, 0x3c, 0xcf, 0xcf, 0x33, 0x33, 0xfc, 0xcc, 0xcc, 0xcc, 0xcc, 0xc3, 0x00, 0x00, 0x00,
    0x00, 0x03, 0x00, 0xc0, 0x00, 0x00, 0x00, 0x00, 0x00, 0x00, 0x00, 0x00, 0x00, 0x00, 0x00, 0x00,
    0x00, 0x03, 0x03, 0x00, 0x00, 0x00, 0x00, 0x00, 0xc0, 0x00, 0x30, 0x00, 0x00, 0x00, 0x00, 0x00,
    0x00, 0x00, 0x03, 0x03, 0x00, 0x00, 0x00, 0x00, 0x00, 0x00, 0x30, 0x00, 0x00, 0x30, 0x00, 0x00,
    0x00, 0x00, 0x00, 0x00, 0x00, 0x0c, 0x00, 0x00, 0x00, 0xc0, 0x00, 0x00, 0x00, 0x30, 0x00, 0x00,
    0x00, 0x30, 0x03, 0x00, 0x00, 0xc3, 0x00, 0x00, 0x00, 0x00, 0x00, 0x00, 0x00, 0x30, 0x00, 0x00,
    0x30, 0x00, 0x00, 0x00, 0x0c, 0x0c, 0x03, 0x30, 0x0c, 0xc3, 0x33, 0x33, 0x30, 0xcc, 0xcc, 0x33,
    0x33, 0x30, 0xcc, 0x30, 0x00, 0x00, 0x00, 0xc0, 0x33, 0x3f, 0xcf, 0xf3, 0x33, 0xfc, 0xfc, 0xcc,
    0xf3, 0x33, 0x33, 0x30, 0x00, 0x0c, 0x30, 0x30, 0xc3, 0x00, 0x00, 0x00, 0x00, 0x00, 0x00, 0x00,
    0x00, 0x00, 0x00, 0x00, 0x00, 0x30, 0x00, 0x00, 0x00, 0x00, 0x00, 0x00, 0x00, 0x00, 0x00, 0x0c,
    0x00, 0x03, 0x00, 0x00, 0x00, 0x00, 0x00, 0x00, 0x00, 0x00, 0x00, 0x00, 0x00, 0x00, 0x00, 0x00,
    0x00, 0x00, 0x00, 0x00, 0x00, 0x00, 0x00, 0x00, 0x0c, 0x00, 0x00, 0x00, 0x00, 0x00, 0x00, 0x00,
    0x00, 0x00, 0x00, 0x00, 0x03, 0x00, 0x00, 0x30, 0xc0, 0x00, 0x00, 0x00, 0x00, 0x00, 0x00, 0x00,
    0x03, 0x00, 0xc0, 0x30, 0x00, 0x00, 0x00, 0xc3, 0x00, 0x00, 0xc0, 0x00, 0xc0, 0xc0, 0xcc, 0x0c,
    0xc3, 0x33, 0x0c, 0xcc, 0xcc, 0xcc, 0xcc, 0xcc, 0x33, 0x0c, 0x33, 0x0c, 0x00, 0x00, 0x00, 0x00,
    0x33, 0xc0, 0xf3, 0x33, 0xfc, 0xcf, 0x33, 0x33, 0x33, 0xcc, 0xcc, 0xcc, 0xc0, 0x00, 0x00, 0x00,
    0x00, 0x00, 0x00, 0x00, 0x00, 0x0c, 0x00, 0x00, 0x00, 0x00, 0x00, 0x00, 0x0c, 0x00, 0x00, 0x00,
    0x00, 0xc0, 0x00, 0x00, 0x00, 0x00, 0x00, 0xc0, 0x00, 0x00, 0x00, 0x00, 0x30, 0x00, 0x00, 0x00,
    0x00, 0x00, 0x30, 0x00, 0x00, 0x00, 0x00, 0x00, 0x0c, 0x00, 0x00, 0x00, 0x00, 0x00, 0x00, 0x30,
    0x00, 0x00, 0x00, 0x00, 0x00, 0x00, 0x00, 0x00, 0x00, 0x00, 0x00, 0x00, 0x30, 0x00, 0x30, 0x00,
    0x00, 0x00, 0xc0, 0x03, 0x00, 0x00, 0x00, 0xc0, 0x30, 0x00, 0x00, 0x00, 0x0c, 0x00, 0x0c, 0x00,
    0x00, 0x30, 0x00, 0xc0, 0x00, 0x0c, 0x03, 0x30, 0xcc, 0xcc, 0xcc, 0x33, 0x33, 0x0c, 0x33, 0x33,
    0x0c, 0xcc, 0xc0, 0xc3, 0x03, 0x00, 0xc0, 0x00, 0x33, 0x3f, 0x33, 0xcc, 0xcf, 0x33, 0xfc, 0xfc,
    0xcc, 0xf3, 0xcc, 0xc0, 0x0c, 0x00, 0x00, 0x00, 0x00, 0x00, 0x0c, 0x00, 0x00, 0xc0, 0x00, 0x30,
    0x00, 0x30, 0x00, 0x00, 0xc0, 0x00, 0x00, 0x00, 0x00, 0x00, 0x00, 0x00, 0x00, 0x00, 0x0c, 0x00,
    0x00, 0x00, 0x00, 0x00, 0x00, 0x00, 0x00, 0x30, 0x00, 0x03, 0x00, 0x00, 0x00, 0x00, 0x00, 0x00,
    0x00, 0x00, 0x00, 0x0c, 0x00, 0x00, 0x00, 0x00, 0x00, 0x00, 0x00, 0x00, 0x00, 0x00, 0x00, 0x00,
    0x00, 0x00, 0x03, 0x00, 0x00, 0x00, 0x00, 0x00, 0x0c, 0x30, 0x00, 0xc0, 0x0c, 0x00, 0xc0, 0x00,
    0x00, 0x00, 0x00, 0x00, 0x00, 0x00, 0xc0, 0x00, 0x03, 0x00, 0x00, 0x00, 0x03, 0x00, 0xcc, 0xcc,
    0x30, 0x33, 0x0c, 0xcc, 0x30, 0xcc, 0xcc, 0x30, 0xcc, 0xc3, 0x33, 0x30, 0x00, 0x00, 0x00, 0x00,
    0x33, 0x33, 0xcc, 0xff, 0x33, 0xfc, 0xcf, 0x33, 0xcf, 0x33, 0x33, 0x33, 0x00, 0x30, 0x03, 0x00,
    0x00, 0x30, 0x00, 0x03, 0x00, 0x00, 0x03, 0x00, 0x0c, 0x00, 0x0c, 0x00, 0x00, 0x00, 0x03, 0x03,
    0x00, 0x00, 0x00, 0x00, 0x00, 0x30, 0x00, 0x00, 0x00, 0x00, 0x00, 0x00, 0x00, 0x00, 0x03, 0x00,
    0x03, 0x00, 0x00, 0x00, 0x00, 0x30, 0x00, 0x00, 0x00, 0x00, 0x00, 0x00, 0x00, 0x00, 0x00, 0x00,
    0x00, 0x00, 0x00, 0x00, 0x00, 0x00, 0x00, 0x00, 0x01, 0x00, 0xc0, 0x03, 0x00, 0x03, 0x00, 0xc0,
    0xc0, 0x00, 0x00, 0x00, 0x00, 0x30, 0x00, 0x00, 0x00, 0x00, 0x03, 0x00, 0x00, 0x00, 0x00, 0x0c,
    0x30, 0x00, 0x30, 0x00, 0x00, 0x30, 0x30, 0x03, 0x0c, 0xc3, 0x33, 0x33, 0x33, 0x33, 0x33, 0x33,
    0x30, 0xcc, 0x00, 0x00, 0x00, 0x0c, 0x00, 0x0c, 0x33, 0xcc, 0xff, 0x33, 0xfc, 0xcf, 0x33, 0x33,
    0x33, 0x33, 0x33, 0x00, 0x30, 0x00, 0xc0, 0x03, 0x0c, 0x00, 0x00, 0x00, 0x00, 0x00, 0x00, 0x00,
    0x00, 0x00, 0x00, 0x00, 0x00, 0x00, 0x00, 0x00, 0x00, 0x00, 0x00, 0xc0, 0x30, 0x00, 0x00, 0x00,
    0x00, 0x00, 0x00, 0x00, 0x00, 0x00, 0x30, 0x00, 0x00, 0x00, 0x00, 0x00, 0x03, 0x00, 0x00, 0x00,
    0x00, 0x00, 0x00, 0x00, 0x00, 0x00, 0x00, 0x00, 0x00, 0x00, 0x00, 0x00, 0x00, 0x00, 0x00, 0x00,
    0x00, 0x30, 0x00, 0x00, 0x00, 0x30, 0x00, 0x00, 0x00, 0x00, 0x30, 0x00, 0x00, 0x00, 0x03, 0x03,
    0x00, 0x03, 0x00, 0x03, 0x00, 0x0c, 0x00, 0xc0, 0x00, 0x03, 0x00, 0x30, 0xc0, 0xc3, 0x0c, 0xcc,
    0xcc, 0x30, 0xcc, 0xcc, 0xcc, 0xcc, 0xcc, 0xcc, 0xcc, 0x33, 0x33, 0x30, 0xc0, 0xc0, 0x00, 0xc0,
    0x33, 0x3f, 0x33, 0xcc, 0xcc, 0xf3, 0xcf, 0x3c, 0xcc, 0xcc, 0xcc, 0xcc, 0x00, 0x00, 0x00, 0x00,
    0x00, 0x00, 0x00, 0x00, 0x00, 0x00, 0x00, 0x00, 0x00, 0x00, 0x00, 0x00, 0x00, 0x00, 0x00, 0x00,
    0x00, 0x00, 0x30, 0x00, 0x00, 0x00, 0x00, 0x00, 0x00, 0x00, 0x00, 0x00, 0x00, 0x0c, 0x00, 0x00,
    0x00, 0x00, 0x00, 0x00, 0x00, 0x00, 0x00, 0xc0, 0x00, 0x03, 0x00, 0x00, 0x04, 0x00, 0x00, 0x00,
    0x00, 0x00, 0x03, 0x00, 0x00, 0x00, 0x00, 0x00, 0x00, 0x00, 0x00, 0x00, 0x00, 0x00, 0x0c, 0x0c,
    0x00, 0xc3, 0x00, 0x30, 0xc0, 0x00, 0x30, 0x00, 0x00, 0x30, 0x00, 0x00, 0x00, 0x00, 0x00, 0x00,
    0x00, 0x30, 0x00, 0x00, 0x00, 0x30, 0xc3, 0x33, 0x0c, 0xcc, 0xcc, 0x33, 0x33, 0x33, 0x0c, 0x30,
    0xc3, 0x30, 0xcc, 0x00, 0x00, 0x00, 0x0c, 0x00, 0x33, 0xcc, 0xf3, 0x3f, 0x3f, 0x33, 0x33, 0xcc,
    0xf3, 0x33, 0x33, 0x03, 0x0c, 0x0c, 0x00, 0x00, 0x00, 0x00, 0xc3, 0x00, 0x30, 0x00, 0x00, 0x00,
    0x00, 0x00, 0x00, 0x0c, 0x00, 0x00, 0x30, 0x00, 0x03, 0x03, 0x00, 0x00, 0x00, 0x00, 0x00, 0x00,
    0x00, 0x0c, 0x00, 0x0c, 0x00, 0xc0, 0x00, 0x00, 0x00, 0x00, 0x00, 0x00, 0xc0, 0x00, 0x0c, 0x00,
    0x30, 0x00, 0x00, 0x00, 0x00, 0x00, 0x00, 0x00, 0x00, 0x00, 0x00, 0x00, 0x00, 0x00, 0x00, 0x00,
    0x03, 0x00, 0x00, 0x00, 0x00, 0x00, 0x00, 0x00, 0x0c, 0x00, 0x00, 0x00, 0x03, 0x03, 0x00, 0x00,
    0x03, 0x00, 0x00, 0x00, 0x03, 0x00, 0x0c, 0x00, 0xc0, 0x00, 0x03, 0x00, 0x0c, 0x00, 0x30, 0x0c,
    0xc3, 0x33, 0x33, 0x30, 0xc3, 0x0c, 0xcc, 0xcc, 0x33, 0x0c, 0x33, 0x30, 0x00, 0x00, 0x00, 0x00,
    0x33, 0x33, 0x3c, 0xcc, 0xcc, 0xcf, 0x3c, 0xcf, 0x33, 0xcc, 0xcc, 0x30, 0x00, 0x00, 0x03, 0x00,
    0x00, 0x0c, 0x00, 0x03, 0x00, 0x00, 0x00, 0x00, 0x00, 0x00, 0xc0, 0x00, 0x00, 0x03, 0x00, 0x00,
    0x00, 0x00, 0x00, 0x00, 0x00, 0x00, 0x00, 0x00, 0x00, 0x00, 0x00, 0xc0, 0x00, 0x00, 0x00, 0x00,
    0x00, 0x00, 0x00, 0x00, 0x00, 0x00, 0x00, 0x00, 0x00, 0x00, 0x00, 0xc0, 0x00, 0xc0, 0x03, 0x00,
    0x00, 0x00, 0x00, 0x00, 0x03, 0x00, 0x00, 0x00, 0x00, 0x00, 0x00, 0xc0, 0xc0, 0xc0, 0x00, 0x00,
    0xc0, 0x00, 0x03, 0x00, 0x00, 0x00, 0x00, 0x0c, 0x00, 0x00, 0x00, 0x30, 0x00, 0x00, 0xc0, 0x0c,
    0x03, 0x00, 0x30, 0x03, 0x00, 0xcc, 0xcc, 0xc0, 0xcc, 0xcc, 0x33, 0x0c, 0xcc, 0xc3, 0x33, 0x33,
    0x33, 0x33, 0x00, 0x00, 0x30, 0x30, 0x00, 0x00, 0x33, 0x33, 0xcf, 0xff, 0x3c, 0xf3, 0xcc, 0xcc,
    0xcc, 0xcc, 0xc3, 0x30, 0xc0, 0x00, 0x30, 0x0c, 0x30, 0x00, 0x00, 0x00, 0x00, 0x30, 0x00, 0x00,
    0xc0, 0x0c, 0x00, 0x00, 0x00, 0x30, 0x00, 0x03, 0x00, 0x00, 0x00, 0x00, 0x00, 0x04, 0x30, 0x00,
    0x03, 0x00, 0x00, 0x00, 0x00, 0x00, 0x00, 0x00, 0x0c, 0x00, 0x00, 0x30, 0x00, 0x00, 0x00, 0x00,
    0x00, 0x00, 0x00, 0x00, 0x00, 0x00, 0x30, 0x00, 0x00, 0x00, 0x00, 0x00, 0x00, 0x00, 0x00, 0x00,
    0x00, 0x00, 0x30, 0x00, 0x00, 0x00, 0xc0, 0xc0, 0x00, 0x03, 0x00, 0x00, 0x00, 0x00, 0x00, 0x00,
    0x00, 0x00, 0x00, 0x00, 0x00, 0x00, 0x00, 0x00, 0x00, 0x03, 0x00, 0x00, 0x00, 0x00, 0x03, 0x33,
    0x30, 0x33, 0x30, 0xcc, 0xcc, 0x33, 0x0c, 0xcc, 0xcc, 0xcc, 0xcc, 0xc0, 0x00, 0x00, 0x00, 0x03,
    0x33, 0xcc, 0xcc, 0x33, 0xcf, 0x3c, 0xcf, 0x33, 0x33, 0x33, 0x30, 0xc0, 0x03, 0x03, 0x00, 0x00,
    0x00, 0x00, 0x00, 0x00, 0x00, 0x00, 0x03, 0x00, 0x00, 0x00, 0x00, 0x00, 0x0c, 0x00, 0x00, 0x00,
    0x00, 0x00, 0x00, 0x00, 0xc0, 0xc0, 0x00, 0x00, 0x30, 0x00, 0x00, 0x00, 0x00, 0x00, 0x00, 0x00,
    0x00, 0x03, 0x00, 0x00, 0x00, 0x00, 0x00, 0x00, 0x00, 0x00, 0x00, 0x00, 0x00, 0x00, 0x00, 0x00,
    0x00, 0x00, 0x00, 0x00, 0x00, 0x00, 0x00, 0x00, 0x00, 0x03, 0x00, 0x00, 0x00, 0x00, 0x00, 0x00,
    0x00, 0xc0, 0x00, 0x0c, 0x30, 0x30, 0x03, 0x00, 0x30, 0x00, 0x0c, 0x00, 0x30, 0x0c, 0x00, 0x00,
    0x00, 0x30, 0x00, 0x30, 0x0c, 0xcc, 0xcc, 0x0c, 0x0c, 0xcc, 0xcc, 0xcc, 0x33, 0x30, 0xcc, 0x30,
    0xc3, 0x03, 0x03, 0x03, 0x00, 0x00, 0xc0, 0x30, 0x33, 0x3c, 0xf3, 0xcc, 0xcc, 0xcc, 0xf3, 0x3c,
    0xcc, 0xcc, 0xcc, 0xcc, 0xc0, 0x00, 0x00, 0x00, 0x00, 0xc0, 0x03, 0x00, 0x00, 0x00, 0x00, 0x00,
    0x00, 0x00, 0x00, 0xc0, 0x00, 0x00, 0x00, 0x00, 0x00, 0x00, 0x00, 0x00, 0x00, 0x00, 0x00, 0x03,
    0x00, 0x00, 0x00, 0x00, 0x00, 0x00, 0x00, 0x00, 0x00, 0x00, 0x00, 0x00, 0x00, 0x01, 0x00, 0x00,
    0x00, 0x00, 0x00, 0x00, 0x00, 0x00, 0x00, 0x00, 0x00, 0x03, 0x00, 0x00, 0x00, 0x00, 0x00, 0x00,
    0x00, 0xc0, 0x00, 0x00, 0x00, 0x00, 0x00, 0x0c, 0x30, 0x00, 0x30, 0xc0, 0x00, 0x00, 0x30, 0x00,
    0x00, 0x0c, 0x00, 0x00, 0x00, 0x00, 0x0c, 0x00, 0x30, 0x00, 0x03, 0x00, 0x00, 0x00, 0x33, 0x33,
    0x33, 0x33, 0x33, 0x33, 0x33, 0x33, 0x33, 0x33, 0x30, 0xcc, 0xc0, 0x00, 0x03, 0x0c, 0x00, 0x00,
    0x33, 0x33, 0x33, 0x33, 0xcf, 0x3c, 0xcc, 0xcc, 0xcf, 0x33, 0x03, 0x00, 0x00, 0x00, 0x00, 0x00,
    0x00, 0x00, 0x30, 0x03, 0x03, 0x00, 0xc0, 0x00, 0x00, 0x00, 0x00, 0x00, 0x00, 0x00, 0x00, 0x00,
    0x00, 0x30, 0x00, 0x30, 0x00, 0x00, 0x00, 0x00, 0x00, 0x00, 0x00, 0x00, 0x03, 0x00, 0x00, 0x03,
    0x00, 0x00, 0x00, 0x00, 0x00, 0x10, 0x00, 0x00, 0x00, 0x30, 0x00, 0x00, 0x0c, 0x00, 0x00, 0x00,
    0x00, 0x30, 0x00, 0x00, 0x00, 0x00, 0x00, 0x00, 0x00, 0x00, 0x00, 0x0c, 0x0c, 0x0c, 0x03, 0x00,
    0x00, 0x03, 0x00, 0x00, 0x00, 0x00, 0x00, 0x03, 0x00, 0x00, 0x00, 0x00, 0x00, 0x00, 0x00, 0x30,
    0x00, 0x00, 0x30, 0x00, 0xc0, 0xc3, 0x00, 0x00, 0xcc, 0x30, 0xc3, 0x33, 0x30, 0xcc, 0xcc, 0xcc,
    0xcc, 0xc0, 0x33, 0x00, 0x00, 0x00, 0x00, 0x00, 0x33, 0xcf, 0x3c, 0xfc, 0xf3, 0xcc, 0xcf, 0x33,
    0x33, 0x33, 0x33, 0x30, 0xc0, 0xc0, 0x0c, 0x30, 0xc0, 0x03, 0x00, 0x00, 0x00, 0x00, 0x00, 0x00,
    0x03, 0x00, 0x00, 0x00, 0x00, 0x00, 0x00, 0x30, 0x03, 0x00, 0x03, 0x00, 0x00, 0x00, 0x00, 0x00,
    0x00, 0x00, 0x0c, 0x00, 0x00, 0x00, 0x00, 0xc0, 0x00, 0x00, 0x00, 0x00, 0x00, 0x00, 0x30, 0x0c,
    0x03, 0x00, 0x0c, 0x00, 0x00, 0x00, 0x00, 0x00, 0x03, 0x00, 0x00, 0x00, 0x00, 0x00, 0x00, 0x00,
    0x00, 0x00, 0x00, 0x00, 0x00, 0x00, 0x00, 0x00, 0x00, 0x30, 0x00, 0x00, 0xc3, 0x0c, 0x00, 0x00,
    0x00, 0xc0, 0x00, 0x0c, 0x00, 0xc0, 0x00, 0x00, 0x00, 0x0c, 0x00, 0x00, 0x00, 0x0c, 0xcc, 0xcc,
    0x33, 0x0c, 0xcc, 0xcc, 0xcc, 0xcc, 0xc3, 0x33, 0x0c, 0x33, 0x00, 0x0c, 0x30, 0x00, 0x0c, 0x00,
    0x33, 0x33, 0xcc, 0xcc, 0xcc, 0xcf, 0x33, 0x33, 0x33, 0x30, 0xcc, 0xc0, 0x00, 0x03, 0x00, 0x00,
    0x00, 0x30, 0x00, 0x00, 0x00, 0x0c, 0x00, 0x00, 0x30, 0x00, 0x30, 0x00, 0xc0, 0x00, 0x03, 0x00,
    0x00, 0x00, 0x00, 0x00, 0x00, 0x00, 0x00, 0x30, 0x00, 0x00, 0x00, 0x00, 0xc0, 0x00, 0x30, 0x00,
    0x00, 0x00, 0x0c, 0x00, 0x0c, 0x00, 0x00, 0x00, 0x00, 0x00, 0x00, 0x00, 0x00, 0x00, 0x30, 0x00,
    0x10, 0x00, 0x00, 0x00, 0x00, 0x00, 0x00, 0x00, 0x03, 0x00, 0x03, 0x00, 0x00, 0x00, 0x00, 0x00,
    0x0c, 0x00, 0x03, 0x0c, 0x00, 0x00, 0x00, 0xc0, 0x00, 0x00, 0x00, 0xc0, 0x00, 0x00, 0xc3, 0x00,
    0xc0, 0xc0, 0x00, 0x0c, 0x03, 0x00, 0x33, 0x33, 0x0c, 0xcc, 0x33, 0x33, 0x33, 0x33, 0x33, 0x0c,
    0xc3, 0x30, 0xcc, 0x00, 0x00, 0x00, 0x00, 0x03, 0x33, 0x3c, 0xcf, 0x33, 0x33, 0x33, 0x33, 0xcc,
    0xcc, 0xcc, 0x33, 0x0c, 0x30, 0x00, 0x00, 0x00, 0x03, 0x00, 0x00, 0x30, 0x00, 0x00, 0x00, 0x00,
    0x00, 0x00, 0x00, 0x00, 0x00, 0x30, 0x30, 0x00, 0x00, 0x00, 0x00, 0x00, 0x00, 0x00, 0xc0, 0x00,
    0x00, 0x00, 0x00, 0x00, 0x00, 0x00, 0x00, 0x00, 0x00, 0x30, 0x00, 0x03, 0x00, 0x00, 0x00, 0x00,
    0x00, 0x00, 0x00, 0x00, 0x00, 0x00, 0x00, 0x04, 0x00, 0x00, 0x00, 0x00, 0x00, 0x00, 0x00, 0x00,
    0x00, 0x00, 0xc0, 0x00, 0x30, 0x00, 0xc0, 0x03, 0x00, 0x00, 0x30, 0x00, 0x00, 0x00, 0xc0, 0x00,
    0x00, 0x00, 0x30, 0x00, 0x00, 0x00, 0x00, 0x0c, 0x00, 0x00, 0x00, 0xc0, 0x00, 0x33, 0x00, 0x30,
    0xc3, 0x33, 0x30, 0xcc, 0x30, 0xcc, 0xcc, 0xcc, 0x33, 0x0c, 0x30, 0x00, 0x00, 0xc3, 0x00, 0x30,
    0x33, 0xcc, 0xf3, 0x3c, 0xcc, 0xcc, 0xcc, 0xcf, 0x33, 0x33, 0x30, 0xc0, 0x00, 0x30, 0x00, 0x00,
    0x00, 0x00, 0x00, 0x00, 0x0c, 0x00, 0x00, 0x0c, 0x00, 0x00, 0x00, 0x00, 0x00, 0x00, 0x00, 0x00,
    0x00, 0x00, 0x00, 0x00, 0x03, 0x00, 0x00, 0x00, 0x00, 0x03, 0x00, 0x00, 0x00, 0x00, 0x00, 0x00,
    0x00, 0x00, 0x00, 0x00, 0x00, 0x03, 0x00, 0x00, 0x00, 0x00, 0x00, 0x03, 0x00, 0x00, 0x00, 0x00,
    0x00, 0x00, 0x00, 0x00, 0x30, 0x00, 0x00, 0x00, 0x00, 0x00, 0x00, 0x03, 0x00, 0x30, 0x00, 0xc0,
    0x00, 0x03, 0x00, 0x00, 0x0c, 0x0c, 0x00, 0x03, 0x03, 0x00, 0x00, 0x00, 0x0c, 0x00, 0x00, 0x00,
    0x00, 0x00, 0x0c, 0x00, 0x30, 0x00, 0xcc, 0xcc, 0xcc, 0x0c, 0xcc, 0xc3, 0x33, 0x33, 0x33, 0x33,
    0x33, 0x33, 0x00, 0xc3, 0x0c, 0x00, 0x03, 0x00, 0x33, 0x33, 0x33, 0x33, 0x3c, 0xcc, 0xcc, 0xcc,
    0xcc, 0xcc, 0x3c, 0x0c, 0xc0, 0x00, 0x0c, 0x30, 0xc0, 0x00, 0x0c, 0x00, 0xc0, 0x00, 0x30, 0xc0,
    0x00, 0x00, 0x00, 0x30, 0x00, 0x00, 0x00, 0x00, 0x00, 0x00, 0x30, 0x00, 0x00, 0x00, 0x00, 0x00,
    0x00, 0x00, 0x00, 0x00, 0x00, 0x00, 0x00, 0x00, 0x00, 0x00, 0x00, 0x00, 0x00, 0x00, 0x00, 0x00,
    0x00, 0x00, 0x00, 0x00, 0x00, 0x00, 0x00, 0x00, 0x00, 0x00, 0x00, 0x00, 0x00, 0x00, 0x00, 0x00,
    0x00, 0x0c, 0x00, 0x00, 0x00, 0x00, 0x00, 0x00, 0x00, 0x30, 0x00, 0x0c, 0x00, 0x00, 0x0c, 0x30,
    0x00, 0x00, 0x00, 0x00, 0x00, 0x00, 0x03, 0x00, 0x30, 0xc0, 0xc0, 0x00, 0x03, 0x30, 0x30, 0x33,
    0x33, 0x33, 0x33, 0x33, 0x30, 0xcc, 0x30, 0xcc, 0xcc, 0xc0, 0xcc, 0x00, 0x00, 0x00, 0x00, 0x00,
    0x33, 0x33, 0x33, 0xcc, 0xcf, 0x33, 0x33, 0x33, 0x33, 0x33, 0x33, 0x00, 0x03, 0x00, 0xc0, 0x00,
    0x00, 0x03, 0x00, 0x00, 0x00, 0x03, 0x00, 0x00, 0x00, 0x03, 0x00, 0x00, 0x03, 0x00, 0x00, 0x00,
    0x30, 0x03, 0x00, 0x00, 0xc0, 0x00, 0x00, 0x00, 0x00, 0x00, 0x00, 0x30, 0x00, 0x0c, 0x00, 0x00,
    0x00, 0x00, 0x00, 0x00, 0x00, 0x00, 0x00, 0x30, 0x30, 0x00, 0x00, 0x00, 0x00, 0x00, 0x00, 0x00,
    0xc0, 0x00, 0x00, 0x00, 0x00, 0x00, 0x00, 0x00, 0x03, 0x00, 0x00, 0x00, 0x00, 0x00, 0x0c, 0x00,
    0x0c, 0x00, 0x00, 0xc0, 0x00, 0xc0, 0x00, 0x00, 0x00, 0x03, 0x00, 0x00, 0xc0, 0x03, 0x00, 0x0c,
    0x00, 0x00, 0x00, 0x03, 0x00, 0x0c, 0xcc, 0xc3, 0x03, 0x30, 0xcc, 0xcc, 0xcc, 0xc3, 0x33, 0x30,
    0xc3, 0x33, 0x00, 0x00, 0x00, 0x0c, 0x00, 0x00, 0xcc, 0xcc, 0xcc, 0xf3, 0xcc, 0xcc, 0xcc, 0xcc,
    0xcc, 0xc3, 0x30, 0xcc, 0x00, 0x00, 0x00, 0x00, 0x03, 0x00, 0x00, 0x00, 0x00, 0x00, 0x00, 0x00,
    0x00, 0x00, 0x00, 0x00, 0x00, 0x00, 0x00, 0x00, 0x00, 0x00, 0x00, 0x00, 0x00, 0x00, 0x03, 0x00,
    0x0c, 0x00, 0x00, 0x00, 0x00, 0x00, 0x00, 0x00, 0x0c, 0x00, 0x40, 0xc0, 0x00, 0x00, 0x00, 0x00,
    0x00, 0x03, 0x03, 0x00, 0x00, 0x0c, 0x00, 0x00, 0x00, 0x00, 0x00, 0x00, 0x00, 0x00, 0x00, 0x00,
    0x00, 0x00, 0x00, 0xc0, 0x03, 0x00, 0xc0, 0x03, 0x00, 0x00, 0x00, 0x00, 0x30, 0x00, 0x00, 0x00,
    0x30, 0x30, 0x00, 0xc0, 0x00, 0x00, 0x00, 0x00, 0x00, 0x0c, 0x00, 0x30, 0x00, 0xc0, 0x03, 0x30,
    0xcc, 0xcc, 0xc3, 0x33, 0x33, 0x33, 0x0c, 0xcc, 0x30, 0xc0, 0xc0, 0x30, 0x30, 0xc0, 0x00, 0xc0,
    0x33, 0x3f, 0x33, 0x3c, 0xcc, 0xf3, 0xcf, 0x33, 0x33, 0x33, 0x0c, 0x03, 0x00, 0x0c, 0x00, 0x00,
    0x30, 0x00, 0x00, 0x30, 0x00, 0x30, 0x00, 0x00, 0x00, 0xc0, 0x00, 0x00, 0x00, 0x00, 0x00, 0x00,
    0x00, 0x30, 0x00, 0x00, 0x00, 0x03, 0x00, 0x00, 0xc0, 0x00, 0x00, 0x00, 0x03, 0x00, 0x00, 0x0c,
    0x00, 0x00, 0x00, 0x00, 0x00, 0x00, 0x00, 0x00, 0x00, 0x00, 0x00, 0x00, 0x00, 0x00, 0x00, 0x00,
    0x00, 0x00, 0x00, 0x00, 0x00, 0x00, 0x03, 0x00, 0x00, 0x00, 0x0c, 0x00, 0x30, 0x00, 0x00, 0x00,
    0x00, 0x00, 0xc0, 0x00, 0x00, 0x03, 0x03, 0x00, 0x00, 0x00, 0x00, 0x00, 0x00, 0x00, 0x00, 0xc0,
    0xc3, 0x00, 0x0c, 0x00, 0x0c, 0x0c, 0xcc, 0x0c, 0xc3, 0x33, 0x33, 0x0c, 0xcc, 0xcc, 0xcc, 0x33,
    0x33, 0x33, 0x00, 0x00, 0x00, 0x00, 0x0c, 0x00, 0x33, 0xcc, 0xf3, 0xcc, 0xf3, 0x33, 0x33, 0x33,
    0x33, 0x0c, 0xc3, 0x30, 0x0c, 0x00, 0x0c, 0x30, 0x00, 0x00, 0x0c, 0x00, 0x30, 0x00, 0x00, 0x00,
    0x00, 0x00, 0x03, 0x00, 0xc0, 0x00, 0xc0, 0xc0, 0x00, 0x00, 0x00, 0x0c, 0x00, 0x00, 0x00, 0x00,
    0x00, 0x00, 0xc0, 0x00, 0x00, 0x00, 0x03, 0x00, 0x00, 0x00, 0x00, 0x00, 0x0c, 0x0c, 0x0c, 0x00,
    0x00, 0x00, 0x00, 0x00, 0x00, 0x00, 0x00, 0x30, 0x00, 0x00, 0x00, 0x00, 0x00, 0x00, 0x00, 0x00,
    0x0c, 0x0c, 0x00, 0x03, 0x00, 0x00, 0x00, 0x30, 0x00, 0xc0, 0x03, 0x03, 0x00, 0x00, 0x00, 0x03,
    0x00, 0x00, 0x00, 0x00, 0x00, 0xc0, 0x00, 0x00, 0x00, 0x00, 0xc0, 0x00, 0xc0, 0xc0, 0xc3, 0x33,
    0x30, 0xcc, 0xcc, 0xcc, 0x33, 0x33, 0x33, 0x33, 0x30, 0xc0, 0x03, 0x03, 0x00, 0x00, 0xc0, 0x0c,
    0x33, 0x33, 0x3c, 0xcc, 0xcc, 0xcc, 0xcc, 0xcc, 0xcc, 0xcf, 0x30, 0x0c, 0x00, 0x00, 0x00, 0x00,
    0x00, 0x30, 0xc0, 0x00, 0x00, 0x00, 0x00, 0xc0, 0xc0, 0x00, 0x00, 0x00, 0x00, 0x0c, 0x00, 0x00,
    0xc0, 0x00, 0x00, 0x00, 0x00, 0x30, 0x00, 0x00, 0x00, 0x00, 0x00, 0x00, 0x00, 0x00, 0x00, 0x00,
    0x00, 0x03, 0x00, 0x00, 0x00, 0x00, 0x00, 0x00, 0x00, 0x00, 0x00, 0x00, 0x03, 0x00, 0x00, 0x00,
    0x00, 0xc0, 0xc0, 0x0c, 0x00, 0x00, 0x00, 0x00, 0x00, 0x00, 0x30, 0x00, 0x00, 0x0c, 0x03, 0x00,
    0x0c, 0x00, 0x00, 0x00, 0x03, 0x00, 0x30, 0x00, 0x00, 0xc0, 0x30, 0x00, 0xc0, 0x00, 0x30, 0x0c,
    0x30, 0x30, 0x00, 0x30, 0x00, 0x0c, 0x30, 0xc0, 0xcc, 0x30, 0xc3, 0x33, 0x30, 0xc3, 0x33, 0x0c,
    0xcc, 0x33, 0x00, 0x00, 0x0c, 0x30, 0x00, 0x00, 0x33, 0x33, 0x33, 0x33, 0x3c, 0xf3, 0x33, 0x33,
    0x30, 0x33, 0x0c, 0xc0, 0xc0, 0xc3, 0x00, 0x00, 0xc0, 0x00, 0x00, 0x00, 0x00, 0x00, 0x0c, 0x00,
    0x00, 0x00, 0x30, 0x00, 0x00, 0xc0, 0x00, 0x00, 0x00, 0x00, 0x00, 0x00, 0x00, 0x00, 0x00, 0x00,
    0x00, 0x00, 0x00, 0x03, 0x00, 0x00, 0x00, 0x00, 0x00, 0x00, 0x00, 0x00, 0x00, 0x00, 0x00, 0x00,
    0x00, 0xc0, 0x00, 0x00, 0x30, 0x00, 0x00, 0x00, 0x00, 0x00, 0x00, 0x00, 0x00, 0x00, 0x00, 0x00,
    0x03, 0x03, 0x00, 0x30, 0x00, 0xc0, 0x00, 0x00, 0x00, 0x03, 0x00, 0x30, 0x00, 0x0c, 0x00, 0x30,
    0x00, 0x00, 0x00, 0x30, 0x00, 0x00, 0x00, 0x00, 0x00, 0x00, 0x03, 0x00, 0x00, 0xc3, 0x0c, 0xcc,
    0xc3, 0x33, 0x33, 0x33, 0x33, 0x33, 0x0c, 0xcc, 0x33, 0x0c, 0x00, 0x00, 0x00, 0x00, 0x00, 0x00,
    0xcc, 0xcc, 0xcc, 0xf3, 0xcf, 0x3c, 0xf3, 0x33, 0x33, 0x3c, 0xc0, 0x30, 0x00, 0x00, 0x03, 0x0c,
    0x03, 0x00, 0x00, 0x0c, 0x03, 0x03, 0x00, 0x00, 0x00, 0x30, 0x00, 0x00, 0x00, 0x00, 0x00, 0x00,
    0x00, 0x00, 0x0c, 0x00, 0x00, 0x00, 0x00, 0x30, 0x00, 0x00, 0x00, 0x30, 0x00, 0x00, 0x00, 0x00,
    0x00, 0x00, 0x00, 0xc0, 0xc0, 0x00, 0x00, 0x00, 0xc0, 0x00, 0x00, 0x03, 0x00, 0x00, 0x00, 0x00,
    0x00, 0x00, 0x00, 0x00, 0x00, 0x00, 0x00, 0x00, 0x00, 0x00, 0x03, 0x00, 0x30, 0x00, 0x30, 0x00,
    0xc0, 0x00, 0x0c, 0x00, 0xc0, 0x00, 0x03, 0x00, 0x30, 0x03, 0x00, 0x00, 0x00, 0x00, 0x00, 0x00,
    0x0c, 0x0c, 0x30, 0x00, 0xc0, 0x30, 0xc0, 0xcc, 0x33, 0x33, 0x33, 0x0c, 0xcc, 0xcc, 0xcc, 0xc3,
    0x0c, 0xc0, 0x30, 0x30, 0xc0, 0x03, 0x00, 0x0c, 0x33, 0x3c, 0xf3, 0x3c, 0xcc, 0xcc, 0xcc, 0xcc,
    0xcc, 0xcc, 0x33, 0x0c, 0x0c, 0x00, 0x30, 0x00, 0x00, 0x00, 0x30, 0x00, 0x00, 0x00, 0x00, 0x00,
    0x00, 0x00, 0x00, 0x0c, 0x00, 0x00, 0x00, 0x00, 0x00, 0xc0, 0xc0, 0x00, 0x30, 0x00, 0x00, 0x00,
    0x00, 0x30, 0x00, 0x00, 0x00, 0x03, 0x00, 0x00, 0x00, 0xc0, 0x00, 0x00, 0x00, 0x00, 0x00, 0x00,
    0x00, 0x00, 0x0c, 0x00, 0x00, 0x00, 0x00, 0x00, 0x00, 0x00, 0x00, 0x00, 0x00, 0x00, 0x00, 0x00,
    0x0c, 0x30, 0x00, 0x03, 0x00, 0x03, 0x00, 0x30, 0x00, 0x30, 0x00, 0x00, 0x03, 0x00, 0xc0, 0x00,
    0x00, 0x00, 0x00, 0x00, 0x03, 0x03, 0x00, 0x30, 0xc0, 0xc0, 0x00, 0x0c, 0x03, 0x00, 0x33, 0x0c,
    0xcc, 0xcc, 0xcc, 0xcc, 0x33, 0x33, 0x33, 0x33, 0x30, 0x33, 0x00, 0x00, 0x03, 0x00, 0x03, 0x00,
    0x33, 0xcf, 0x3c, 0xcc, 0xf3, 0x33, 0x3c, 0xcf, 0x33, 0xcc, 0xc0, 0xc0, 0x00, 0x0c, 0x00, 0x00,
    0x00, 0x0c, 0x00, 0xc0, 0x00, 0x00, 0x00, 0x00, 0x30, 0x00, 0x00, 0x00, 0x00, 0x00, 0x00, 0xc0,
    0x30, 0x00, 0x00, 0x03, 0x00, 0x00, 0x0c, 0x00, 0x03, 0x00, 0x00, 0x00, 0x00, 0x30, 0x00, 0x00,
    0x0c, 0x00, 0x00, 0x00, 0x00, 0x00, 0x00, 0x00, 0x00, 0x00, 0xc0, 0x00, 0x00, 0x00, 0x0c, 0x00,
    0x00, 0x00, 0x00, 0x40, 0x00, 0x00, 0xc0, 0x00, 0x00, 0x00, 0x30, 0x00, 0x03, 0x00, 0x03, 0x00,
    0x03, 0x00, 0x00, 0x00, 0x00, 0x0c, 0x00, 0x30, 0xc0, 0xc0, 0x03, 0x00, 0xc0, 0x00, 0x00, 0x00,
    0x00, 0x00, 0x03, 0x00, 0x00, 0x33, 0x0c, 0xc3, 0x33, 0x30, 0xc3, 0x33, 0x30, 0xc3, 0x0c, 0xcc,
    0xcc, 0xc0, 0x00, 0x00, 0x00, 0x0c, 0x30, 0x00, 0x33, 0x33, 0x33, 0xcf, 0x33, 0xcf, 0x33, 0x33,
    0x03, 0x30, 0x33, 0x0c, 0x00, 0xc0, 0x00, 0x30, 0xc3, 0x00, 0x00, 0x00, 0x30, 0x00, 0x00, 0x0c,
    0x00, 0x00, 0x00, 0x00, 0x0c, 0x00, 0x00, 0x00, 0x00, 0x00, 0x00, 0x00, 0x00, 0x0c, 0x00, 0x00,
    0x00, 0x00, 0x0c, 0x00, 0x00, 0x00, 0x00, 0x30, 0x00, 0x00, 0x00, 0x00, 0x00, 0x00, 0x30, 0x30,
    0x00, 0x00, 0x00, 0x00, 0x00, 0x00, 0x00, 0x00, 0x00, 0x00, 0x00, 0x00, 0x00, 0x00, 0x00, 0x00,
    0x00, 0x00, 0x00, 0xc0, 0x00, 0x0c, 0x00, 0x00, 0xc0, 0x00, 0xc0, 0xc0, 0xc0, 0x00, 0x03, 0x00,
    0x00, 0x00, 0xc0, 0x00, 0x00, 0x00, 0x03, 0x00, 0x0c, 0x0c, 0x30, 0x00, 0x30, 0x00, 0xc0, 0x33,
    0x0c, 0x33, 0x33, 0x0c, 0xcc, 0xcc, 0xcc, 0x33, 0x0c, 0x30, 0x03, 0x00, 0x00, 0x00, 0x00, 0x00,
    0x33, 0x3c, 0xcc, 0xf3, 0x3c, 0xf3, 0xcc, 0xcc, 0xcf, 0xcc, 0xc0, 0xc0, 0xc0, 0x00, 0x0c, 0x00,
    0x00, 0x00, 0x00, 0x00, 0x00, 0x30, 0x30, 0x00, 0x00, 0x00, 0x03, 0x00, 0x00, 0x00, 0x30, 0x00,
    0x00, 0x00, 0x00, 0x00, 0x00, 0x00, 0x00, 0x00, 0x00, 0x00, 0x00, 0x00, 0x00, 0x00, 0x00, 0x00,
    0x00, 0x00, 0x0c, 0x00, 0x00, 0x0c, 0x00, 0x00, 0x00, 0x30, 0x00, 0x00, 0x00, 0x00, 0x00, 0x00,
    0x00, 0x00, 0x00, 0x00, 0x00, 0x00, 0x00, 0x00, 0x00, 0x0c, 0x00, 0x03, 0x00, 0xc0, 0x30, 0x30,
    0x00, 0x30, 0x00, 0x00, 0x00, 0x00, 0x00, 0x00, 0x0c, 0x0c, 0x00, 0x00, 0x00, 0x00, 0x00, 0x00,
    0x00, 0x00, 0x00, 0x0c, 0x00, 0xcc, 0x33, 0x30, 0xcc, 0xcc, 0xcc, 0xcc, 0xcc, 0xcc, 0xcc, 0xc3,
    0x33, 0x00, 0x30, 0x0c, 0x0c, 0x00, 0x00, 0x30, 0x33, 0x33, 0xf3, 0x33, 0xcc, 0xcc, 0xcc, 0xf3,
    0x33, 0x33, 0x30, 0x30, 0x03, 0x00, 0xc0, 0x00, 0x00, 0x00, 0xc0, 0x0c, 0x00, 0x00, 0x00, 0x00,
    0x00, 0x0c, 0x00, 0x00, 0x00, 0x03, 0x00, 0x00, 0x00, 0x00, 0x00, 0x30, 0x00, 0x00, 0x00, 0x00,
    0xc0, 0x00, 0x00, 0x00, 0x00, 0x00, 0x00, 0x00, 0x00, 0x00, 0x00, 0x00, 0x00, 0xc0, 0x00, 0x00,
    0x00, 0x00, 0x00, 0x00, 0x00, 0x00, 0x00, 0x00, 0x30, 0x00, 0x00, 0x0c, 0x0c, 0x00, 0x00, 0x00,
    0x0c, 0x00, 0x0c, 0x00, 0x0c, 0x00, 0x00, 0x00, 0x30, 0x00, 0x30, 0x30, 0x0c, 0x30, 0xc0, 0x03,
    0x00, 0x00, 0x00, 0xc0, 0x03, 0x0c, 0x00, 0x00, 0xc0, 0xc0, 0xc0, 0xc0, 0x00, 0x03, 0x0c, 0xcc,
    0xc3, 0x33, 0x33, 0x33, 0x33, 0x33, 0x33, 0x30, 0xc3, 0x30, 0x00, 0x00, 0x00, 0x03, 0x0c, 0x00,
    0x33, 0x33, 0x3c, 0xf3, 0x3c, 0xcc, 0xcf, 0x30, 0x3f, 0x30, 0xcc, 0xc0, 0x30, 0x0c, 0x00, 0x0c,
    0x0c, 0x0c, 0x00, 0xc0, 0x00, 0x00, 0x00, 0x00, 0x00, 0xc0, 0x00, 0x00, 0x00, 0x00, 0x00, 0x00,
    0x00, 0x03, 0x03, 0x00, 0x00, 0xc0, 0x00, 0x0c, 0x00, 0x00, 0x00, 0x00, 0x0c, 0x00, 0x00, 0x00,
    0x00, 0x00, 0x00, 0x00, 0xc0, 0x00, 0x00, 0x00, 0x00, 0x00, 0x00, 0x00, 0x00, 0x03, 0x00, 0x00,
    0x00, 0x00, 0x00, 0x00, 0x00, 0x00, 0x00, 0x00, 0x00, 0x00, 0x00, 0x00, 0x00, 0x03, 0x03, 0x03,
    0x03, 0x03, 0x00, 0x00, 0xc0, 0x00, 0x00, 0xc0, 0x00, 0xc0, 0x30, 0x03, 0x00, 0x00, 0x30, 0x00,
    0x00, 0x0c, 0x00, 0x00, 0x30, 0x30, 0xc0, 0x30, 0xcc, 0xcc, 0x30, 0xcc, 0xc3, 0x0c, 0xc3, 0x0c,
    0xcc, 0x03, 0x00, 0xc0, 0x00, 0x30, 0x00, 0x03, 0x33, 0x33, 0x33, 0x3c, 0xcf, 0x33, 0x33, 0x33,
    0x33, 0xcc, 0x03, 0x03, 0x00, 0x00, 0x00, 0xc0, 0x00, 0x00, 0x00, 0x00, 0x03, 0x00, 0x00, 0xc0,
    0x0c, 0x00, 0x00, 0x03, 0x00, 0x30, 0x00, 0x03, 0x00, 0xc0, 0x00, 0x00, 0x0c, 0x00, 0x30, 0x00,
    0x00, 0x00, 0x00, 0x00, 0xc0, 0x00, 0x03, 0x00, 0x00, 0x00, 0x00, 0x00, 0x00, 0x00, 0x00, 0x00,
    0x0c, 0x00, 0x00, 0x00, 0x00, 0x00, 0x00, 0x00, 0x00, 0x00, 0xc0, 0x00, 0x00, 0x00, 0x00, 0x00,
    0x00, 0x30, 0x00, 0x30, 0x00, 0x00, 0x00, 0x00, 0x00, 0x00, 0x0c, 0x0c, 0x00, 0x00, 0x0c, 0x00,
    0x0c, 0x00, 0x00, 0x00, 0x00, 0x00, 0x00, 0x30, 0x03, 0x00, 0x0c, 0x03, 0x00, 0x00, 0x33, 0x0c,
    0xcc, 0x33, 0x33, 0x33, 0x33, 0x33, 0x30, 0xcc, 0x33, 0x00, 0x0c, 0x03, 0x0c, 0x00, 0x00, 0x00,
    0x33, 0xcf, 0x3c, 0xcf, 0x33, 0xcc, 0xcc, 0xcc, 0xfc, 0xc3, 0x30, 0xc0, 0x00, 0x00, 0x0c, 0x00,
    0x00, 0x00, 0x0c, 0x00, 0x30, 0x03, 0x00, 0x00, 0xc0, 0x00, 0x0c, 0x00, 0x03, 0x00, 0x00, 0x00,
    0x00, 0x00, 0x00, 0x00, 0x00, 0x00, 0x00, 0x00, 0x00, 0x30, 0x30, 0x00, 0x00, 0x00, 0x30, 0x00,
    0x30, 0x03, 0x00, 0x00, 0x00, 0x00, 0x00, 0x00, 0x00, 0x00, 0x00, 0xc0, 0x03, 0x00, 0x00, 0x0c,
    0x00, 0x00, 0x00, 0x00, 0x00, 0x01, 0x00, 0x00, 0x00, 0x00, 0xc0, 0x00, 0xc0, 0xc0, 0x00, 0x30,
    0x00, 0xc0, 0xc0, 0xc0, 0x0c, 0x30, 0xc0, 0x00, 0xc0, 0x03, 0x00, 0xc0, 0xc0, 0x00, 0x00, 0x00,
    0x00, 0x03, 0x00, 0x30, 0x03, 0x33, 0x03, 0x33, 0x33, 0x33, 0x33, 0x0c, 0xcc, 0xcc, 0xcc, 0xcc,
    0xcc, 0x30, 0xc0, 0x00, 0x00, 0x00, 0x03, 0x00, 0x33, 0x33, 0xcf, 0xf3, 0xcc, 0xcf, 0x33, 0x03,
    0x33, 0xcc, 0xcc, 0x30, 0x0c, 0x30, 0xc0, 0x00, 0xc3, 0x0c, 0x00, 0x03, 0x00, 0x00, 0x00, 0x00,
    0x00, 0x00, 0x00, 0x00, 0x00, 0x00, 0x00, 0xc0, 0x00, 0x00, 0x00, 0x00, 0x00, 0x00, 0x00, 0x00,
    0x00, 0x00, 0x00, 0x0c, 0x00, 0x00, 0x00, 0x00, 0x00, 0x00, 0x00, 0x30, 0x00, 0x00, 0x00, 0x03,
    0x00, 0x00, 0x30, 0x00, 0x30, 0x00, 0x00, 0x00, 0x00, 0x00, 0x00, 0x00, 0x00, 0x00, 0x00, 0x00,
    0x0c, 0x00, 0x00, 0x00, 0x00, 0x00, 0xc3, 0x00, 0xc0, 0x0c, 0x00, 0x00, 0xc0, 0x00, 0x00, 0x0c,
    0x00, 0x30, 0x0c, 0x00, 0x03, 0x0c, 0x00, 0x00, 0x30, 0x30, 0x03, 0x00, 0x30, 0x00, 0xcc, 0x0c,
    0x33, 0x33, 0x0c, 0xcc, 0x30, 0xc3, 0x33, 0x33, 0x03, 0x00, 0x03, 0x0c, 0x00, 0x30, 0xc0, 0x0c,
    0x33, 0x3c, 0xf3, 0x3c, 0xf3, 0x33, 0x33, 0x33, 0xcf, 0x30, 0x0c, 0xc0, 0xc0, 0x00, 0x00, 0x0c,
    0x00, 0x00, 0xc0, 0xc0, 0x00, 0xc0, 0x30, 0x30, 0x00, 0x03, 0x00, 0x00, 0x00, 0x00, 0x00, 0x00,
    0x00, 0x00, 0x00, 0x00, 0x00, 0x00, 0x00, 0x30, 0x0c, 0x00, 0x00, 0x00, 0x00, 0x00, 0x00, 0x00,
    0x00, 0x00, 0x00, 0x00, 0x00, 0x00, 0x00, 0x30, 0x00, 0x03, 0x00, 0x00, 0x00, 0x00, 0x00, 0x00,
    0x00, 0x00, 0x00, 0x00, 0x00, 0x00, 0x00, 0x00, 0x00, 0x30, 0x0c, 0x0c, 0x00, 0x00, 0x00, 0x00,
    0x03, 0x00, 0x0c, 0x0c, 0x00, 0xc3, 0x03, 0x00, 0x00, 0x00, 0x00, 0x00, 0x00, 0x00, 0x0c, 0x03,
    0x00, 0x00, 0x30, 0x03, 0x00, 0x30, 0x33, 0x33, 0x30, 0xcc, 0xcc, 0xc3, 0x33, 0x33, 0x0c, 0x0c,
    0xcc, 0x0c, 0x30, 0x00, 0xc3, 0x00, 0x00, 0x00, 0x33, 0x33, 0x3c, 0xcc, 0xcc, 0xcc, 0xcc, 0xcf,
    0x3f, 0xcc, 0xc3, 0x00, 0x00, 0x00, 0x00, 0xc0, 0x00, 0xc0, 0x00, 0x00, 0x0c, 0x00, 0x00, 0x00,
    0x00, 0x30, 0x00, 0xc0, 0xc0, 0x00, 0x00, 0x00, 0x30, 0x00, 0x00, 0x03, 0x00, 0x00, 0x03, 0x00,
    0x00, 0x00, 0x00, 0x00, 0x00, 0x00, 0x00, 0x00, 0x00, 0x00, 0x00, 0x00, 0x00, 0x00, 0x03, 0x00,
    0x00, 0x00, 0x00, 0x00, 0x00, 0x00, 0x00, 0x00, 0x00, 0x0c, 0x00, 0x00, 0x00, 0x03, 0x00, 0x00,
    0x00, 0x00, 0x00, 0x00, 0x0c, 0x0c, 0x00, 0x00, 0x00, 0x00, 0x00, 0x00, 0x0c, 0x00, 0x30, 0x00,
    0x0c, 0x03, 0x00, 0xc3, 0x00, 0x00, 0x00, 0x00, 0x00, 0x0c, 0x00, 0x30, 0x03, 0x0c, 0xc3, 0x33,
    0x0c, 0xc3, 0x33, 0x33, 0x33, 0x0c, 0xc3, 0xc3, 0x33, 0x00, 0x00, 0xc0, 0x00, 0x00, 0x03, 0x00,
    0x33, 0x3f, 0xcf, 0xcf, 0x33, 0x33, 0x33, 0x3c, 0xf3, 0x33, 0x33, 0x0c, 0x03, 0x0c, 0x0c, 0x00,
    0x30, 0x03, 0x0c, 0x0c, 0x00, 0x03, 0x00, 0x00, 0x30, 0x00, 0x00, 0x00, 0x00, 0x00, 0xc0, 0x00,
    0x00, 0x30, 0x30, 0x30, 0x00, 0x0c, 0x00, 0x00, 0x00, 0x00, 0x03, 0x00, 0x00, 0x0c, 0x00, 0x00,
    0x00, 0x30, 0x00, 0x00, 0x00, 0xc0, 0x30, 0x00, 0x00, 0x00, 0x00, 0x00, 0x00, 0x00, 0x03, 0x00,
    0x00, 0xc0, 0x00, 0x00, 0x00, 0x00, 0x00, 0xc0, 0x0c, 0x03, 0x00, 0xc0, 0xc0, 0x00, 0x00, 0x30,
    0x30, 0x03, 0x00, 0xc0, 0xc0, 0x0c, 0x00, 0x30, 0xc0, 0x00, 0x0c, 0x00, 0x0c, 0x30, 0xc0, 0x00,
    0x00, 0xc0, 0x0c, 0x00, 0x30, 0x00, 0x30, 0xc3, 0x33, 0x33, 0x0c, 0xcc, 0xcc, 0xcc, 0xcc, 0x33,
    0x0c, 0x33, 0x0c, 0x0c, 0x30, 0xc3, 0x00, 0x0c, 0x0c, 0xcc, 0xf3, 0x33, 0xcc, 0xcc, 0xcc, 0xcf,
    0xf3, 0x0c, 0xcc, 0x00, 0x30, 0x00, 0x00, 0x03, 0x00, 0x30, 0x00, 0xc0, 0x30, 0x00, 0x00, 0xc0,
    0x00, 0x00, 0x00, 0x00, 0x00, 0x0c, 0x00, 0x00, 0x00, 0x00, 0x00, 0x00, 0x00, 0x00, 0x00, 0x00,
    0x00, 0x00, 0x30, 0x00, 0x00, 0x00, 0x00, 0x00, 0x03, 0x00, 0x03, 0x00, 0x0c, 0x00, 0x00, 0x00,
    0x00, 0x00, 0x00, 0x03, 0x00, 0x00, 0x30, 0x00, 0x00, 0x00, 0x00, 0x00, 0x00, 0x00, 0x00, 0x00,
    0x00, 0x00, 0x0c, 0x00, 0x00, 0xc0, 0x30, 0x00, 0x00, 0x30, 0x0c, 0x00, 0x00, 0xc0, 0x03, 0x00,
    0x00, 0xc0, 0x00, 0x0c, 0x00, 0x00, 0x00, 0xc0, 0x0c, 0x00, 0xc0, 0x03, 0x00, 0xcc, 0xcc, 0xcc,
    0xcc, 0xcc, 0xcc, 0x33, 0x33, 0x33, 0x33, 0x30, 0xc3, 0x00, 0x00, 0xc0, 0x00, 0x00, 0x30, 0x00,
    0xcc, 0xf3, 0x3c, 0xfc, 0xcf, 0x33, 0x33, 0x3c, 0xcc, 0xc3, 0x33, 0x03, 0x00, 0x00, 0xc0, 0x30,
    0x0c, 0x00, 0x30, 0x00, 0x00, 0x30, 0x0c, 0x00, 0x00, 0x00, 0x0c, 0x00, 0x00, 0xc0, 0x00, 0x30,
    0x00, 0x00, 0x00, 0x00, 0x00, 0xc0, 0x00, 0x00, 0x00, 0x03, 0x00, 0x00, 0x00, 0x00, 0x00, 0x0c,
    0x00, 0x00, 0x00, 0x00, 0x00, 0x00, 0x00, 0x00, 0x00, 0xc0, 0x00, 0x00, 0x00, 0x0c, 0x00, 0x00,
    0x00, 0x00, 0x00, 0x0c, 0x00, 0x00, 0x00, 0x00, 0x00, 0x30, 0x00, 0x00, 0x00, 0x03, 0x00, 0xc0,
    0x03, 0x00, 0x00, 0x00, 0x0c, 0x00, 0xc0, 0x0c, 0x0c, 0x03, 0x00, 0xc0, 0xc0, 0x00, 0x00, 0x00,
    0xc0, 0x00, 0x00, 0xc0, 0x00, 0x33, 0x0c, 0x33, 0x33, 0x33, 0x33, 0x30, 0xcc, 0xcc, 0x33, 0x33,
    0x30, 0x00, 0xc0, 0x0c, 0xcc, 0xcc, 0x00, 0xc0, 0x0c, 0xcf, 0xcf, 0x33, 0x33, 0x3c, 0xc3, 0xff,
    0xcc, 0xcc, 0x30, 0xc0, 0x00, 0xc0, 0x03, 0x00, 0x00, 0x0c, 0x00, 0x0c, 0x00, 0x00, 0x00, 0x03,
    0x03, 0x03, 0x00, 0x0c, 0x0c, 0x00, 0x00, 0x00, 0x00, 0x00, 0x00, 0x00, 0x00, 0x00, 0x00, 0x00,
    0x0c, 0x00, 0x00, 0x00, 0x0c, 0x00, 0x00, 0xc0, 0x00, 0x00, 0x00, 0x00, 0x00, 0x00, 0x00, 0x00,
    0x00, 0x00, 0x0c, 0x00, 0x00, 0xc0, 0x00, 0x00, 0xc0, 0x00, 0x00, 0x00, 0x00, 0xc0, 0x00, 0x00,
    0x03, 0x00, 0x00, 0x0c, 0x0c, 0x00, 0x00, 0x03, 0x00, 0x00, 0x00, 0x30, 0xc0, 0x00, 0x00, 0xc0,
    0x00, 0x00, 0x0c, 0x00, 0x0c, 0xc3, 0x0c, 0x00, 0x00, 0x0c, 0x30, 0x00, 0x33, 0x00, 0xc3, 0x33,
    0x0c, 0x30, 0xcc, 0xcc, 0xc3, 0x33, 0x0c, 0xcc, 0xcc, 0xc0, 0x03, 0x00, 0x00, 0x00, 0xc0, 0x00,
    0x33, 0x33, 0x33, 0xcc, 0xcc, 0xcc, 0x3c, 0xcc, 0xc3, 0x03, 0x0c, 0x00, 0x0c, 0x00, 0x30, 0x03,
    0x03, 0x00, 0x03, 0x00, 0x0c, 0x00, 0x00, 0x00, 0x00, 0x00, 0x00, 0x00, 0x00, 0x00, 0x00, 0x00,
    0x30, 0x30, 0x03, 0x00, 0x0c, 0x00, 0x0c, 0x03, 0x00, 0x00, 0x00, 0x00, 0xc0, 0x00, 0x0c, 0x00,
    0x00, 0x00, 0x00, 0x00, 0x00, 0x00, 0x00, 0x00, 0x00, 0x00, 0x00, 0x00, 0x00, 0x00, 0x00, 0x00,
    0x00, 0x00, 0x00, 0x00, 0x00, 0x00, 0x00, 0x00, 0x00, 0x00, 0x30, 0x00, 0x00, 0x00, 0x0c, 0x00,
    0x00, 0x0c, 0x30, 0x00, 0x00, 0x30, 0x0c, 0x00, 0xc0, 0xc0, 0xc0, 0x00, 0x00, 0x00, 0x00, 0x30,
    0x00, 0x00, 0x00, 0x30, 0x00, 0xcc, 0x33, 0x0c, 0xcc, 0xcc, 0xcc, 0xcc, 0xcc, 0xcc, 0xcc, 0x33,
    0x0c, 0x0c, 0x00, 0x00, 0xc3, 0x0c, 0x0c, 0x30, 0x0c, 0xcf, 0xfc, 0xf3, 0x33, 0x33, 0x0f, 0xff,
    0x30, 0xcc, 0xc3, 0x0c, 0x00, 0x0c, 0x00, 0x30, 0x30, 0x00, 0xc0, 0x00, 0x00, 0x0c, 0x30, 0x00,
    0x00, 0x00, 0x00, 0x00, 0x00, 0x00, 0x00, 0x00, 0x00, 0x00, 0x30, 0x00, 0xc0, 0x00, 0x00, 0x00,
    0x00, 0x00, 0x00, 0x0c, 0x00, 0x03, 0x00, 0x00, 0x00, 0x00, 0x00, 0x03, 0x00, 0x00, 0x00, 0x00,
    0x0c, 0x00, 0x00, 0x00, 0x30, 0x00, 0x00, 0x00, 0x00, 0x00, 0x00, 0x00, 0x00, 0x00, 0x00, 0x00,
    0x00, 0x00, 0x00, 0x00, 0x00, 0x30, 0x00, 0x00, 0x30, 0xc0, 0x00, 0x00, 0x03, 0x00, 0xc0, 0x00,
    0x00, 0x0c, 0x00, 0x30, 0xc0, 0xc3, 0x00, 0x00, 0x00, 0xc0, 0x0c, 0x03, 0x0c, 0x33, 0x30, 0xcc,
    0xc3, 0x33, 0x33, 0x33, 0x33, 0x0c, 0xc3, 0x30, 0xc3, 0x00, 0xc0, 0x30, 0x00, 0x03, 0x03, 0x03,
    0x33, 0x33, 0x33, 0x3c, 0xcc, 0xcc, 0xfc, 0xcc, 0x33, 0x30, 0x30, 0x00, 0xc0, 0x00, 0x0c, 0x00,
    0x00, 0x30, 0x00, 0x03, 0x00, 0xc0, 0x00, 0x30, 0x0c, 0x00, 0x00, 0x00, 0x00, 0x00, 0x03, 0x00,
    0x00, 0x00, 0x00, 0x00, 0x00, 0x00, 0xc0, 0x00, 0x00, 0x30, 0x00, 0xc0, 0x00, 0x00, 0x00, 0x00,
    0x00, 0x00, 0x00, 0x00, 0x00, 0x00, 0x00, 0x00, 0xc0, 0x00, 0x00, 0x0c, 0x00, 0x00, 0x00, 0x30,
    0x00, 0x30, 0x0c, 0x00, 0x00, 0x00, 0x00, 0x00, 0x0c, 0x0c, 0x00, 0xc0, 0xc0, 0x00, 0x00, 0x30,
    0x00, 0x00, 0x03, 0x0c, 0x30, 0x00, 0x00, 0x30, 0x30, 0x00, 0x0c, 0x00, 0x00, 0x00, 0x30, 0x03,
    0x0c, 0x00, 0xc0, 0x30, 0x03, 0x03, 0x0c, 0xcc, 0xcc, 0xcc, 0xcc, 0x33, 0x30, 0xcc, 0x33, 0x0c,
    0xcc, 0x30, 0x0c, 0x00, 0x0c, 0xc0, 0x30, 0x30, 0x0c, 0xcf, 0x3f, 0xcc, 0xcf, 0x30, 0xcf, 0xcc,
    0xc3, 0x33, 0x03, 0x0c, 0x03, 0x0c, 0x00, 0x0c, 0x03, 0x00, 0x0c, 0x30, 0x00, 0x00, 0x00, 0x00,
    0x00, 0x03, 0x00, 0xc0, 0x00, 0x00, 0x00, 0x00, 0x00, 0x00, 0x00, 0x00, 0x00, 0x00, 0x00, 0x30,
    0x00, 0x00, 0x30, 0x00, 0x00, 0x30, 0x00, 0x00, 0x0c, 0x00, 0xc0, 0xc0, 0x00, 0x0c, 0x0c, 0x00,
    0x00, 0x00, 0xc0, 0x00, 0x00, 0x00, 0x00, 0x00, 0x03, 0x00, 0x00, 0x00, 0x30, 0x00, 0x00, 0x00,
    0x00, 0x00, 0x0c, 0x00, 0x03, 0x00, 0xc0, 0x00, 0x00, 0x00, 0xc0, 0x00, 0x00, 0x0c, 0x03, 0x00,
    0x00, 0xc0, 0xc0, 0x0c, 0x0c, 0x30, 0x03, 0x00, 0x00, 0x00, 0x03, 0x00, 0xc0, 0xcc, 0xcc, 0xc3,
    0x33, 0x33, 0x0c, 0xcc, 0xcc, 0xcc, 0xcc, 0xcc, 0xc3, 0x03, 0x00, 0xc3, 0x00, 0x03, 0x03, 0x03,
    0x0c, 0xf3, 0xcc, 0xcc, 0xcc, 0xcc, 0xfc, 0xc3, 0x30, 0xcc, 0xc0, 0x00, 0x30, 0x00, 0xc3, 0x00,
    0x30, 0x03, 0x00, 0x00, 0x30, 0x00, 0x0c, 0x00, 0xc0, 0x00, 0x00, 0x00, 0xc0, 0xc0, 0x30, 0x03,
    0x00, 0x00, 0x00, 0x00, 0x00, 0x00, 0x00, 0x00, 0x0c, 0x00, 0x00, 0x00, 0x00, 0x00, 0x00, 0x00,
    0xc0, 0x0c, 0x00, 0x00, 0x00, 0x00, 0x00, 0x00, 0x00, 0x00, 0x00, 0x00, 0x00, 0x00, 0x0c, 0x00,
    0x00, 0x00, 0x00, 0x0c, 0x00, 0x00, 0x00, 0x00, 0x00, 0x00, 0x00, 0x00, 0x00, 0x00, 0x03, 0x00,
    0xc0, 0xc0, 0x00, 0x00, 0x00, 0xc0, 0x30, 0x03, 0x00, 0x00, 0x00, 0xc0, 0x00, 0x03, 0x00, 0x30,
    0x30, 0x0c, 0x00, 0x0c, 0x33, 0x30, 0x33, 0x33, 0x30, 0xcc, 0xcc, 0xcc, 0x33, 0x33, 0x33, 0x33,
    0x30, 0xc0, 0xcc, 0x00, 0x00, 0x30, 0x30, 0x30, 0xcc, 0xcc, 0xf3, 0x33, 0x33, 0x03, 0x33, 0x30,
    0x0c, 0x30, 0x33, 0x0c, 0x00, 0xc0, 0x00, 0x03, 0x00, 0x30, 0x00, 0x00, 0x00, 0x30, 0xc0, 0x00,
    0x00, 0x30, 0x00, 0x00, 0x00, 0x00, 0x00, 0x00, 0x03, 0x03, 0x00, 0x0c, 0x00, 0x30, 0x00, 0x00,
    0x00, 0x00, 0x00, 0x00, 0x00, 0x00, 0x00, 0xc0, 0x00, 0x00, 0x00, 0x00, 0x00, 0x00, 0x00, 0x00,
    0x00, 0x00, 0x00, 0x00, 0x00, 0x00, 0xc0, 0x00, 0x00, 0x00, 0x00, 0x00, 0x00, 0x00, 0x03, 0x00,
    0x03, 0x03, 0x00, 0x0c, 0x00, 0x0c, 0x00, 0x00, 0x00, 0x00, 0x00, 0xc0, 0xc0, 0x00, 0x00, 0x00,
    0x0c, 0x0c, 0x0c, 0x00, 0xc0, 0x00, 0x30, 0x00, 0x00, 0xc0, 0x30, 0xc0, 0x00, 0xcc, 0xcc, 0xcc,
    0xcc, 0xc3, 0x33, 0x33, 0x33, 0x30, 0xcc, 0xcc, 0x33, 0x0c, 0x00, 0xcc, 0xcc, 0x00, 0x03, 0x0c,
    0x0c, 0xcf, 0x3c, 0xcc, 0xcc, 0xcc, 0x33, 0x0c, 0xcc, 0xcc, 0xc0, 0x00, 0x30, 0x03, 0x0c, 0x30,
    0x00, 0x00, 0x0c, 0x30, 0x03, 0x00, 0x00, 0x30, 0x00, 0x00, 0x0c, 0x00, 0x00, 0x00, 0x00, 0x00,
    0x00, 0x00, 0x00, 0xc0, 0x03, 0x00, 0x00, 0x00, 0x00, 0x00, 0x00, 0x00, 0x0c, 0x00, 0x0c, 0x00,
    0x00, 0x00, 0x00, 0x00, 0x03, 0x00, 0x00, 0x00, 0x00, 0x00, 0x00, 0x00, 0x00, 0x0c, 0x00, 0x00,
    0x00, 0x00, 0x00, 0x00, 0x00, 0x00, 0xc0, 0x00, 0x00, 0x00, 0x00, 0xc0, 0x30, 0x00, 0x00, 0x0c,
    0x00, 0x03, 0x00, 0x00, 0x00, 0x00, 0x00, 0xc0, 0x00, 0x00, 0x00, 0x0c, 0x0c, 0x30, 0x03, 0x0c,
    0x00, 0x00, 0x00, 0x03, 0x33, 0x03, 0x0c, 0x33, 0x33, 0x33, 0x0c, 0xcc, 0xcc, 0xcc, 0xc3, 0x33,
    0x0c, 0x00, 0xc3, 0x00, 0x00, 0xc3, 0x00, 0x03, 0x33, 0x33, 0xcc, 0xcc, 0xcc, 0x03, 0x0c, 0xcc,
    0xc3, 0x30, 0x0c, 0x30, 0x00, 0xc0, 0x00, 0x00, 0x0c, 0x00, 0xc0, 0x00, 0xc0, 0x00, 0x00, 0x00,
    0x0c, 0x00, 0x00, 0x00, 0x00, 0x00, 0x00, 0x00, 0x00, 0x00, 0x00, 0x00, 0x00, 0x00, 0x0c, 0x03,
    0x00, 0x0c, 0x00, 0x0c, 0x00, 0x00, 0xc0, 0x00, 0x00, 0x00, 0x00, 0x00, 0xc0, 0x00, 0x00, 0x00,
    0x00, 0x00, 0x00, 0xc0, 0x00, 0xc0, 0x00, 0x00, 0x30, 0x00, 0x0c, 0x00, 0x00, 0x00, 0x00, 0x00,
    0x00, 0x00, 0x30, 0x00, 0x00, 0xc0, 0x30, 0xc0, 0x0c, 0x30, 0x0c, 0x00, 0x0c, 0x0c, 0x0c, 0x03,
    0x00, 0xc0, 0x00, 0x00, 0x00, 0x00, 0x00, 0x00, 0xc3, 0x0c, 0x03, 0x0c, 0x30, 0xcc, 0xcc, 0xc3,
    0x0c, 0xcc, 0xcc, 0x33, 0x33, 0x33, 0x33, 0x0c, 0xc3, 0x30, 0x00, 0x33, 0x30, 0x30, 0x03, 0x00,
    0x0c, 0xcc, 0xcc, 0xcc, 0xc3, 0x30, 0xc3, 0x03, 0x30, 0xcc, 0xc0, 0x03, 0x0c, 0x03, 0x03, 0x00,
    0xc0, 0x30, 0x00, 0x00, 0x00, 0x00, 0x0c, 0x00, 0xc0, 0x00, 0x00, 0x0c, 0x00, 0x03, 0x00, 0x00,
    0x00, 0x00, 0x00, 0x00, 0x00, 0x00, 0x00, 0x00, 0x00, 0x00, 0x0c, 0x00, 0x00, 0x0c, 0x00, 0x00,
    0x00, 0xc0, 0x30, 0x30, 0x00, 0x00, 0x00, 0x30, 0x00, 0x0c, 0x00, 0x00, 0x0c, 0x00, 0x00, 0x00,
    0x00, 0x00, 0xc0, 0x00, 0x00, 0x00, 0x00, 0x00, 0x0c, 0x30, 0x00, 0x00, 0x00, 0x00, 0x00, 0x00,
    0x00, 0x00, 0x00, 0x0c, 0x00, 0x00, 0x00, 0x00, 0x0c, 0x03, 0x0c, 0x00, 0x03, 0x0c, 0x30, 0xc0,
    0x00, 0x00, 0x30, 0x33, 0x0c, 0xc3, 0x33, 0x33, 0x33, 0x33, 0x33, 0x30, 0xcc, 0x30, 0xcc, 0xc3,
    0x30, 0xc0, 0xc3, 0x00, 0x03, 0x03, 0x30, 0x30, 0xc3, 0x33, 0xf3, 0x33, 0x30, 0xcc, 0x30, 0xcc,
    0x0c, 0x00, 0x0c, 0xc0, 0x00, 0x30, 0x00, 0x0c, 0x00, 0x00, 0x03, 0x0c, 0x00, 0xc3, 0x00, 0x0c,
    0x00, 0x0c, 0x00, 0xc0, 0x0c, 0x30, 0x00, 0xc0, 0x00, 0x00, 0x00, 0x00, 0x00, 0x00, 0x00, 0x00,
    0x00, 0x00, 0x00, 0x00, 0x00, 0x00, 0x00, 0x00, 0x0c, 0x00, 0x00, 0x00, 0x00, 0x03, 0x0c, 0x00,
    0x30, 0x00, 0x00, 0x00, 0x00, 0x00, 0x00, 0x00, 0x00, 0x00, 0x00, 0x00, 0x00, 0x00, 0x00, 0x00,
    0x00, 0x00, 0x00, 0x03, 0x00, 0x03, 0x00, 0x00, 0xc0, 0x00, 0x00, 0xc0, 0x00, 0xc0, 0x00, 0x00,
    0x00, 0x00, 0x00, 0x30, 0xc0, 0x00, 0x00, 0x0c, 0x30, 0x30, 0x00, 0x00, 0xcc, 0xcc, 0xcc, 0xcc,
    0xcc, 0xcc, 0xcc, 0xcc, 0xc3, 0x33, 0x33, 0x33, 0x0c, 0x0c, 0x00, 0x03, 0x0c, 0x30, 0x03, 0x00,
    0x0c, 0xcc, 0xcc, 0xcc, 0xcc, 0x33, 0x33, 0x03, 0x33, 0x33, 0x30, 0x0c, 0x30, 0x00, 0xc3, 0x00,
    0x03, 0x03, 0x00, 0x00, 0x30, 0x00, 0x00, 0x00, 0x00, 0xc0, 0x30, 0x00, 0x00, 0x00, 0x0c, 0x03,
    0x0c, 0x00, 0x30, 0x00, 0x00, 0x00, 0x00, 0x00, 0x00, 0xc0, 0x00, 0x00, 0x00, 0x00, 0x00, 0x00,
    0xc0, 0x00, 0x00, 0x00, 0x00, 0x30, 0x00, 0x00, 0x00, 0x00, 0x00, 0x00, 0x00, 0x00, 0x00, 0x03,
    0x00, 0x00, 0x00, 0x00, 0x00, 0x30, 0x00, 0x00, 0x00, 0x03, 0x03, 0x00, 0x03, 0x00, 0x00, 0x30,
    0x00, 0xc3, 0x0c, 0x00, 0xc0, 0x03, 0x0c, 0x30, 0x00, 0x00, 0x00, 0x00, 0x00, 0x03, 0x03, 0x00,
    0x03, 0x03, 0x0c, 0xcc, 0xcc, 0xcf, 0x3c, 0xcc, 0xc3, 0x0c, 0x33, 0x33, 0x33, 0x33, 0x0c, 0xcc,
    0xcc, 0xc0, 0x30, 0xc0, 0x00, 0x03, 0x30, 0x30, 0xc3, 0x3c, 0xf3, 0x33, 0x03, 0x0c, 0x0c, 0xcc,
    0x00, 0xc0, 0x03, 0x00, 0x03, 0x00, 0x00, 0x00, 0xc0, 0x00, 0x0c, 0x00, 0x00, 0x00, 0x03, 0x00,
    0x0c, 0x00, 0x00, 0x03, 0x00, 0x00, 0x00, 0x00, 0x00, 0x30, 0x00, 0x00, 0x00, 0x00, 0x00, 0x00,
    0x0c, 0x00, 0x00, 0x00, 0x03, 0x00, 0x00, 0x00, 0x00, 0x00, 0x00, 0x00, 0x00, 0x00, 0x00, 0x00,
    0x00, 0x00, 0x00, 0x00, 0x00, 0x00, 0x00, 0x00, 0x00, 0x0c, 0x00, 0x00, 0x0c, 0x00, 0x00, 0x00,
    0x03, 0x00, 0x00, 0x00, 0x00, 0x00, 0x0c, 0x00, 0x00, 0x00, 0x00, 0x00, 0x03, 0x00, 0x00, 0x00,
    0xc3, 0x0c, 0x30, 0x00, 0x0c, 0x30, 0x30, 0x03, 0x00, 0x00, 0x00, 0x33, 0x33, 0x33, 0x33, 0xcc,
    0xf3, 0x33, 0x30, 0xc3, 0x33, 0x33, 0x33, 0x0c, 0x30, 0xc3, 0x00, 0x0c, 0x33, 0x30, 0x0c, 0x0c,
    0x03, 0x33, 0x3c, 0xcc, 0xcc, 0xc3, 0x30, 0x33, 0x33, 0x33, 0x30, 0x30, 0xc0, 0x30, 0xc0, 0xc0,
    0x00, 0xc0, 0xc0, 0x30, 0x00, 0xc0, 0xc0, 0x0c, 0x00, 0x03, 0x00, 0xc0, 0x0c, 0x30, 0xc0, 0x00,
    0x00, 0x00, 0x00, 0x30, 0x30, 0x30, 0x30, 0x30, 0x00, 0x00, 0x00, 0x00, 0xc0, 0x00, 0x00, 0x00,
    0x00, 0x00, 0x00, 0x00, 0x30, 0x00, 0x00, 0x00, 0x00, 0xc0, 0x30, 0x00, 0xc0, 0x00, 0x00, 0x00,
    0x00, 0x00, 0x00, 0x03, 0x00, 0x00, 0x00, 0x00, 0x00, 0x00, 0x00, 0x30, 0x30, 0x03, 0x00, 0x00,
    0x30, 0x00, 0x00, 0x0c, 0x00, 0x00, 0x00, 0x00, 0x00, 0x00, 0x00, 0xc3, 0x00, 0x00, 0x00, 0x30,
    0x30, 0xc0, 0xc3, 0x33, 0x33, 0x33, 0x3c, 0xf3, 0x33, 0xcf, 0x3c, 0xcc, 0xcc, 0xcc, 0xcc, 0xcc,
    0xcc, 0x30, 0x0c, 0x00, 0x00, 0x03, 0x03, 0x30, 0xc0, 0xcf, 0xcc, 0xcc, 0x0c, 0x30, 0xcc, 0xc0,
    0x00, 0x0c, 0x03, 0x00, 0x03, 0x00, 0x0c, 0x0c, 0x30, 0x00, 0x00, 0x00, 0xc0, 0x00, 0x00, 0x00,
    0x00, 0x30, 0x0c, 0x00, 0x00, 0x00, 0x00, 0xc0, 0xc0, 0x03, 0x03, 0x00, 0x00, 0x00, 0x00, 0x00,
    0x00, 0x00, 0x30, 0x30, 0x00, 0x00, 0x00, 0x30, 0x00, 0x00, 0x0c, 0x03, 0x00, 0x00, 0x00, 0x30,
    0x30, 0x00, 0x00, 0x30, 0x00, 0x00, 0x00, 0x00, 0x00, 0x00, 0x00, 0x00, 0x00, 0x00, 0x00, 0x00,
    0x00, 0x0c, 0x30, 0x00, 0x00, 0x30, 0x00, 0x03, 0x00, 0x30, 0x30, 0xc0, 0x0c, 0x0c, 0x30, 0xc3,
    0x00, 0xc0, 0x0c, 0x00, 0x00, 0x00, 0x03, 0x00, 0x00, 0x0c, 0x00, 0x33, 0x33, 0x33, 0x33, 0x3f,
    0xcf, 0x33, 0xcf, 0x3c, 0xcc, 0x33, 0x33, 0x33, 0x33, 0x00, 0xc0, 0xc3, 0x00, 0xc0, 0x30, 0x0c,
    0x33, 0x33, 0x33, 0x33, 0x33, 0x0c, 0x03, 0x33, 0x33, 0x30, 0xc0, 0x30, 0xc0, 0x0c, 0x00, 0x00,
    0x00, 0x30, 0x0c, 0x00, 0x03, 0x0c, 0x0c, 0x30, 0xc3, 0x00, 0x00, 0x0c, 0x00, 0x00, 0x0c, 0x00,
    0x03, 0x00, 0x00, 0x00, 0x00, 0x00, 0x00, 0x00, 0x00, 0x00, 0x00, 0x00, 0x00, 0x00, 0xc0, 0x00,
    0x00, 0x00, 0xc0, 0x00, 0x00, 0x00, 0x03, 0x00, 0x00, 0x00, 0x00, 0x00, 0x00, 0x00, 0x00, 0x30,
    0x00, 0x00, 0x00, 0x30, 0x00, 0x00, 0x00, 0x00, 0x0c, 0x00, 0x00, 0x00, 0x00, 0x00, 0x00, 0xc0,
    0x00, 0x00, 0x00, 0x00, 0x00, 0x00, 0x00, 0x00, 0x0c, 0x03, 0x00, 0x00, 0x0c, 0x30, 0xc0, 0x03,
    0x03, 0x00, 0x33, 0x0c, 0xcc, 0xcc, 0xcf, 0xcc, 0xf3, 0xfc, 0xf3, 0xcf, 0xff, 0xcc, 0xc3, 0x0c,
    0x30, 0xcc, 0x00, 0x00, 0x30, 0x03, 0x03, 0x03, 0x0c, 0xcf, 0xcc, 0xcc, 0x00, 0xc3, 0x30, 0x0c,
    0x0c, 0x0c, 0x33, 0x00, 0x03, 0x00, 0xc3, 0x03, 0x03, 0x00, 0xc0, 0x30, 0x30, 0x00, 0x00, 0x00,
    0x00, 0x00, 0xc0, 0x00, 0x30, 0xc3, 0x00, 0x0c, 0x00, 0x00, 0x30, 0x03, 0x03, 0x00, 0x00, 0x00,
    0x00, 0x00, 0x00, 0x00, 0x00, 0x0c, 0x00, 0x00, 0x00, 0x0c, 0x00, 0x00, 0x00, 0x00, 0xc0, 0x00,
    0x00, 0x00, 0x00, 0x00, 0x00, 0x00, 0xc0, 0x00, 0x00, 0xc0, 0x03, 0x00, 0x00, 0x00, 0x00, 0xc0,
    0x00, 0x00, 0x03, 0x0c, 0x30, 0x00, 0x0c, 0x00, 0x03, 0x00, 0x00, 0x00, 0xc0, 0x00, 0x00, 0x00,
    0xc0, 0x00, 0x00, 0xc3, 0x00, 0x00, 0x00, 0x30, 0x30, 0x0c, 0x00, 0x33, 0x33, 0x33, 0x30, 0xcf,
    0x3c, 0xcf, 0x3c, 0xf3, 0x33, 0x3c, 0xcc, 0xcc, 0xcc, 0x30, 0x30, 0xc3, 0x00, 0x30, 0x00, 0x30,
    0xc3, 0x30, 0xf3, 0x33, 0x3c, 0x33, 0x33, 0x30, 0xc3, 0x03, 0x00, 0x4c, 0x30, 0x0c, 0x00, 0x30,
    0x30, 0x00, 0x00, 0x03, 0x00, 0x03, 0x03, 0x00, 0x30, 0x0c, 0x00, 0xc0, 0x00, 0x00, 0x00, 0x00,
    0x00, 0x30, 0x00, 0x30, 0x00, 0x03, 0x03, 0x00, 0xc0, 0x0c, 0x00, 0x00, 0x00, 0x00, 0x00, 0x00,
    0xc0, 0xc0, 0x00, 0x00, 0x00, 0x00, 0x00, 0x00, 0x00, 0x03, 0x03, 0x00, 0x00, 0xc0, 0x00, 0x00,
    0x00, 0x00, 0x00, 0x00, 0x00, 0x00, 0x0c, 0x00, 0x00, 0xc3, 0x00, 0x00, 0x00, 0x30, 0xc0, 0x00,
    0x30, 0x03, 0x00, 0x0c, 0x00, 0xc3, 0x0c, 0x30, 0x00, 0xc0, 0xc0, 0x00, 0x00, 0x00, 0x0c, 0x00,
    0x00, 0x00, 0x03, 0x03, 0x0c, 0xcc, 0xcf, 0x33, 0x33, 0x33, 0xcf, 0x3f, 0xff, 0xcf, 0x33, 0x33,
    0x33, 0x0c, 0x0c, 0x0c, 0x0c, 0x00, 0xc3, 0x00, 0x30, 0xcf, 0x33, 0x33, 0x03, 0x30, 0xcc, 0x0c,
    0x30, 0xcc, 0x31, 0x44, 0x00, 0xc0, 0x30, 0x00, 0x00, 0x30, 0x0c, 0x00, 0x03, 0x30, 0x30, 0x0c,
    0x00, 0xc0, 0x00, 0x00, 0x00, 0x00, 0x00, 0x00, 0x30, 0x00, 0x03, 0x00, 0x00, 0x30, 0x00, 0x00,
    0x00, 0xc0, 0x00, 0x00, 0x0c, 0x00, 0x00, 0xc0, 0x00, 0x00, 0x00, 0x00, 0x00, 0x00, 0x00, 0x00,
    0x00, 0x30, 0x00, 0x00, 0x30, 0x00, 0x00, 0x00, 0x00, 0x00, 0x00, 0x00, 0x00, 0x00, 0xc0, 0x00,
    0x00, 0x00, 0x00, 0x00, 0x00, 0x00, 0x00, 0x0c, 0x00, 0x00, 0x0c, 0x00, 0x00, 0x00, 0x00, 0x00,
    0x00, 0x00, 0x0c, 0x0c, 0x33, 0x0c, 0x00, 0x00, 0x0c, 0xc3, 0x30, 0x30, 0xc3, 0x33, 0xf3, 0x33,
    0xcc, 0xcc, 0xcc, 0xcc, 0xcc, 0xf3, 0xf3, 0x30, 0xcc, 0xc3, 0x00, 0xc0, 0xc0, 0xc0, 0x00, 0x33,
    0x0c, 0xcc, 0xcf, 0x33, 0x33, 0x0c, 0x03, 0x33, 0x0c, 0xc3, 0x05, 0x91, 0x4c, 0x03, 0x03, 0x0c,
    0x0c, 0x00, 0xc0, 0xc0, 0xc0, 0x00, 0x00, 0x00, 0x00, 0x00, 0x00, 0x03, 0x00, 0x00, 0x03, 0x00,
    0x00, 0x03, 0x00, 0x00, 0xc3, 0x00, 0x00, 0x0c, 0x00, 0x00, 0x00, 0x30, 0x00, 0x00, 0x00, 0x00,
    0x00, 0x00, 0x00, 0x30, 0x03, 0x00, 0x00, 0x00, 0x00, 0x00, 0x00, 0x00, 0x00, 0x00, 0x03, 0x00,
    0x30, 0x00, 0x00, 0x00, 0x00, 0x30, 0x00, 0x00, 0x0c, 0x00, 0x0c, 0x03, 0x03, 0x00, 0x00, 0x00,
    0x00, 0x30, 0x00, 0x00, 0x00, 0x00, 0x00, 0x00, 0x30, 0x0c, 0x00, 0x00, 0x00, 0x00, 0xc0, 0x30,
    0xc0, 0x00, 0x00, 0x03, 0x33, 0x33, 0x0c, 0xcc, 0xcc, 0xf3, 0xcf, 0x33, 0x3c, 0xfc, 0xcf, 0x3c,
    0xc3, 0x30, 0xcc, 0x0c, 0x0c, 0x0c, 0xcc, 0x00, 0x30, 0xf3, 0x33, 0x33, 0x33, 0x33, 0x33, 0x0c,
    0xc3, 0x30, 0x58, 0x59, 0x84, 0x10, 0x10, 0x00, 0xc0, 0x0c, 0x00, 0x0c, 0x00, 0x0c, 0x03, 0x00,
    0x30, 0x00, 0x30, 0x30, 0x03, 0x0c, 0x00, 0x00, 0x00, 0x30, 0x00, 0x00, 0x00, 0x00, 0x30, 0xc0,
    0x00, 0x00, 0x0c, 0x00, 0x00, 0x00, 0x00, 0x00, 0x00, 0x00, 0x03, 0x00, 0x30, 0x03, 0x00, 0x00,
    0x30, 0x00, 0x00, 0x03, 0x00, 0x00, 0x30, 0x00, 0x00, 0x00, 0x00, 0x00, 0x00, 0x00, 0x00, 0x00,
    0x00, 0x03, 0x00, 0x30, 0x00, 0x00, 0x03, 0x00, 0x03, 0x00, 0x00, 0xc0, 0xc3, 0x03, 0x03, 0x03,
    0x00, 0x00, 0x00, 0xc0, 0x00, 0xc0, 0x03, 0x00, 0x00, 0x30, 0x33, 0x0c, 0x30, 0xcc, 0xf3, 0xcc,
    0xcc, 0xcc, 0xcc, 0xf3, 0xcf, 0x33, 0xf3, 0xcc, 0xcc, 0x30, 0x00, 0xc0, 0xc0, 0xc0, 0x03, 0x33,
    0x0c, 0x33, 0xcc, 0xcc, 0xcc, 0xcc, 0xc0, 0xc3, 0x30, 0x0c, 0xc5, 0x84, 0x51, 0x8c, 0x30, 0xc0,
    0x00, 0xc0, 0x30, 0xc0, 0x0c, 0x00, 0x30, 0x0c, 0x00, 0x30, 0x00, 0x00, 0x00, 0x00, 0x00, 0x03,
    0x00, 0x00, 0x0c, 0x30, 0x00, 0x03, 0x00, 0x00, 0x30, 0x00, 0xc0, 0x00, 0x00, 0x00, 0x00, 0x00,
    0x00, 0x00, 0x30, 0x00, 0x00, 0x00, 0x00, 0x03, 0x00, 0x00, 0x00, 0x00, 0x00, 0x03, 0x00, 0x03,
    0x00, 0x03, 0x00, 0x00, 0x00, 0x00, 0x00, 0x00, 0x00, 0x30, 0x00, 0x00, 0x00, 0x0c, 0x30, 0x00,
    0xc0, 0x00, 0xc0, 0x00, 0x00, 0x00, 0x00, 0x00, 0x00, 0xc0, 0x30, 0x03, 0x0c, 0x03, 0x00, 0x00,
    0xc3, 0x03, 0x00, 0x03, 0x0c, 0xcc, 0xcc, 0xf3, 0xcc, 0xcc, 0xcc, 0xcc, 0xcc, 0xcc, 0xcc, 0xf3,
    0x33, 0x0c, 0xcc, 0x0c, 0x0c, 0x0c, 0xc0, 0x00, 0xc3, 0x33, 0x33, 0x33, 0x33, 0x0c, 0x3c, 0xcc,
    0xcc, 0xc5, 0x58, 0x56, 0x59, 0x10, 0x00, 0x0c, 0x0c, 0x03, 0x00, 0x00, 0xc0, 0xc0, 0x00, 0x00,
    0x03, 0x00, 0x00, 0x00, 0x00, 0x00, 0x30, 0x00, 0x00, 0x00, 0x00, 0x00, 0x30, 0xc0, 0x00, 0x00,
    0x00, 0xc0, 0x00, 0x00, 0xc0, 0x0c, 0x0c, 0x00, 0xc0, 0xc0, 0x00, 0x00, 0x00, 0x00, 0x03, 0x00,
    0x00, 0x00, 0x00, 0x00, 0x00, 0x00, 0x00, 0x00, 0x00, 0x30, 0x00, 0xc0, 0x00, 0x00, 0x00, 0x00,
    0x03, 0x00, 0x00, 0x00, 0x30, 0x00, 0x00, 0x0c, 0x00, 0x00, 0x00, 0x0c, 0x00, 0x30, 0x30, 0x30,
    0x0c, 0x03, 0x00, 0x00, 0x00, 0x00, 0x30, 0x30, 0x00, 0x00, 0x0c, 0xc0, 0xcc, 0xcc, 0x33, 0x33,
    0x33, 0x33, 0xcc, 0xcc, 0xcc, 0xf3, 0xf3, 0x3c, 0xcc, 0xc0, 0x00, 0x00, 0x00, 0xc0, 0x33, 0x33,
    0x30, 0xcc, 0xcc, 0xcc, 0xcc, 0xc3, 0x33, 0x30, 0xc0, 0x34, 0x95, 0x61, 0x21, 0x65, 0x8c, 0xc0,
    0xc0, 0x30, 0x03, 0x0c, 0x00, 0x03, 0x00, 0xc0, 0xc0, 0x03, 0x0c, 0x0c, 0x30, 0x00, 0x00, 0x30,
    0x03, 0x00, 0x00, 0x00, 0x00, 0x00, 0x03, 0x0c, 0x00, 0x00, 0x00, 0x0c, 0x00, 0xc0, 0x00, 0x00,
    0x00, 0x00, 0x00, 0x00, 0x00, 0x00, 0x00, 0x00, 0x00, 0x00, 0x03, 0x00, 0x00, 0x00, 0x00, 0x00,
    0x00, 0x00, 0x00, 0x00, 0x30, 0x00, 0x00, 0x00, 0x00, 0x00, 0x30, 0xc0, 0x00, 0xc0, 0x00, 0x00,
    0x00, 0x30, 0x0c, 0x00, 0x0c, 0x00, 0x00, 0x00, 0xc0, 0x00, 0x00, 0xc0, 0x00, 0xc0, 0x00, 0x00,
    0x30, 0x30, 0xc0, 0x0c, 0x33, 0x33, 0x33, 0xcf, 0xcc, 0xcc, 0xcc, 0xf3, 0x33, 0x33, 0x3c, 0xcf,
    0x33, 0x30, 0xc3, 0x0c, 0xcc, 0x0c, 0x00, 0xc0, 0x0c, 0xcc, 0xf3, 0x30, 0x30, 0xcc, 0xcc, 0xcc,
    0xcc, 0xd6, 0x49, 0x16, 0x56, 0x11, 0x44, 0x04, 0x03, 0x00, 0x30, 0x00, 0x00, 0x00, 0x0c, 0x00,
    0x00, 0x00, 0x00, 0x00, 0x00, 0x30, 0x00, 0x00, 0x00, 0x00, 0x00, 0x00, 0x00, 0x00, 0xc0, 0x00,
    0x30, 0x0c, 0x0c, 0x00, 0x00, 0x00, 0x00, 0x00, 0x00, 0x00, 0x00, 0x00, 0x00, 0x30, 0x00, 0x00,
    0x00, 0x30, 0x30, 0x00, 0x00, 0x00, 0x00, 0x00, 0x00, 0x00, 0x00, 0x00, 0x00, 0x00, 0x00, 0x00,
    0x00, 0x00, 0x00, 0x03, 0x00, 0x00, 0x00, 0xc0, 0x03, 0x00, 0x00, 0x00, 0x00, 0x00, 0x03, 0x00,
    0x00, 0x30, 0x0c, 0x03, 0x0c, 0x03, 0x03, 0x0c, 0x03, 0x00, 0x0c, 0x30, 0xc3, 0x33, 0x30, 0xf3,
    0x33, 0x33, 0x33, 0x33, 0xcc, 0xcc, 0xcc, 0xf3, 0x3c, 0xc0, 0x00, 0x00, 0x00, 0xc3, 0x33, 0x0c,
    0xc3, 0x33, 0x33, 0xcf, 0x33, 0x33, 0x33, 0x30, 0xcd, 0x49, 0x56, 0x64, 0x61, 0x66, 0x51, 0x30,
    0xc0, 0x0c, 0x00, 0x00, 0xc3, 0x0c, 0x00, 0x0c, 0x0c, 0x30, 0x00, 0x00, 0x00, 0x00, 0x00, 0x00,
    0x00, 0x03, 0x00, 0x0c, 0x00, 0x0c, 0x00, 0x00, 0x00, 0xc0, 0x00, 0x00, 0x0c, 0x00, 0x00, 0x30,
    0x00, 0x00, 0x00, 0x00, 0x30, 0x00, 0x00, 0x00, 0x0c, 0x00, 0x00, 0x00, 0x03, 0x00, 0x00, 0x00,
    0x03, 0x00, 0x0c, 0x00, 0x00, 0x00, 0x00, 0x00, 0x0c, 0x0c, 0x00, 0x00, 0x00, 0x03, 0x0c, 0x00,
    0x30, 0x00, 0xc0, 0x30, 0xc0, 0x0c, 0x30, 0x00, 0x03, 0x00, 0xc0, 0x00, 0x00, 0x00, 0x00, 0x00,
    0x00, 0x0c, 0x03, 0x03, 0x73, 0x0c, 0xcc, 0xcc, 0xcc, 0xcf, 0x33, 0xcc, 0xcf, 0x33, 0x33, 0x33,
    0x33, 0x33, 0x30, 0xcc, 0x30, 0x00, 0x00, 0xc0, 0x30, 0x33, 0x33, 0x33, 0x33, 0x33, 0x33, 0x33,
    0x16, 0x65, 0x89, 0x19, 0x56, 0x14, 0x99, 0x48, 0x0c, 0x00, 0x03, 0x0c, 0x00, 0x00, 0x30, 0x00,
    0x00, 0x00, 0x30, 0xc0, 0x0c, 0x00, 0xc3, 0x00, 0x30, 0x00, 0x03, 0x00, 0x03, 0x00, 0x00, 0xc0,
    0x00, 0x00, 0x00, 0xc0, 0xc0, 0x03, 0x0c, 0x00, 0x00, 0x00, 0x00, 0x00, 0x00, 0x00, 0x0c, 0x0c,
    0x00, 0x00, 0x00, 0x03, 0x00, 0x00, 0x00, 0x0c, 0x00, 0x00, 0x00, 0x03, 0x00, 0x30, 0x30, 0x00,
    0x00, 0x00, 0x0c, 0x00, 0x0c, 0x00, 0x00, 0x00, 0x00, 0x00, 0x00, 0x00, 0x00, 0xc0, 0x00, 0x0c,
    0x30, 0x00, 0x00, 0x30, 0x30, 0x30, 0x30, 0xc3, 0x0c, 0x00, 0xc0, 0xc4, 0x5c, 0xcc, 0xcc, 0xcc,
    0xcc, 0xcc, 0xcc, 0xcf, 0x33, 0xcc, 0xcc, 0xcc, 0xcc, 0x00, 0x00, 0x00, 0x03, 0x33, 0x30, 0x33,
    0x0c, 0xc3, 0x33, 0x33, 0x33, 0x33, 0x33, 0x33, 0x72, 0x52, 0x55, 0x96, 0x25, 0x65, 0x12, 0x44,
    0xc0, 0xc0, 0xc0, 0x00, 0x0c, 0x03, 0x00, 0xc0, 0xc0, 0x00, 0x00, 0x03, 0x00, 0x00, 0x00, 0x03,
    0x00, 0x00, 0x00, 0x00, 0x00, 0x00, 0x00, 0x03, 0x0c, 0x03, 0x0c, 0x00, 0x00, 0x00, 0x00, 0x00,
    0xc3, 0x03, 0x03, 0x00, 0x00, 0x00, 0x00, 0x00, 0x00, 0x00, 0x00, 0x00, 0x00, 0x03, 0x00, 0xc0,
    0x00, 0x00, 0x00, 0x00, 0x00, 0x00, 0x00, 0x00, 0x00, 0x00, 0xc0, 0x30, 0xc0, 0x00, 0x00, 0x03,
    0x00, 0x00, 0x03, 0x00, 0x00, 0x00, 0x00, 0xc0, 0x00, 0x00, 0x03, 0x00, 0x00, 0x00, 0x00, 0x00,
    0x00, 0xcc, 0x30, 0x33, 0x63, 0x33, 0x33, 0x33, 0x33, 0x33, 0x33, 0x33, 0x33, 0x3c, 0xcc, 0xcc,
    0xc3, 0x30, 0xcc, 0x33, 0x30, 0x00, 0x03, 0x00, 0x00, 0x30, 0xcc, 0xf3, 0x33, 0x33, 0x33, 0xd6,
    0x59, 0x25, 0x89, 0x61, 0x52, 0x49, 0x95, 0x91, 0x00, 0x00, 0x00, 0xc0, 0xc0, 0xc0, 0x00, 0x00,
    0x00, 0x30, 0x00, 0x00, 0x00, 0x0c, 0x00, 0x00, 0x00, 0x00, 0x00, 0x00, 0x00, 0x00, 0x00, 0x00,
    0x00, 0x00, 0x00, 0x00, 0x00, 0xc0, 0x00, 0x00, 0x00, 0x00, 0x00, 0x00, 0x00, 0x00, 0x00, 0x00,
    0x00, 0x00, 0x00, 0xc0, 0x00, 0x00, 0x00, 0x00, 0x00, 0x00, 0x00, 0x00, 0x00, 0x00, 0x00, 0x00,
    0x03, 0x0c, 0x00, 0x00, 0x00, 0x30, 0x00, 0x30, 0x00, 0x30, 0x30, 0x00, 0x30, 0x00, 0xc0, 0x00,
    0x00, 0x30, 0xc0, 0x00, 0xc3, 0x03, 0x03, 0x03, 0x30, 0x00, 0x0c, 0x12, 0x35, 0xcd, 0xcd, 0xcc,
    0xcc, 0xcc, 0xcc, 0xcc, 0xcf, 0x33, 0x33, 0x33, 0x30, 0x00, 0x00, 0x00, 0x00, 0xc3, 0x00, 0x30,
    0xcc, 0x0c, 0x33, 0x3f, 0x33, 0x33, 0x37, 0x6d, 0x96, 0x76, 0x56, 0x16, 0x65, 0x51, 0x64, 0x64,
    0xc3, 0x0c, 0x30, 0x0c, 0x00, 0x00, 0x0c, 0x00, 0x03, 0x00, 0x00, 0x00, 0x00, 0x00, 0x00, 0x00,
    0x00, 0x30, 0x30, 0x00, 0x30, 0x00, 0x0c, 0x00, 0x00, 0x30, 0x00, 0x30, 0xc0, 0x00, 0xc0, 0xc0,
    0x00, 0x00, 0x00, 0x03, 0x00, 0x00, 0x00, 0x00, 0x00, 0x03, 0x00, 0x00, 0x00, 0xc0, 0x00, 0x00,
    0x00, 0x00, 0x00, 0x00, 0x00, 0x00, 0x00, 0x30, 0x00, 0x00, 0x00, 0x00, 0x00, 0x00, 0xc3, 0x00,
    0x03, 0x00, 0x00, 0x03, 0x00, 0x0c, 0x00, 0x03, 0x0c, 0x00, 0x00, 0x0c, 0x00, 0x00, 0x30, 0x30,
    0x03, 0x0c, 0xc3, 0x33, 0x59, 0x99, 0x9d, 0xb7, 0xb7, 0xb7, 0x33, 0x33, 0x33, 0xcc, 0xcc, 0xcc,
    0x0c, 0x33, 0x0c, 0xc3, 0x0c, 0x00, 0x30, 0x00, 0x03, 0x33, 0x0c, 0xc3, 0xff, 0xfd, 0xdd, 0x24,
    0xb2, 0x58, 0x99, 0x64, 0x58, 0x99, 0x19, 0x49, 0x00, 0x00, 0x00, 0x00, 0x00, 0x0c, 0x00, 0x30,
    0xc0, 0x03, 0x0c, 0x30, 0x30, 0x00, 0x00, 0xc0, 0x00, 0x00, 0x00, 0x03, 0x00, 0x03, 0x00, 0x00,
    0x00, 0x00, 0x30, 0x00, 0x00, 0x0c, 0x00, 0x00, 0xc0, 0x30, 0x30, 0x00, 0x03, 0x03, 0x00, 0x00,
    0x00, 0x00, 0x00, 0x00, 0x0c, 0x00, 0x00, 0x00, 0x00, 0x03, 0x00, 0x30, 0x03, 0x00, 0x03, 0x00,
    0x00, 0x00, 0x0c, 0x0c, 0x0c, 0x00, 0x00, 0x00, 0x00, 0x00, 0x00, 0x30, 0x00, 0xc0, 0x03, 0x00,
    0x00, 0x00, 0x0c, 0x00, 0x00, 0x30, 0x00, 0x00, 0x00, 0x00, 0x30, 0x31, 0x9d, 0x9d, 0xd9, 0xd9,
    0x66, 0x76, 0x6d, 0x9f, 0xf3, 0x33, 0x33, 0x33, 0x00, 0xc0, 0x00, 0x00, 0x00, 0x30, 0x03, 0x0c,
    0xc0, 0x00, 0xc0, 0xcc, 0x33, 0xce, 0xda, 0x76, 0x59, 0x95, 0x61, 0x59, 0x85, 0x46, 0x52, 0x55,
    0x33, 0x0c, 0x0c, 0x03, 0x0c, 0x00, 0x30, 0x00, 0x00, 0x30, 0x00, 0x00, 0x00, 0xc0, 0xc0, 0x00,
    0x0c, 0x00, 0x00, 0x00, 0x00, 0x00, 0x00, 0x00, 0x30, 0x00, 0x00, 0x00, 0x0c, 0x00, 0x00, 0x0c,
    0x00, 0x00, 0x00, 0x30, 0x00, 0x00, 0x00, 0x00, 0x03, 0x00, 0x00, 0x00, 0x00, 0x00, 0x0c, 0x00,
    0x30, 0x30, 0x00, 0x00, 0x00, 0x00, 0xc0, 0x00, 0x0c, 0x30, 0x00, 0x00, 0x00, 0x0c, 0x00, 0x00,
    0x30, 0x03, 0x00, 0x00, 0x00, 0x00, 0x00, 0x00, 0x00, 0x30, 0xc0, 0x00, 0xc3, 0x00, 0x03, 0x03,
    0x30, 0xcc, 0x0c, 0xc7, 0x62, 0x76, 0x67, 0x67, 0x9d, 0x9b, 0x59, 0x75, 0xfc, 0xcc, 0xcc, 0xcc,
    0xcc, 0x03, 0x0c, 0x30, 0xc3, 0x03, 0x00, 0x00, 0x0c, 0xcc, 0x33, 0x0c, 0xcc, 0xfd, 0xdd, 0x99,
    0xd8, 0xd9, 0x96, 0x24, 0x58, 0x94, 0x95, 0x86, 0x10, 0x00, 0xc0, 0xc0, 0x00, 0xc0, 0x00, 0x0c,
    0x0c, 0x00, 0x00, 0x0c, 0x00, 0x00, 0x00, 0x03, 0x00, 0x00, 0x00, 0x00, 0x00, 0x00, 0x00, 0x0c,
    0x00, 0x00, 0x00, 0xc0, 0xc0, 0x00, 0x0c, 0x00, 0x03, 0x00, 0x00, 0x00, 0x00, 0x00, 0x03, 0x03,
    0x00, 0x00, 0x00, 0x00, 0x00, 0x00, 0x00, 0x03, 0x00, 0x00, 0x00, 0x00, 0x00, 0x00, 0x00, 0x00,
    0x00, 0x00, 0xc0, 0x00, 0xc0, 0x00, 0x00, 0x30, 0x00, 0x00, 0x0c, 0x00, 0x30, 0x00, 0x30, 0x0c,
    0x0c, 0x00, 0x00, 0xc0, 0x00, 0x03, 0x00, 0x00, 0x00, 0x03, 0x01, 0x32, 0x37, 0x61, 0xd9, 0x8d,
    0x99, 0xd6, 0x77, 0x66, 0x7f, 0xcc, 0xcc, 0xc0, 0x00, 0xc0, 0x00, 0x00, 0x00, 0x00, 0x30, 0xc3,
    0x00, 0x00, 0x00, 0xc3, 0x33, 0x1f, 0x36, 0x71, 0x96, 0x49, 0x35, 0x96, 0x65, 0x65, 0x49, 0x58,
    0x40, 0xc0, 0x00, 0x00, 0xc0, 0x03, 0x03, 0x00, 0x00, 0x03, 0x0c, 0x00, 0x30, 0x30, 0x0c, 0x30,
    0x00, 0x00, 0xc0, 0xc0, 0x00, 0x00, 0x00, 0x00, 0x00, 0x0c, 0x00, 0x00, 0x00, 0x30, 0x00, 0x00,
    0x00, 0x03, 0x03, 0x00, 0x30, 0x00, 0x30, 0x00, 0x00, 0x00, 0x00, 0x0c, 0x00, 0x00, 0x00, 0x00,
    0x00, 0x00, 0x03, 0x00, 0x00, 0x00, 0x00, 0x00, 0x00, 0x00, 0x00, 0xc0, 0x00, 0xc0, 0x30, 0x00,
    0x00, 0xc0, 0x00, 0x0c, 0x00, 0x30, 0x00, 0x00, 0x00, 0x00, 0x00, 0x00, 0x00, 0x30, 0x30, 0xc3,
    0x0c, 0x30, 0x33, 0x0c, 0x65, 0x9d, 0x9d, 0xd9, 0xdd, 0x8d, 0x99, 0x99, 0xf3, 0xf3, 0x33, 0x33,
    0x30, 0x0c, 0xc3, 0x0c, 0x30, 0xc3, 0x00, 0x00, 0x0c, 0x0c, 0x30, 0x00, 0x0c, 0xc3, 0xb7, 0x27,
    0x63, 0x67, 0x58, 0x59, 0x14, 0x49, 0x94, 0x85, 0x0c, 0x03, 0x0c, 0x0c, 0x00, 0x30, 0x00, 0x03,
    0x00, 0xc0, 0x00, 0xc3, 0x00, 0x00, 0xc0, 0x00, 0x00, 0xc0, 0x00, 0x00, 0x0c, 0x30, 0x00, 0x00,
    0x00, 0xc0, 0x00, 0x00, 0x00, 0x00, 0xc0, 0x30, 0x30, 0x00, 0x00, 0x00, 0x00, 0x30, 0x00, 0x00,
    0x00, 0x00, 0x0c, 0x00, 0x00, 0x00, 0x00, 0x00, 0x00, 0x00, 0x00, 0x00, 0x30, 0x00, 0x00, 0x00,
    0x03, 0x00, 0x00, 0x00, 0x0c, 0x00, 0x00, 0x03, 0x0c, 0x00, 0xc0, 0x00, 0x03, 0x00, 0x03, 0x00,
    0xc0, 0x30, 0xc0, 0x0c, 0x30, 0x00, 0x00, 0x00, 0x00, 0x03, 0x00, 0xc7, 0x76, 0x36, 0x66, 0x66,
    0x64, 0xd9, 0xd2, 0x5c, 0x7c, 0xcf, 0xcc, 0x30, 0x03, 0x00, 0x00, 0x00, 0x00, 0x00, 0x0c, 0x30,
    0xc0, 0xc0, 0x00, 0xc3, 0x00, 0x30, 0x33, 0x99, 0x35, 0x91, 0x96, 0x61, 0x99, 0x94, 0x49, 0x58,
    0x80, 0x00, 0x00, 0xc0, 0x33, 0x00, 0xc0, 0xc0, 0x0c, 0x00, 0xc0, 0x00, 0x0c, 0x0c, 0x00, 0x00,
    0xc0, 0x00, 0x00, 0x00, 0xc0, 0x00, 0x30, 0x00, 0x00, 0x00, 0x00, 0x00, 0x03, 0x00, 0x00, 0x00,
    0x00, 0x30, 0x00, 0x0c, 0x00, 0x00, 0x00, 0x00, 0x30, 0x0c, 0x00, 0x00, 0x00, 0x03, 0x00, 0x30,
    0x00, 0x00, 0x00, 0x00, 0x00, 0x0c, 0x00, 0x00, 0x00, 0x0c, 0x30, 0x0c, 0x00, 0x03, 0x00, 0xc0,
    0x00, 0x00, 0x00, 0xc0, 0x30, 0x03, 0x00, 0x0c, 0x03, 0x00, 0x03, 0x00, 0x03, 0x00, 0x00, 0x30,
    0x30, 0xc0, 0xcc, 0x30, 0x93, 0x59, 0xc9, 0xdd, 0x8d, 0x99, 0x67, 0x66, 0x73, 0xfc, 0xf3, 0x0c,
    0x30, 0x30, 0x30, 0xc3, 0x0c, 0x30, 0xc0, 0x00, 0x00, 0x03, 0x0c, 0x00, 0x03, 0x03, 0x0c, 0xf6,
    0x66, 0x36, 0x25, 0x59, 0x44, 0x59, 0x95, 0x85, 0x03, 0x0c, 0x30, 0x03, 0x00, 0x0c, 0x0c, 0x00,
    0xc0, 0x30, 0x00, 0x00, 0xc0, 0x00, 0x0c, 0x30, 0x00, 0x0c, 0x0c, 0x00, 0x00, 0x00, 0x00, 0x30,
    0x00, 0x00, 0x30, 0x30, 0x30, 0x00, 0x03, 0x00, 0x00, 0x00, 0x30, 0x00, 0x03, 0x00, 0xc0, 0x30,
    0x00, 0x00, 0x00, 0x00, 0x03, 0x00, 0x00, 0x00, 0x00, 0x0c, 0x00, 0x03, 0x00, 0x00, 0x00, 0x00,
    0x00, 0x00, 0x00, 0xc0, 0x00, 0x00, 0x00, 0x00, 0x00, 0x0c, 0x00, 0x00, 0x00, 0x00, 0x00, 0x00,
    0x00, 0x00, 0x00, 0x03, 0x00, 0x0c, 0x33, 0x00, 0x00, 0x0c, 0x03, 0x0d, 0xd9, 0x9c, 0x9d, 0x86,
    0x76, 0x67, 0x25, 0x95, 0x8e, 0x37, 0x33, 0x03, 0x00, 0x03, 0x00, 0x00, 0x00, 0x00, 0x03, 0x0c,
    0x30, 0x30, 0x00, 0x30, 0xc0, 0x00, 0x03, 0x1c, 0xd3, 0x59, 0x58, 0x97, 0x66, 0x44, 0x52, 0x58,
    0xc0, 0x00, 0x00, 0x30, 0x00, 0xc0, 0x00, 0x30, 0x00, 0x00, 0x30, 0xc0, 0x00, 0xc0, 0x00, 0x00,
    0x0c, 0x00, 0x00, 0x00, 0x00, 0x00, 0x00, 0x00, 0x0c, 0x00, 0x00, 0x00, 0x00, 0x00, 0x00, 0x00,
    0xc0, 0x00, 0x00, 0xc0, 0x30, 0x00, 0x00, 0x00, 0x00, 0xc0, 0x00, 0x03, 0x00, 0x00, 0x00, 0x00,
    0x00, 0x00, 0x00, 0x30, 0x00, 0x00, 0x00, 0x00, 0x0c, 0x00, 0x00, 0x00, 0x30, 0xc0, 0x0c, 0x00,
    0x00, 0xc0, 0x0c, 0x03, 0x00, 0x00, 0x30, 0xc0, 0x30, 0x0c, 0x30, 0x30, 0x00, 0xc0, 0x00, 0x03,
    0x0c, 0x00, 0xc0, 0xc3, 0x18, 0xd6, 0x56, 0x67, 0x65, 0x9d, 0x99, 0x6d, 0x73, 0xcf, 0x30, 0xc0,
    0x33, 0x00, 0x0c, 0x30, 0xc3, 0x0c, 0x30, 0x00, 0x03, 0x00, 0xc3, 0x00, 0x00, 0xc3, 0x30, 0x32,
    0x65, 0x86, 0x75, 0xc4, 0x51, 0x26, 0x64, 0x44, 0x00, 0xc0, 0x03, 0x00, 0x0c, 0x00, 0xc0, 0x00,
    0x30, 0xc3, 0x00, 0x0c, 0x0c, 0x03, 0x00, 0x03, 0x00, 0x30, 0xc0, 0x30, 0x00, 0x03, 0x03, 0x00,
    0x00, 0x00, 0x00, 0x00, 0x00, 0x00, 0xc0, 0x00, 0x00, 0xc0, 0x00, 0x00, 0x00, 0x00, 0x03, 0x00,
    0x0c, 0x00, 0x30, 0xc0, 0x00, 0x00, 0x03, 0x00, 0x00, 0x00, 0x03, 0x00, 0x00, 0x00, 0x0c, 0x00,
    0x00, 0x30, 0xc0, 0x03, 0x00, 0x00, 0xc0, 0x03, 0x0c, 0x00, 0x00, 0x00, 0x00, 0xc3, 0x00, 0x00,
    0x00, 0x00, 0x00, 0x00, 0x30, 0x00, 0xc0, 0x30, 0x00, 0xcc, 0x0c, 0x31, 0x9d, 0x66, 0x76, 0x75,
    0x99, 0xd6, 0x67, 0x46, 0x2c, 0xf0, 0xc3, 0x33, 0x00, 0x30, 0xc0, 0x00, 0x00, 0x00, 0x00, 0xc3,
    0x00, 0x00, 0x00, 0x00, 0x30, 0x00, 0x00, 0xcd, 0xc9, 0x9d, 0x18, 0x66, 0x66, 0x44, 0x49, 0x90,
    0x0c, 0x03, 0x00, 0x00, 0x00, 0x00, 0x03, 0x03, 0x00, 0x00, 0x00, 0x00, 0x00, 0x00, 0x0c, 0x30,
    0x00, 0x00, 0x03, 0x00, 0x30, 0x00, 0x00, 0x00, 0xc0, 0x00, 0x00, 0x00, 0x00, 0x00, 0x00, 0x0c,
    0x00, 0x00, 0xc0, 0x00, 0x00, 0x0c, 0x00, 0x00, 0xc0, 0x00, 0x00, 0x00, 0x00, 0x00, 0x30, 0x00,
    0x0c, 0x00, 0x00, 0x00, 0x00, 0x30, 0x00, 0x00, 0x00, 0x00, 0x03, 0x00, 0x00, 0x00, 0x00, 0x30,
    0x00, 0x00, 0x00, 0x30, 0x0c, 0x00, 0x00, 0x03, 0x00, 0xc0, 0x03, 0x00, 0x00, 0x0c, 0x03, 0x00,
    0x30, 0x00, 0x30, 0x4c, 0xc6, 0x67, 0x66, 0x66, 0x76, 0x65, 0x86, 0x66, 0x5c, 0x4c, 0x30, 0x00,
    0xc3, 0x00, 0x03, 0x0c, 0x30, 0xc3, 0x0c, 0x00, 0x0c, 0x30, 0x30, 0x30, 0x00, 0x0c, 0x0c, 0x03,
    0x37, 0x12, 0x66, 0x59, 0x11, 0x99, 0x95, 0x0c, 0x00, 0x00, 0x00, 0x03, 0x00, 0x00, 0x00, 0x30,
    0x03, 0x00, 0x30, 0xc0, 0xc0, 0x30, 0x00, 0x00, 0x03, 0x00, 0x00, 0x03, 0x00, 0x30, 0x00, 0x00,
    0x00, 0x0c, 0x03, 0x03, 0x00, 0xc0, 0x00, 0x00, 0x00, 0x00, 0x00, 0x0c, 0x00, 0xc0, 0x00, 0x00,
    0x00, 0x00, 0x00, 0x00, 0x0c, 0x0c, 0x00, 0x00, 0xc0, 0x00, 0x00, 0x00, 0x00, 0x00, 0x00, 0x0c,
    0x03, 0x00, 0x00, 0x00, 0x03, 0x0c, 0x00, 0x00, 0x00, 0x03, 0x03, 0x00, 0x00, 0x00, 0x03, 0x00,
    0x00, 0x00, 0xc0, 0x0c, 0x03, 0x00, 0x00, 0x03, 0x00, 0x0c, 0x03, 0x0c, 0x66, 0x35, 0x89, 0xd9,
    0x86, 0x63, 0x75, 0x99, 0x4c, 0xcc, 0xc7, 0x30, 0x00, 0x0c, 0x30, 0x00, 0x00, 0x00, 0x00, 0x0c,
    0x00, 0x00, 0x00, 0x00, 0xc0, 0xc0, 0x00, 0x00, 0xdc, 0xa6, 0x4d, 0x87, 0x67, 0x11, 0x24, 0xc0,
    0x00, 0x00, 0x30, 0xc0, 0x00, 0xc3, 0x00, 0x00, 0x30, 0x0c, 0x00, 0x00, 0x03, 0x00, 0x00, 0x00,
    0x30, 0x00, 0x00, 0x00, 0x00, 0x00, 0x00, 0x00, 0x00, 0xc0, 0x00, 0x00, 0x00, 0x00, 0x00, 0x00,
    0x00, 0x30, 0x00, 0xc0, 0x0c, 0x00, 0x00, 0x00, 0x00, 0x03, 0x00, 0x03, 0x00, 0x00, 0x00, 0x00,
    0x00, 0x0c, 0x00, 0x00, 0x00, 0x00, 0x00, 0x00, 0x00, 0x03, 0x00, 0x30, 0x30, 0x00, 0x0c, 0x00,
    0x00, 0x30, 0x00, 0x00, 0xc0, 0x03, 0x00, 0x00, 0x30, 0x0c, 0x00, 0x00, 0x30, 0x00, 0xc0, 0xc0,
    0x0c, 0x00, 0xc0, 0xc3, 0x67, 0x58, 0x9d, 0x65, 0xd9, 0xd9, 0x66, 0x76, 0x73, 0x30, 0x40, 0xc3,
    0x30, 0xc0, 0x00, 0xc3, 0x0c, 0x30, 0xc0, 0xc0, 0x30, 0x0c, 0x0c, 0x0c, 0x00, 0x00, 0x00, 0x30,
    0x03, 0x77, 0x64, 0x76, 0x12, 0x49, 0xcc, 0x00, 0x30, 0x30, 0x00, 0x00, 0x0c, 0x00, 0x0c, 0x03,
    0x00, 0x00, 0x00, 0x0c, 0x00, 0x00, 0xc3, 0x03, 0x00, 0x03, 0x0c, 0x00, 0x03, 0x00, 0x00, 0x0c,
    0x00, 0x00, 0x00, 0x00, 0x00, 0x00, 0xc3, 0x00, 0x0c, 0x00, 0x0c, 0x00, 0x00, 0x00, 0x0c, 0x0c,
    0x00, 0x00, 0x00, 0xc0, 0x00, 0x00, 0x00, 0x00, 0x00, 0x00, 0x0c, 0x00, 0x00, 0x00, 0x00, 0x00,
    0x00, 0x30, 0x0c, 0x00, 0x00, 0x00, 0x00, 0x03, 0x0c, 0x00, 0x00, 0x00, 0x00, 0x30, 0x00, 0x30,
    0x00, 0xc0, 0x03, 0x00, 0x00, 0x30, 0x00, 0x00, 0xc0, 0xc0, 0x0c, 0x0c, 0x61, 0x99, 0xd6, 0x4d,
    0x96, 0x59, 0x99, 0x56, 0x48, 0x4c, 0xcc, 0x0c, 0x00, 0x03, 0x0c, 0x00, 0x00, 0x00, 0x0c, 0x00,
    0x00, 0xc0, 0x00, 0x00, 0x0c, 0x03, 0x03, 0x00, 0x00, 0x00, 0x03, 0x11, 0xb4, 0x91, 0x00, 0x00,
    0x00, 0x00, 0x00, 0x00, 0x00, 0x00, 0x00, 0x00, 0x03, 0x00, 0xc3, 0x00, 0x00, 0x00, 0x00, 0x00,
    0x00, 0x30, 0x00, 0x0c, 0x00, 0x00, 0xc0, 0xc0, 0x00, 0x00, 0x30, 0x00, 0x00, 0x00, 0x00, 0x03,
    0x00, 0x00, 0x00, 0x00, 0x00, 0x00, 0x00, 0x00, 0x00, 0x00, 0x00, 0x00, 0x00, 0x00, 0x00, 0xc0,
    0x00, 0x00, 0x00, 0x00, 0x0c, 0x00, 0x00, 0x00, 0x0c, 0x00, 0x00, 0x03, 0x00, 0x30, 0xc0, 0x30,
    0x00, 0x00, 0x30, 0x30, 0x03, 0x00, 0x0c, 0x00, 0x00, 0x00, 0x30, 0x0c, 0x03, 0x00, 0x0c, 0x0c,
    0x00, 0x0c, 0x00, 0xc3, 0x36, 0x25, 0x64, 0x99, 0x67, 0x66, 0x57, 0x98, 0x93, 0x03, 0x03, 0x00,
    0x30, 0xc0, 0x00, 0x30, 0xc0, 0xc0, 0xc0, 0x0c, 0x0c, 0x00, 0xc0, 0xc0, 0x00, 0x00, 0x00, 0x00,
    0xc0, 0x00, 0x00, 0x00, 0x09, 0x34, 0xc0, 0x0c, 0x00, 0x00, 0x00, 0x03, 0x00, 0x00, 0x00, 0x00,
    0x00, 0x30, 0x00, 0x00, 0xc3, 0x0c, 0x00, 0x00, 0x00, 0x00, 0x00, 0x00, 0x00, 0x00, 0x00, 0x00,
    0x03, 0x00, 0x00, 0x0c, 0x0c, 0x00, 0x00, 0x00, 0x00, 0x00, 0x00, 0x00, 0xc0, 0x00, 0xc0, 0x00,
    0x00, 0xc0, 0x00, 0x00, 0x00, 0xc0, 0xc0, 0x00, 0xc0, 0xc0, 0x00, 0x0c, 0x00, 0x03, 0x03, 0x00,
    0x00, 0x00, 0x00, 0x30, 0x03, 0x00, 0x00, 0x00, 0x00, 0x00, 0x00, 0x00, 0x30, 0x00, 0x00, 0x03,
    0x0c, 0x00, 0x00, 0x00, 0x30, 0x00, 0xc0, 0x00, 0x03, 0x00, 0xc0, 0x04, 0x97, 0x5c, 0x89, 0xd6,
    0x75, 0x97, 0x64, 0x65, 0x71, 0xcc, 0x30, 0xc3, 0x00, 0x03, 0x03, 0x00, 0x0c, 0x0c, 0x00, 0xc0,
    0x00, 0x00, 0x00, 0x03, 0x00, 0xc0, 0x30, 0x00, 0x00, 0xc0, 0xc0, 0x0c, 0x00, 0xc0, 0x00, 0xc0,
    0x03, 0x03, 0x0c, 0x30, 0x00, 0x00, 0x00, 0x30, 0xc0, 0x00, 0x30, 0x30, 0x00, 0x00, 0x0c, 0x0c,
    0x00, 0x00, 0x00, 0x00, 0x30, 0x0c, 0x00, 0x00, 0x00, 0x00, 0x00, 0xc0, 0x00, 0x0c, 0x00, 0x00,
    0x00, 0x00, 0xc0, 0x00, 0x00, 0x30, 0x00, 0x00, 0x30, 0x00, 0x0c, 0x00, 0x00, 0x00, 0x00, 0x00,
    0x00, 0x00, 0xc0, 0x00, 0x00, 0x00, 0x00, 0x00, 0x00, 0x0c, 0x30, 0x00, 0x00, 0x00, 0x03, 0x00,
    0x03, 0x0c, 0x00, 0x00, 0x00, 0x00, 0xc0, 0x00, 0x00, 0x0c, 0x00, 0xc0, 0x00, 0x0c, 0x00, 0xc0,
    0xc0, 0x00, 0x0c, 0x33, 0x31, 0x86, 0x5d, 0x66, 0x49, 0x89, 0x99, 0x99, 0x93, 0x07, 0x0c, 0x00,
    0x0c, 0x30, 0x30, 0x03, 0x00, 0x00, 0x0c, 0x00, 0xc0, 0xc3, 0x0c, 0x00, 0x0c, 0x03, 0x00, 0x30,
    0x00, 0x00, 0x03, 0x00, 0x00, 0x00, 0x0c, 0x00, 0x30, 0x00, 0x00, 0x00, 0x00, 0xc3, 0x03, 0x00,
    0x00, 0x0c, 0x00, 0x00, 0x00, 0xc0, 0xc0, 0x00, 0x30, 0x00, 0x0c, 0x00, 0x00, 0x00, 0x03, 0x00,
    0x00, 0x03, 0x00, 0x00, 0x00, 0x00, 0x00, 0x00, 0x03, 0x0c, 0x00, 0x0c, 0x00, 0x00, 0x00, 0xc0,
    0x00, 0x00, 0xc0, 0x00, 0x00, 0x00, 0x00, 0x00, 0x00, 0x00, 0x00, 0x00, 0x00, 0xc0, 0x00, 0x00,
    0x0c, 0x00, 0x00, 0x00, 0xc0, 0x03, 0x00, 0x03, 0x00, 0x00, 0x0c, 0x0c, 0x00, 0x0c, 0x00, 0xc0,
    0x00, 0xc0, 0x0c, 0x00, 0x00, 0xc0, 0x00, 0x00, 0x00, 0x30, 0x00, 0x00, 0x66, 0x65, 0xd6, 0x64,
    0xd9, 0x96, 0x5d, 0x67, 0x58, 0xc8, 0x00, 0x30, 0xc0, 0x00, 0x00, 0xc0, 0x03, 0x03, 0x00, 0x0c,
    0x00, 0x00, 0x00, 0x30, 0x00, 0x00, 0x00, 0x00, 0x0c, 0x00, 0x00, 0x00, 0x30, 0x02, 0x00, 0x00,
    0x00, 0x00, 0x00, 0x00, 0x00, 0x00, 0x00, 0x00, 0x03, 0x00, 0x0c, 0x0c, 0x30, 0x00, 0x00, 0xc0,
    0x00, 0xc3, 0x00, 0x30, 0x00, 0x00, 0x00, 0x03, 0x00, 0x00, 0x00, 0x00, 0x00, 0xc0, 0x00, 0xc0,
    0x30, 0x00, 0x00, 0xc0, 0x00, 0x00, 0x00, 0x03, 0x00, 0x00, 0x00, 0x00, 0xc0, 0x00, 0x00, 0x00,
    0x00, 0x00, 0x00, 0xc0, 0x30, 0x00, 0x00, 0x00, 0x00, 0x00, 0x03, 0x0c, 0x00, 0xc0, 0x00, 0x00,
    0x00, 0x00, 0x00, 0x00, 0x03, 0x00, 0x00, 0x00, 0xc0, 0x00, 0xc0, 0x03, 0x0c, 0x00, 0x30, 0x30,
    0x0c, 0x03, 0x0c, 0xcc, 0xc7, 0x1c, 0x65, 0x9d, 0x99, 0x76, 0x66, 0x14, 0x84, 0x30, 0xcc, 0x00,
    0x03, 0x0c, 0x30, 0x03, 0x00, 0x30, 0x00, 0xc0, 0x0c, 0x0c, 0x03, 0x00, 0xc0, 0x30, 0x0c, 0x03,
    0x00, 0x00, 0x00, 0x0c, 0x00, 0x00, 0x00, 0x00, 0x00, 0x00, 0x00, 0x00, 0x0c, 0x00, 0x00, 0x00,
    0x00, 0x00, 0xc0, 0xc0, 0x00, 0x30, 0x0c, 0x03, 0x00, 0x00, 0x00, 0x00, 0x03, 0x00, 0x00, 0x00,
    0x03, 0x00, 0x00, 0x00, 0xc0, 0x00, 0x30, 0x00, 0x00, 0x00, 0x00, 0x00, 0x00, 0x00, 0x30, 0x00,
    0x00, 0x30, 0x00, 0x0c, 0x00, 0x00, 0x00, 0x30, 0x00, 0x00, 0x00, 0x00, 0x00, 0x00, 0x30, 0x30,
    0x00, 0xc3, 0x00, 0x00, 0x00, 0x00, 0x0c, 0x30, 0x0c, 0x03, 0x00, 0x00, 0x30, 0x00, 0x0c, 0x00,
    0x00, 0x00, 0x00, 0x30, 0x00, 0x03, 0x00, 0x00, 0xc0, 0x00, 0x00, 0x00, 0x34, 0x96, 0x59, 0x96,
    0x59, 0x99, 0xd5, 0x99, 0x67, 0x13, 0x00, 0xcc, 0xc0, 0x00, 0x00, 0xc0, 0x30, 0x00, 0x30, 0x00,
    0xc0, 0x00, 0x30, 0x00, 0x03, 0x00, 0xc0, 0x30, 0x00, 0x03, 0x0c, 0x00, 0x00, 0x00, 0x00, 0x00,
    0x00, 0xc0, 0xc0, 0x03, 0x00, 0x00, 0x00, 0x00, 0x00, 0x00, 0x00, 0x03, 0x03, 0x00, 0xc0, 0x00,
    0x0c, 0x00, 0x30, 0x03, 0x00, 0x03, 0x00, 0x00, 0x00, 0x00, 0x0c, 0x0c, 0x00, 0x00, 0x00, 0x00,
    0x00, 0x00, 0x00, 0x00, 0x0c, 0x0c, 0x00, 0x00, 0x03, 0x00, 0x00, 0xc0, 0x00, 0xc0, 0xc0, 0x00,
    0x0c, 0x0c, 0x00, 0x00, 0x00, 0x00, 0x00, 0x00, 0x00, 0x00, 0x00, 0x00, 0x30, 0x03, 0x00, 0x00,
    0x00, 0x30, 0x03, 0x0c, 0x00, 0x00, 0xc0, 0x0c, 0x0c, 0x30, 0x00, 0x00, 0x00, 0x30, 0x03, 0x00,
    0x00, 0xc0, 0xc0, 0x0c, 0xc9, 0x61, 0x99, 0x65, 0x99, 0xd6, 0x66, 0x76, 0x51, 0x80, 0x0c, 0x00,
    0x0c, 0xc3, 0x0c, 0x03, 0x03, 0x03, 0x00, 0x0c, 0x00, 0xc0, 0x00, 0x0c, 0x00, 0x00, 0x00, 0x00,
    0x00, 0x30, 0x00, 0x00, 0x00, 0xc0, 0x30, 0x0c, 0x30, 0x00, 0x00, 0xc0, 0x00, 0x00, 0x30, 0x30,
    0xc0, 0x0c, 0x00, 0x30, 0x00, 0x00, 0x00, 0xc0, 0xc0, 0x30, 0x00, 0xc0, 0x00, 0x30, 0x0c, 0x00,
    0x00, 0x00, 0x00, 0x00, 0x00, 0x03, 0x00, 0x03, 0x00, 0x00, 0x0c, 0x00, 0x00, 0x00, 0x00, 0x00,
    0x00, 0x00, 0x00, 0x00, 0x00, 0x00, 0x00, 0x00, 0x00, 0x00, 0x00, 0x00, 0x00, 0x03, 0x00, 0x00,
    0x0c, 0x00, 0x30, 0xc3, 0x00, 0xc0, 0x00, 0x00, 0xc0, 0x00, 0x00, 0x00, 0x00, 0x30, 0x00, 0x00,
    0x00, 0x00, 0x30, 0x00, 0xc3, 0x00, 0x00, 0x0c, 0x0c, 0x00, 0x03, 0x00, 0x0c, 0xd9, 0xd7, 0x59,
    0x9d, 0x65, 0x96, 0x59, 0x64, 0xcc, 0xc0, 0x4c, 0x00, 0x00, 0x00, 0x30, 0x00, 0x00, 0x03, 0x00,
    0x00, 0x03, 0x00, 0xc0, 0x30, 0x30, 0x0c, 0x0c, 0x30, 0x00, 0x00, 0x30, 0x30, 0x00, 0x00, 0x00,
    0x00, 0x00, 0x00, 0x00, 0x00, 0x03, 0x00, 0x00, 0x00, 0xc0, 0x0c, 0x00, 0x30, 0x30, 0x0c, 0x00,
    0x00, 0x00, 0xc0, 0x00, 0x30, 0x00, 0x00, 0x30, 0xc0, 0x03, 0x00, 0x00, 0x00, 0xc0, 0x00, 0x30,
    0x00, 0x00, 0xc0, 0x03, 0x00, 0x00, 0x00, 0x00, 0xc0, 0x00, 0x30, 0x00, 0x00, 0x00, 0x00, 0xc0,
    0x00, 0x00, 0x00, 0x03, 0x00, 0x30, 0x00, 0x00, 0x00, 0x0c, 0x00, 0x00, 0x00, 0x00, 0x03, 0x0c,
    0x00, 0x00, 0x30, 0x00, 0x30, 0x00, 0x00, 0xc0, 0x00, 0x03, 0x00, 0xc0, 0x00, 0x00, 0x30, 0x00,
    0x00, 0x0c, 0x00, 0x00, 0x01, 0x25, 0x26, 0x67, 0x56, 0x59, 0x75, 0x96, 0x36, 0x00, 0x0c, 0x30,
    0xc3, 0x0c, 0x30, 0x00, 0x30, 0x30, 0x30, 0x00, 0x30, 0x00, 0x0c, 0x00, 0x00, 0x00, 0xc0, 0x00,
    0x03, 0x00, 0x00, 0x00, 0x00, 0x00, 0x00, 0x00, 0x00, 0x00, 0x00, 0x00, 0x00, 0x30, 0x00, 0x00,
    0x00, 0x00, 0x00, 0x03, 0x00, 0x00, 0xc0, 0x0c, 0x0c, 0x0c, 0x00, 0x30, 0x00, 0xc0, 0x00, 0x00,
    0x00, 0xc0, 0x00, 0x00, 0x00, 0x00, 0x03, 0x00, 0x03, 0x00, 0x00, 0x00, 0x00, 0x00, 0x00, 0xc0,
    0x00, 0x00, 0x00, 0x00, 0x00, 0x00, 0x00, 0x00, 0x00, 0x00, 0x0c, 0x00, 0x00, 0x00, 0x00, 0x00,
    0x00, 0xc0, 0x00, 0x00, 0x00, 0x00, 0xc0, 0x00, 0x03, 0x0c, 0x00, 0x30, 0x00, 0x00, 0xc0, 0x03,
    0x0c, 0x30, 0x00, 0x03, 0x00, 0x0c, 0x00, 0xc0, 0xc0, 0x00, 0x30, 0x30, 0xc0, 0xcd, 0x99, 0x95,
    0x99, 0x99, 0x99, 0x65, 0x94, 0x33, 0x10, 0xc0, 0x00, 0x00, 0x03, 0x0c, 0x03, 0x00, 0x00, 0x30,
    0x00, 0xc0, 0x00, 0x00, 0x00, 0x0c, 0x00, 0xc3, 0x00, 0x00, 0xc0, 0x00, 0x00, 0x0c, 0x03, 0x00,
    0x00, 0x0c, 0x0c, 0x00, 0x03, 0x00, 0x00, 0x00, 0x00, 0x00, 0x00, 0x00, 0x03, 0x00, 0x00, 0x00,
    0x00, 0x00, 0x0c, 0x00, 0xc0, 0x03, 0x0c, 0x00, 0x0c, 0x00, 0x00, 0x00, 0x30, 0x00, 0x00, 0x00,
    0x00, 0x00, 0x00, 0x00, 0x00, 0xc3, 0x00, 0x00, 0x00, 0x00, 0x00, 0x00, 0x0c, 0x00, 0xc0, 0x00,
    0xc0, 0x30, 0x00, 0x00, 0x00, 0x00, 0x00, 0x30, 0x00, 0x00, 0x0c, 0x0c, 0x0c, 0x30, 0x00, 0x00,
    0x30, 0x00, 0x03, 0x00, 0x03, 0x0c, 0x00, 0x00, 0x00, 0x00, 0x0c, 0x00, 0x0c, 0x00, 0x00, 0x00,
    0x03, 0x03, 0x00, 0x00, 0x00, 0x07, 0x27, 0x66, 0x65, 0xd7, 0x56, 0x76, 0x59, 0x10, 0x30, 0x0c,
    0x30, 0xc3, 0x00, 0x00, 0x30, 0x0c, 0x0c, 0x00, 0x00, 0x03, 0x00, 0x0c, 0x0c, 0x00, 0x0c, 0x00,
    0x0c, 0x30, 0x03, 0x0c, 0x03, 0x00, 0x00, 0x03, 0x00, 0xc0, 0x00, 0x03, 0x00, 0x00, 0x00, 0x03,
    0x00, 0x00, 0x00, 0x00, 0x00, 0x0c, 0x03, 0x00, 0x00, 0xc0, 0x00, 0x00, 0x00, 0x00, 0x00, 0x30,
    0xc0, 0x00, 0x30, 0x30, 0x00, 0x00, 0x00, 0x00, 0x30, 0x0c, 0x00, 0x00, 0x00, 0x00, 0x00, 0x00,
    0x00, 0x0c, 0x00, 0x00, 0xc0, 0x00, 0x00, 0x00, 0x00, 0x00, 0x00, 0x00, 0x00, 0x00, 0x00, 0x00,
    0x0c, 0x00, 0xc0, 0x00, 0x00, 0x00, 0x0c, 0x30, 0x00, 0x00, 0x30, 0x03, 0x00, 0x00, 0x03, 0x00,
    0x00, 0x00, 0xc0, 0x30, 0x00, 0x00, 0xc0, 0x0c, 0x00, 0x00, 0x03, 0x00, 0x30, 0x00, 0x71, 0x5d,
    0x76, 0x65, 0x98, 0x64, 0x92, 0x33, 0x03, 0x00, 0x00, 0x00, 0x30, 0xc3, 0x00, 0x00, 0x00, 0x03,
    0x0c, 0x00, 0x03, 0x00, 0x00, 0x00, 0x00, 0x0c, 0x00, 0x00, 0x00, 0x00, 0x30, 0x00, 0x30, 0x00,
    0x00, 0x00, 0x00, 0x00, 0x00, 0x00, 0x00, 0xc0, 0x03, 0x03, 0x03, 0x00, 0xc0, 0x00, 0x30, 0x0c,
    0x30, 0x00, 0xc0, 0x30, 0x0c, 0x30, 0x00, 0x00, 0x00, 0x0c, 0x00, 0x00, 0x00, 0x00, 0xc0, 0x00,
    0x00, 0x00, 0x03, 0x03, 0x00, 0x00, 0x03, 0x03, 0x03, 0x00, 0x00, 0x30, 0x00, 0x00, 0x00, 0x00,
    0x00, 0x00, 0x00, 0x30, 0x0c, 0x00, 0x03, 0x00, 0x00, 0x0c, 0x00, 0x00, 0xc0, 0x03, 0x00, 0x00,
    0x00, 0xc3, 0x00, 0x00, 0x00, 0x00, 0x30, 0x0c, 0x30, 0xc0, 0x00, 0x00, 0xc0, 0xc0, 0x03, 0x00,
    0x30, 0x30, 0x00, 0x0c, 0x00, 0xc0, 0x03, 0x26, 0x59, 0x59, 0x97, 0x59, 0x5d, 0x10, 0x8c, 0x33,
    0x0c, 0x30, 0x00, 0x00, 0x03, 0x00, 0xc0, 0xc0, 0x00, 0x00, 0x30, 0x00, 0x00, 0x30, 0x00, 0xc0,
    0xc0, 0xc3, 0x00, 0x00, 0x00, 0x00, 0x00, 0x00, 0x0c, 0x00, 0x00, 0x30, 0x00, 0x00, 0x00, 0x00,
    0x00, 0x00, 0x00, 0x00, 0x00, 0xc0, 0x00, 0x00, 0x00, 0x00, 0x00, 0x00, 0x00, 0x00, 0x30, 0x00,
    0x03, 0x00, 0x00, 0x00, 0x00, 0x0c, 0x00, 0x0c, 0x00, 0x00, 0x30, 0x00, 0x00, 0x00, 0x00, 0x00,
    0x00, 0x00, 0x0c, 0x00, 0x00, 0x00, 0x00, 0x00, 0x00, 0x00, 0x30, 0x00, 0x00, 0x00, 0x30, 0x00,
    0x00, 0x00, 0x03, 0x0c, 0x03, 0x00, 0x00, 0x03, 0x0c, 0x00, 0x00, 0x30, 0x30, 0xc3, 0x00, 0x00,
    0x00, 0x00, 0x03, 0x00, 0x00, 0x03, 0x00, 0x00, 0x00, 0x00, 0xc0, 0x00, 0x0c, 0x03, 0x00, 0x0c,
    0x86, 0x66, 0x76, 0x65, 0xc5, 0x8c, 0x00, 0x00, 0x00, 0x03, 0x0c, 0x00, 0x30, 0x0c, 0x00, 0x00,
    0x00, 0xc3, 0x00, 0x00, 0xc0, 0x00, 0xc0, 0x00, 0x0c, 0x00, 0x30, 0xc0, 0x00, 0x03, 0x00, 0x30,
    0x00, 0x00, 0x30, 0x00, 0x00, 0x00, 0x30, 0x00, 0x00, 0x00, 0x00, 0x00, 0x00, 0x03, 0x03, 0x00,
    0x03, 0x0c, 0x00, 0x00, 0xc0, 0x00, 0x00, 0xc3, 0x00, 0x00, 0x30, 0xc3, 0x0c, 0x00, 0x00, 0x00,
    0x00, 0xc0, 0x00, 0x00, 0x03, 0x00, 0x00, 0x00, 0x00, 0x00, 0x00, 0x00, 0x00, 0x30, 0x0c, 0x0c,
    0x03, 0x00, 0x00, 0x00, 0x00, 0x0c, 0x00, 0x00, 0x03, 0x00, 0x00, 0x00, 0x00, 0x0c, 0x0c, 0x30,
    0x00, 0x00, 0x00, 0x00, 0x00, 0x00, 0x00, 0x00, 0x00, 0x0c, 0x30, 0x00, 0x0c, 0x00, 0x00, 0x30,
    0x0c, 0x00, 0x03, 0x03, 0x00, 0x00, 0x03, 0x00, 0x33, 0x1d, 0x65, 0x88, 0x61, 0x30, 0xcc, 0x30,
    0xc3, 0x00, 0x00, 0xcc, 0x00, 0x00, 0x0c, 0x03, 0x0c, 0x00, 0x00, 0x0c, 0x00, 0x00, 0x00, 0x0c,
    0x00, 0x00, 0x00, 0x03, 0x00, 0xc0, 0x00, 0x00, 0x00, 0x03, 0x00, 0x00, 0x0c, 0x0c, 0x00, 0x00,
    0x00, 0x00, 0x00, 0x30, 0x00, 0x00, 0x00, 0x0c, 0x30, 0x00, 0x0c, 0x30, 0x00, 0x03, 0x00, 0x00,
    0x00, 0x03, 0x00, 0x00, 0x00, 0x00, 0x00, 0x00, 0x00, 0x00, 0x00, 0x00, 0x30, 0x03, 0x00, 0x00,
    0x00, 0x03, 0x00, 0x00, 0x00, 0x00, 0x00, 0x00, 0x00, 0x00, 0x00, 0x00, 0x00, 0x00, 0x00, 0x00,
    0x00, 0x0c, 0x30, 0x00, 0x30, 0x00, 0x00, 0x00, 0x00, 0x00, 0xc3, 0x00, 0x00, 0x00, 0x03, 0x0c,
    0x30, 0xc0, 0x00, 0x30, 0xc0, 0x30, 0x30, 0x00, 0xc0, 0x30, 0x00, 0x00, 0x00, 0x30, 0x30, 0x00,
    0x00, 0x66, 0x19, 0x9d, 0x96, 0x04, 0x00, 0x00, 0x00, 0x30, 0xc0, 0x00, 0x03, 0x00, 0xc0, 0x30,
    0x00, 0x00, 0x00, 0xc0, 0x03, 0x00, 0x03, 0x00, 0x30, 0xcc, 0x0c, 0x00, 0x0c, 0x00, 0x00, 0x00,
    0xc0, 0x30, 0x00, 0x00, 0xc0, 0x00, 0x00, 0x00, 0xc0, 0xc0, 0xc0, 0x00, 0x30, 0x00, 0x00, 0xc0,
    0x00, 0x00, 0xc0, 0x00, 0x03, 0x00, 0x00, 0x00, 0x03, 0x00, 0x00, 0x00, 0x00, 0xc0, 0x30, 0x30,
    0x00, 0x00, 0x00, 0xc3, 0x00, 0x00, 0x03, 0x00, 0xc0, 0xc0, 0x00, 0x03, 0x03, 0x00, 0x00, 0x00,
    0x00, 0x03, 0x00, 0x00, 0x00, 0x00, 0x00, 0x00, 0x0c, 0x00, 0x00, 0xc3, 0x00, 0xc0, 0x00, 0x00,
    0x30, 0x30, 0x00, 0x03, 0x0c, 0x30, 0x30, 0x00, 0x00, 0x00, 0x00, 0x00, 0x00, 0x00, 0x00, 0xc0,
    0x00, 0x00, 0xc0, 0x30, 0x03, 0x00, 0x00, 0x03, 0x00, 0x03, 0x67, 0x58, 0x61, 0xcc, 0xc3, 0x0c,
    0x30, 0x00, 0x0c, 0x03, 0x00, 0x0c, 0x00, 0x00, 0x00, 0x0c, 0x0c, 0x00, 0x00, 0x00, 0x30, 0x00,
    0x00, 0x00, 0xc0, 0x30, 0x00, 0x00, 0x0c, 0x0c, 0x00, 0x00, 0x00, 0x30, 0x00, 0x00, 0x00, 0x0c,
    0x00, 0x00, 0x00, 0x00, 0x00, 0x00, 0x30, 0x00, 0x03, 0x0c, 0x00, 0x03, 0x00, 0x00, 0x00, 0x00,
    0x30, 0x00, 0x00, 0xc3, 0x0c, 0x03, 0x00, 0x00, 0x0c, 0x03, 0x00, 0x00, 0x00, 0x00, 0x00, 0x00,
    0x00, 0x00, 0x00, 0xc0, 0x00, 0x00, 0xc0, 0x00, 0xc0, 0x00, 0x00, 0x0c, 0x0c, 0x00, 0x00, 0x00,
    0x00, 0x00, 0x00, 0x00, 0x00, 0x03, 0x0c, 0x30, 0x00, 0x00, 0x00, 0x00, 0x00, 0x00, 0x00, 0x00,
    0x00, 0x03, 0x0c, 0x00, 0x03, 0x03, 0x00, 0x00, 0x0c, 0x00, 0x03, 0x00, 0x30, 0x00, 0x00, 0xc0,
    0x00, 0x31, 0x99, 0x8d, 0x8c, 0x00, 0x00, 0x00, 0x03, 0x0c, 0x00, 0x30, 0x30, 0x00, 0x00, 0x00,
    0x30, 0x00, 0x00, 0x00, 0x00, 0x0c, 0x00, 0x03, 0x03, 0x00, 0x00, 0x00, 0xc0, 0x0c, 0x00, 0x00,
    0x03, 0x00, 0x03, 0x00, 0x00, 0x00, 0x00, 0x00, 0x00, 0x00, 0x00, 0x00, 0x00, 0xc3, 0x00, 0x00,
    0xc0, 0x00, 0x0c, 0x30, 0x00, 0xc3, 0x0c, 0x30, 0x00, 0x00, 0x30, 0x00, 0x00, 0x00, 0x00, 0x00,
    0xc0, 0x00, 0x00, 0x00, 0x00, 0x30, 0x30, 0x00, 0x00, 0x00, 0x00, 0x00, 0x00, 0x00, 0x00, 0xc0,
    0x00, 0xc0, 0x03, 0x00, 0x00, 0x00, 0x00, 0x00, 0x00, 0xc3, 0x0c, 0x00, 0x0c, 0x00, 0x00, 0x00,
    0x03, 0x00, 0x30, 0x30, 0x00, 0x03, 0x00, 0x30, 0xc3, 0x00, 0x00, 0x30, 0xc0, 0x00, 0x0c, 0x0c,
    0x00, 0x30, 0x00, 0x03, 0x00, 0x0c, 0x30, 0x00, 0x30, 0x00, 0x37, 0x64, 0x00, 0x30, 0xcc, 0xc3,
    0x00, 0x00, 0x30, 0x00, 0x00, 0xc0, 0x30, 0xc3, 0x00, 0xc0, 0x00, 0x00, 0xc0, 0x00, 0x00, 0x00,
    0x00, 0x0c, 0x0c, 0x0c, 0x03, 0x00, 0x00, 0x00, 0x00, 0x00, 0x00, 0x00, 0x00, 0xc0, 0x00, 0xc0,
    0x00, 0x00, 0x0c, 0x0c, 0x00, 0x00, 0x00, 0x00, 0x00, 0x00, 0xc0, 0x00, 0x30, 0x00, 0x00, 0x00,
    0x00, 0x0c, 0x00, 0x00, 0x00, 0x00, 0x0c, 0x30, 0x00, 0x00, 0x00, 0x00, 0x00, 0x00, 0x00, 0x0c,
    0x00, 0x00, 0x00, 0x00, 0x00, 0x00, 0x00, 0x00, 0x00, 0x00, 0x00, 0x00, 0x00, 0x03, 0x00, 0x10,
    0x0c, 0x00, 0x00, 0x30, 0xc0, 0x00, 0x00, 0x03, 0x00, 0x03, 0x00, 0x00, 0x30, 0x30, 0x03, 0x00,
    0x00, 0x00, 0x00, 0x00, 0x00, 0x30, 0x00, 0x00, 0x30, 0x00, 0xc0, 0x00, 0x00, 0xc0, 0x00, 0x03,
    0x00, 0xc0, 0xcd, 0xc3, 0x00, 0x00, 0x00, 0x00, 0x0c, 0x03, 0x00, 0xc0, 0x0c, 0x03, 0x00, 0x00,
    0x00, 0x00, 0xc0, 0x0c, 0x00, 0x00, 0x00, 0x30, 0x30, 0x00, 0xc0, 0xc0, 0x00, 0x00, 0x03, 0x00,
    0xc0, 0x03, 0x00, 0x00, 0x0c, 0x00, 0x30, 0x00, 0x00, 0x30, 0x00, 0x00, 0x0c, 0x00, 0x00, 0x00,
    0x00, 0xc0, 0x00, 0x03, 0x00, 0x00, 0x00, 0x03, 0x00, 0x00, 0x00, 0x00, 0x30, 0xc3, 0x00, 0x00,
    0x00, 0x30, 0x0c, 0x00, 0xc0, 0x00, 0x00, 0x00, 0x0c, 0x03, 0x00, 0x00, 0x00, 0x30, 0x00, 0x00,
    0x00, 0x00, 0x30, 0x00, 0x00, 0x30, 0x01, 0x00, 0x00, 0x00, 0x00, 0x00, 0x00, 0xc3, 0x0c, 0x30,
    0x00, 0x30, 0x00, 0x03, 0x00, 0x00, 0x00, 0x00, 0x00, 0x30, 0xc3, 0x00, 0x0c, 0x00, 0xc0, 0xc0,
    0x00, 0x00, 0x03, 0x00, 0x0c, 0x00, 0x00, 0xc0, 0x00, 0x00, 0x00, 0x00, 0x00, 0x0c, 0x00, 0x00,
    0xc0, 0x30, 0x00, 0x03, 0x00, 0x00, 0x00, 0x00, 0x00, 0x00, 0x00, 0xc0, 0x00, 0xc0, 0x03, 0x00,
    0x00, 0xc0, 0x00, 0x00, 0xc0, 0x30, 0xc0, 0x00, 0x00, 0x30, 0x00, 0x00, 0xc0, 0x00, 0x00, 0x00,
    0x03, 0x00, 0x00, 0x00, 0x00, 0x00, 0x03, 0x0c, 0x00, 0x00, 0x03, 0x00, 0x03, 0x0c, 0x30, 0xc0,
    0x0c, 0x00, 0x00, 0x0c, 0x00, 0x00, 0x00, 0x00, 0x0c, 0x00, 0x00, 0x0c, 0x00, 0xc0, 0x03, 0x00,
    0x00, 0x00, 0x03, 0x00, 0xc3, 0x00, 0x00, 0x00, 0x30, 0x00, 0x00, 0x00, 0xc0, 0x00, 0x00, 0x00,
    0x00, 0x30, 0xc3, 0x00, 0x00, 0x00, 0x00, 0x00, 0x30, 0x00, 0x03, 0x00, 0x00, 0x00, 0x30, 0x03,
    0x0c, 0x00, 0x00, 0x0c, 0x00, 0x00, 0x00, 0x03, 0x00, 0xc0, 0x30, 0x0c, 0x00, 0x00, 0xc0, 0x00,
    0x0c, 0x0c, 0x00, 0xc0, 0x0c, 0x00, 0x30, 0xc0, 0x00, 0x00, 0x30, 0x30, 0x00, 0xc0, 0x0c, 0x30,
    0xc3, 0x0c, 0x00, 0x00, 0x00, 0x00, 0x30, 0x00, 0x00, 0x00, 0x30, 0x0c, 0x03, 0x00, 0x00, 0x0c,
    0x00, 0x00, 0x0c, 0x0c, 0x00, 0x00, 0x00, 0x00, 0x30, 0x00, 0x00, 0xc0, 0x00, 0x03, 0x00, 0x00,
    0x0c, 0x00, 0x00, 0x00, 0x00, 0x00, 0x00, 0x00, 0x00, 0x30, 0x0c, 0x00, 0x00, 0x00, 0x0c, 0x0c,
    0x00, 0x00, 0xc0, 0x00, 0x00, 0x00, 0xc0, 0x00, 0xc0, 0x30, 0x00, 0x00, 0x00, 0x00, 0x0c, 0x03,
    0x00, 0x03, 0x00, 0x00, 0x00, 0x00, 0x00, 0xc0, 0x0c, 0x00, 0x00, 0x0c, 0x30, 0x00, 0x00, 0x00,
    0x00, 0x00, 0x30, 0x00, 0x0c, 0x30, 0x00, 0x30, 0x00, 0x00, 0x00, 0x00, 0x00, 0xc0, 0x0c, 0x00,
    0x0c, 0x03, 0x00, 0x00, 0x30, 0x0c, 0x00, 0x0c, 0x00, 0x00, 0x30, 0x00, 0xc0, 0x03, 0x00, 0x0c,
    0x0c, 0x0c, 0x00, 0x00, 0x30, 0x03, 0x00, 0x00, 0x00, 0x00, 0x0c, 0x00, 0x0c, 0x00, 0x00, 0x00,
    0x0c, 0x0c, 0x00, 0xc0, 0x00, 0x00, 0x00, 0xc0, 0x0c, 0x00, 0x00, 0x00, 0x00, 0x0c, 0x00, 0x00,
    0x00, 0x00, 0xc0, 0x00, 0x00, 0x30, 0x00, 0x00, 0x00, 0x03, 0x00, 0x00, 0x30, 0x00, 0x00, 0x0c,
    0x03, 0x00, 0xc0, 0x00, 0x00, 0x00, 0xc0, 0x00, 0x00, 0x30, 0x00, 0xc0, 0x00, 0x00, 0x00, 0x00,
    0x00, 0x00, 0x00, 0x00, 0x00, 0x00, 0x00, 0x00, 0x00, 0x00, 0x00, 0x0c, 0x00, 0xc0, 0x0c, 0x00,
    0x00, 0x00, 0x00, 0x00, 0x00, 0xc3, 0x0c, 0x30, 0x03, 0x03, 0x00, 0x0c, 0x00, 0x00, 0x03, 0x00,
    0x00, 0x30, 0xc3, 0x00, 0xc0, 0x03, 0x00, 0x00, 0x00, 0x00, 0x00, 0xc0, 0x00, 0x00, 0x0c, 0x00,
    0x00, 0x00, 0x00, 0x00, 0x00, 0x30, 0x00, 0x00, 0x00, 0xc0, 0x0c, 0x03, 0x00, 0x00, 0x00, 0x00,
    0x00, 0x00, 0x00, 0x00, 0x00, 0x03, 0x00, 0x00, 0x00, 0x00, 0x0c, 0x00, 0xc0, 0x30, 0x30, 0x00,
    0x00, 0x00, 0xc0, 0x00, 0x00, 0x00, 0x00, 0x00, 0x00, 0x00, 0x00, 0x00, 0xc0, 0x00, 0x00, 0x00,
    0xc0, 0x30, 0x00, 0xc3, 0x00, 0x03, 0x03, 0x00, 0x30, 0x00, 0x00, 0x30, 0x00, 0x30, 0x00, 0x00,
    0xc3, 0x00, 0x00, 0x00, 0x0c, 0x00, 0x00, 0x0c, 0x00, 0x00, 0x30, 0x30, 0x00, 0x00, 0x00, 0x00,
    0x00, 0x00, 0x00, 0x00, 0x00, 0x00, 0x00, 0x00, 0x00, 0xc3, 0x0c, 0x00, 0x00, 0x00, 0x00, 0x00,
    0xc0, 0x00, 0x00, 0x00, 0x00, 0x03, 0x00, 0x00, 0x30, 0x00, 0x00, 0x0c, 0x03, 0x00, 0x00, 0xc3,
    0x00, 0x30, 0x0c, 0x03, 0x03, 0x00, 0x00, 0x00, 0xc3, 0x0c, 0x00, 0x30, 0x00, 0x00, 0x0c, 0xc0,
    0xc0, 0x00, 0xc0, 0x30, 0x00, 0xc0, 0x30, 0xc3, 0x03, 0x03, 0x00, 0x0c, 0x00, 0x00, 0x00, 0x03,
    0x00, 0x00, 0xc0, 0x00, 0x03, 0x00, 0x00, 0x00, 0xc0, 0x0c, 0x00, 0x30, 0x0c, 0x00, 0x0c, 0x0c,
    0x00, 0x00, 0x00, 0x0c, 0x00, 0x00, 0x03, 0x0c, 0x00, 0x00, 0x0c, 0x00, 0x00, 0x30, 0x00, 0x00,
    0x00, 0x00, 0x00, 0x00, 0x30, 0x00, 0x00, 0x30, 0x00, 0x00, 0xc0, 0x03, 0x00, 0x00, 0x00, 0x00,
    0x00, 0xc0, 0x00, 0x00, 0x30, 0x03, 0x00, 0x30, 0x00, 0x30, 0x00, 0x00, 0x00, 0x00, 0xc0, 0x00,
    0x0c, 0x00, 0x00, 0x30, 0xc0, 0x00, 0x00, 0x00, 0x00, 0x30, 0x03, 0x00, 0xc3, 0x00, 0x0c, 0x03,
    0x00, 0x00, 0x00, 0x00, 0x00, 0x00, 0x30, 0x00, 0x0c, 0x00, 0xc0, 0x00, 0x00, 0x0c, 0x00, 0xc0,
    0x00, 0x00, 0x0c, 0x00, 0x03, 0x00, 0xc0, 0x00, 0x00, 0x0c, 0x00, 0x00, 0x0c, 0x03, 0x00, 0x00,
    0x00, 0x00, 0x00, 0xc0, 0x00, 0x30, 0x00, 0x00, 0x00, 0x30, 0x00, 0x30, 0x30, 0x03, 0x00, 0x0c,
    0x00, 0xc0, 0x00, 0x00, 0x00, 0x03, 0x00, 0x00, 0x00, 0x0c, 0x03, 0x00, 0x00, 0x00, 0x30, 0x00,
    0x00, 0x00, 0x00, 0x00, 0x00, 0x00, 0x00, 0x00, 0x00, 0x03, 0x03, 0x00, 0x00, 0x00, 0x00, 0x00,
    0x00, 0x0c, 0x03, 0x00, 0x00, 0x30, 0xc0, 0x00, 0x00, 0x00, 0x00, 0x00, 0x00, 0x30, 0x00, 0x00,
    0x03, 0x00, 0x03, 0x00, 0x00, 0x00, 0x00, 0x00, 0x00, 0x00, 0x03, 0x00, 0x03, 0x0c, 0x30, 0xc3,
    0x03, 0x00, 0xc0, 0x0c, 0x00, 0x0c, 0x00, 0x30, 0x03, 0x0c, 0x30, 0xc0, 0x30, 0x30, 0x00, 0x00,
    0x00, 0x00, 0x00, 0x00, 0x30, 0x00, 0x30, 0x03, 0x00, 0x00, 0xc0, 0x00, 0x30, 0x00, 0x00, 0x30,
    0x30, 0xc0, 0x0c, 0x03, 0x00, 0x00, 0x00, 0x00, 0x30, 0x00, 0x0c, 0x00, 0x30, 0x00, 0x00, 0xc0,
    0x00, 0x00, 0x03, 0x00, 0x00, 0x00, 0x03, 0x00, 0x00, 0x00, 0x03, 0x00, 0x00, 0x30, 0x00, 0x00,
    0x03, 0x00, 0x00, 0x00, 0x03, 0x00, 0x00, 0x00, 0x03, 0x03, 0x00, 0x00, 0xc0, 0x00, 0x00, 0x0c,
    0x00, 0x30, 0x00, 0x03, 0x00, 0xc0, 0x03, 0x00, 0x03, 0x00, 0x00, 0x00, 0x03, 0x00, 0x03, 0x00,
    0x0c, 0x00, 0xc0, 0x03, 0x00, 0x00, 0x03, 0x00, 0x00, 0x00, 0x00, 0x00, 0x30, 0x10, 0x00, 0x00,
    0x00, 0x0c, 0x30, 0x00, 0x00, 0x00, 0x00, 0x00, 0x00, 0x00, 0x00, 0x00, 0x00, 0x00, 0x00, 0x00,
    0x00, 0x00, 0x00, 0x03, 0x00, 0x00, 0xc0, 0xc3, 0x00, 0x30, 0x00, 0xc3, 0x00, 0x00, 0x00, 0x00,
    0x03, 0x0c, 0x00, 0x03, 0x00, 0x00, 0x03, 0x03, 0x00, 0x00, 0x00, 0x30, 0x00, 0x30, 0x0c, 0x30,
    0x00, 0x30, 0x00, 0x00, 0x00, 0x00, 0x0c, 0x00, 0x03, 0x00, 0x30, 0x03, 0x03, 0x0c, 0x00, 0x00,
    0x00, 0x00, 0x00, 0x00, 0xc0, 0x00, 0x00, 0x00, 0x00, 0x00, 0x00, 0x00, 0x30, 0x00, 0x00, 0x00,
    0x00, 0x00, 0x00, 0xc0, 0x03, 0x03, 0x0c, 0x00, 0x0c, 0x00, 0x00, 0x00, 0x00, 0x00, 0xc0, 0x00,
    0x30, 0x00, 0x00, 0x30, 0xc0, 0x00, 0x00, 0x03, 0x00, 0x00, 0x00, 0xc0, 0x00, 0x00, 0x00, 0x00,
    0x00, 0x00, 0x00, 0x00, 0x00, 0x00, 0x00, 0x30, 0x0c, 0x00, 0x00, 0x0c, 0x30, 0x00, 0x0c, 0x00,
    0xc0, 0x30, 0x0c, 0x00, 0x30, 0xc0, 0xc3, 0x00, 0x30, 0x00, 0x00, 0x00, 0x03, 0x00, 0x00, 0x00,
    0x0c, 0x00, 0x30, 0x00, 0x00, 0xc3, 0x00, 0xc0, 0x30, 0x00, 0x00, 0x30, 0x00, 0x0c, 0x30, 0x00,
    0x00, 0x03, 0x00, 0x00, 0x0c, 0x00, 0x00, 0x00, 0x03, 0x00, 0xc0, 0x00, 0x00, 0x00, 0xc0, 0x00,
    0x00, 0x00, 0x00, 0x00, 0x00, 0x00, 0x30, 0x00, 0xc3, 0x00, 0xc0, 0x00, 0x03, 0x00, 0x00, 0x00,
    0xc0, 0x00, 0x00, 0x00, 0x00, 0x0c, 0x00, 0x00, 0xc0, 0x00, 0x0c, 0x00, 0x00, 0x00, 0x00, 0x00,
    0x00, 0x00, 0x00, 0x00, 0x00, 0x00, 0x00, 0x00, 0x00, 0x00, 0x30, 0x00, 0x00, 0x03, 0x00, 0x30,
    0x00, 0x00, 0x00, 0x00, 0x00, 0x00, 0x00, 0x00, 0xc0, 0x00, 0x30, 0x00, 0x00, 0x00, 0x03, 0x00,
    0x00, 0x00, 0x00, 0xc0, 0x00, 0xc3, 0x00, 0x30, 0x03, 0x00, 0xc0, 0x30, 0x00, 0x00, 0x00, 0x03,
    0x00, 0xc3, 0x0c, 0x30, 0x00, 0x0c, 0x0c, 0x00, 0x00, 0x03, 0x00, 0x00, 0x0c, 0x00, 0x0c, 0x03,
    0x00, 0x00, 0x03, 0x00, 0x00, 0x00, 0x00, 0x0c, 0x0c, 0x30, 0x0c, 0x00, 0xc0, 0x03, 0x00, 0x03,
    0x00, 0x00, 0x00, 0x0c, 0x03, 0x00, 0x00, 0x00, 0xc0, 0x00, 0x00, 0xc0, 0xc0, 0x03, 0x00, 0xc0,
    0x00, 0x0c, 0x00, 0x30, 0x00, 0x00, 0x0c, 0x0c, 0x00, 0x00, 0x30, 0x0c, 0x00, 0x00, 0x00, 0x0c,
    0x00, 0x00, 0x00, 0x00, 0xc0, 0x30, 0x00, 0xc3, 0x00, 0x00, 0x0c, 0x00, 0x0c, 0x00, 0x00, 0x00,
    0x00, 0x00, 0x00, 0x00, 0x03, 0x00, 0x0c, 0x00, 0x00, 0x0c, 0x00, 0x00, 0x0c, 0x0c, 0x0c, 0x00,
    0x00, 0x03, 0x00, 0x0c, 0x00, 0x30, 0x30, 0x00, 0x00, 0xc3, 0x0c, 0x00, 0x0c, 0x00, 0x00, 0x00,
    0x00, 0x00, 0x00, 0x00, 0xc0, 0x0c, 0x00, 0x30, 0x00, 0x00, 0x00, 0x00, 0xc0, 0x00, 0x00, 0x30,
    0xc0, 0xc0, 0x00, 0xc3, 0x00, 0x00, 0x00, 0x00, 0x00, 0x03, 0x00, 0x00, 0x03, 0x00, 0x00, 0xc0,
    0x00, 0x00, 0x00, 0x30, 0x00, 0x30, 0x03, 0x00, 0x00, 0x00, 0x00, 0xc0, 0x00, 0x00, 0x00, 0x00,
    0x00, 0x03, 0x00, 0x00, 0x03, 0x30, 0x00, 0x00, 0x00, 0x00, 0x00, 0x00, 0x00, 0x03, 0x00, 0x00,
    0x00, 0x03, 0x00, 0x00, 0x00, 0x00, 0x30, 0x00, 0x00, 0x30, 0x00, 0x00, 0x00, 0x00, 0x30, 0x00,
    0x00, 0xc0, 0xc0, 0x0c, 0x00, 0x0c, 0x00, 0x30, 0x00, 0x0c, 0x00, 0x30, 0x30, 0x00, 0x00, 0x00,
    0x0c, 0x00, 0x00, 0x00, 0x00, 0x00, 0x00, 0x00, 0x00, 0xc0, 0x00, 0x00, 0x03, 0x00, 0x00, 0x00,
    0x0c, 0x00, 0x00, 0x03, 0x00, 0x00, 0xc3, 0x03, 0x0c, 0x0c, 0x03, 0x00, 0x03, 0x00, 0x30, 0x00,
    0x00, 0x00, 0x00, 0x00, 0x03, 0x00, 0xc0, 0x00, 0x00, 0x00, 0x0c, 0x00, 0x00, 0x30, 0xc0, 0x30,
    0x03, 0x00, 0x00, 0x00, 0x00, 0x03, 0x00, 0x00, 0xc0, 0x00, 0xc0, 0x00, 0x03, 0x00, 0x00, 0x00,
    0x30, 0x30, 0x30, 0x00, 0x00, 0x0c, 0x00, 0x00, 0x00, 0x00, 0x00, 0x0c, 0x00, 0x00, 0x0c, 0x0c,
    0x30, 0x00, 0x0c, 0x00, 0xc0, 0xc0, 0x00, 0x00, 0x00, 0x30, 0x00, 0x00, 0x03, 0x03, 0x00, 0x00,
    0x00, 0x00, 0x30, 0x0c, 0x00, 0x00, 0x00, 0x00, 0x30, 0x00, 0x00, 0x00, 0x00, 0x00, 0x0c, 0x00,
    0x30, 0x00, 0x00, 0x00, 0x00, 0x0c, 0x00, 0x0c, 0x00, 0x00, 0x30, 0x30, 0x00, 0x00, 0x00, 0x0c,
    0x00, 0x00, 0x00, 0x00, 0x00, 0x00, 0x00, 0x00, 0x00, 0x00, 0xc0, 0x30, 0x00, 0xc0, 0x00, 0x00,
    0x00, 0x00, 0x00, 0x0c, 0x00, 0x00, 0x00, 0x00, 0xc3, 0x0c, 0x30, 0xc0, 0x30, 0x0c, 0x03, 0x00,
    0x0c, 0x03, 0x00, 0x00, 0x0c, 0x00, 0x00, 0x00, 0x30, 0x00, 0x30, 0x00, 0xc0, 0x00, 0x0c, 0x0c,
    0x03, 0x0c, 0x00, 0x03, 0x00, 0x00, 0xc0, 0x30, 0x00, 0x00, 0x00, 0x00, 0x30, 0x00, 0x00, 0xc0,
    0x00, 0xc0, 0x0c, 0x00, 0x30, 0x03, 0x00, 0x00, 0x00, 0xc0, 0xc0, 0x00, 0x00, 0x00, 0x00, 0x00,
    0x00, 0x00, 0x00, 0x00, 0x30, 0x00, 0x00, 0xc0, 0x00, 0x00, 0x00, 0x00, 0x03, 0x00, 0x00, 0x0c,
    0x00, 0x00, 0x00, 0xc0, 0x00, 0x00, 0x00, 0x00, 0x00, 0x00, 0x03, 0x00, 0x00, 0x00, 0x30, 0xc0,
    0x00, 0xc0, 0x00, 0x00, 0x00, 0x00, 0xc0, 0x00, 0x00, 0x00, 0x00, 0x00, 0x00, 0x00, 0x00, 0x00,
};
#endif
